scheme	class	recall	ovr_mcc	baseline_recall	prevalence
2class	benign	0.9974443227455275	0.7935748694743149	0.99162710488943	0.9890467019740009
2class	pathogenic	0.8131868131868132	0.7935748694743149	0.012982456140350878	0.010953298025999036
3class	benign	0.9535110137519776	0.43163573446130643	0.9828890685693047	0.9754273504273504
3class	vus	0.4827586206896552	0.23306504213225795	0.013768115942028985	0.013770180436847104
3class	pathogenic	0.8131868131868132	0.750574101463756	0.0	0.010802469135802469
4class	benign	0.9372033588901059	0.446409846529164	0.9821346329558565	0.9754273504273504
4class	vus_low	0.6493506493506493	0.24343873968733346	0.0026666666666666666	0.009140550807217474
4class	vus_high	0.28205128205128205	0.17587737805542586	0.0	0.004629629629629629
4class	pathogenic	0.8461538461538461	0.7598848867945333	0.015321637426900583	0.010802469135802469
