variant_id	position	reference	alternate	analysis_group	rf_cohort	isolation_forest_outlier_score	isolation_forest_above_T95	spectrum_group_primary_T95_preview	mlc_score	rarity_soft	hom_rarity_soft	het_rarity_soft	no_homoplasmic_signal	codon_pos1_any	codon_pos2_any	codon_pos3_any	phyloP100way	current_all_9__rf_score_mean	current_all_9__rf_score_sd	current_all_9__rf_score_q025	current_all_9__rf_score_q975	current_all_9__rf_margin_mean	current_all_9__rf_call_fraction	current_all_9__rf_majority_pathogenic_like	current_all_9__rf_consensus_class	current_all_9__rf_score_percentile_within_application	without_phyloP__rf_score_mean	without_phyloP__rf_score_sd	without_phyloP__rf_score_q025	without_phyloP__rf_score_q975	without_phyloP__rf_margin_mean	without_phyloP__rf_call_fraction	without_phyloP__rf_majority_pathogenic_like	without_phyloP__rf_consensus_class	without_phyloP__rf_score_percentile_within_application	rf_panel_call_agreement	hybrid_if_rf_class
m.6090T>A	6090	T	A	unlabeled_or_other	unlabeled	0.1553578948383296	1	unlabeled_out_of_neutral_domain_T95	0.82854	6.0	6.0	6.0	1	1	0	0	5.89446	0.9919144	0.00558019	0.98051554	0.9982068	0.9830862	1.0	True	pathogenic_like_high_consensus	0.997883201083801	0.5348514	0.22285497	0.048091743	0.7232278	0.4877473	1.0	True	pathogenic_like_high_consensus	0.8284667118250435	both_pathogenic_like	outside_domain__rf_pathogenic_like
m.6090T>G	6090	T	G	unlabeled_or_other	unlabeled	0.1553578948383296	1	unlabeled_out_of_neutral_domain_T95	0.82854	6.0	6.0	6.0	1	1	0	0	5.89446	0.9919144	0.00558019	0.98051554	0.9982068	0.9830862	1.0	True	pathogenic_like_high_consensus	0.997883201083801	0.5348514	0.22285497	0.048091743	0.7232278	0.4877473	1.0	True	pathogenic_like_high_consensus	0.8284667118250435	both_pathogenic_like	outside_domain__rf_pathogenic_like
m.9783T>A	9783	T	A	unlabeled_or_other	unlabeled	0.1553578948383296	1	unlabeled_out_of_neutral_domain_T95	0.82872	6.0	6.0	6.0	1	1	0	0	5.89796	0.9919144	0.00558019	0.98051554	0.9982068	0.9830862	1.0	True	pathogenic_like_high_consensus	0.997883201083801	0.5348917	0.2228813	0.048091743	0.72382057	0.4877876	1.0	True	pathogenic_like_high_consensus	0.8285755757693052	both_pathogenic_like	outside_domain__rf_pathogenic_like
m.9783T>G	9783	T	G	unlabeled_or_other	unlabeled	0.1553578948383296	1	unlabeled_out_of_neutral_domain_T95	0.82872	6.0	6.0	6.0	1	1	0	0	5.89796	0.9919144	0.00558019	0.98051554	0.9982068	0.9830862	1.0	True	pathogenic_like_high_consensus	0.997883201083801	0.5348917	0.2228813	0.048091743	0.72382057	0.4877876	1.0	True	pathogenic_like_high_consensus	0.8285755757693052	both_pathogenic_like	outside_domain__rf_pathogenic_like
m.11225G>A	11225	G	A	unlabeled_or_other	unlabeled	0.1553578948383296	1	unlabeled_out_of_neutral_domain_T95	0.82902	6.0	6.0	6.0	1	1	0	0	5.89796	0.9919144	0.00558019	0.98051554	0.9982068	0.9830862	1.0	True	pathogenic_like_high_consensus	0.997883201083801	0.5352871	0.22310512	0.048091743	0.72382057	0.48818293	1.0	True	pathogenic_like_high_consensus	0.8289868395587382	both_pathogenic_like	outside_domain__rf_pathogenic_like
m.11225G>C	11225	G	C	unlabeled_or_other	unlabeled	0.1553578948383296	1	unlabeled_out_of_neutral_domain_T95	0.82902	6.0	6.0	6.0	1	1	0	0	5.89796	0.9919144	0.00558019	0.98051554	0.9982068	0.9830862	1.0	True	pathogenic_like_high_consensus	0.997883201083801	0.5352871	0.22310512	0.048091743	0.72382057	0.48818293	1.0	True	pathogenic_like_high_consensus	0.8289868395587382	both_pathogenic_like	outside_domain__rf_pathogenic_like
m.11225G>T	11225	G	T	unlabeled_or_other	unlabeled	0.1553578948383296	1	unlabeled_out_of_neutral_domain_T95	0.82902	6.0	6.0	6.0	1	1	0	0	5.89796	0.9919144	0.00558019	0.98051554	0.9982068	0.9830862	1.0	True	pathogenic_like_high_consensus	0.997883201083801	0.5352871	0.22310512	0.048091743	0.72382057	0.48818293	1.0	True	pathogenic_like_high_consensus	0.8289868395587382	both_pathogenic_like	outside_domain__rf_pathogenic_like
m.5690A>C	5690	A	C	unlabeled_or_other	unlabeled	0.1553578948383296	1	unlabeled_out_of_neutral_domain_T95	0.83029	6.0	6.0	6.0	1	1	0	0	5.89446	0.9919143	0.0055798828	0.98051554	0.9982068	0.9830862	1.0	True	pathogenic_like_high_consensus	0.997725953164312	0.5416428	0.22272685	0.05169633	0.74794155	0.4945387	1.0	True	pathogenic_like_high_consensus	0.8339461970195471	both_pathogenic_like	outside_domain__rf_pathogenic_like
m.5690A>T	5690	A	T	unlabeled_or_other	unlabeled	0.1553578948383296	1	unlabeled_out_of_neutral_domain_T95	0.83029	6.0	6.0	6.0	1	1	0	0	5.89446	0.9919143	0.0055798828	0.98051554	0.9982068	0.9830862	1.0	True	pathogenic_like_high_consensus	0.997725953164312	0.5416428	0.22272685	0.05169633	0.74794155	0.4945387	1.0	True	pathogenic_like_high_consensus	0.8339461970195471	both_pathogenic_like	outside_domain__rf_pathogenic_like
m.8099A>C	8099	A	C	unlabeled_or_other	unlabeled	0.1553578948383296	1	unlabeled_out_of_neutral_domain_T95	0.83116	6.0	6.0	6.0	1	1	0	0	5.89796	0.9919143	0.0055798828	0.98051554	0.9982068	0.9830862	1.0	True	pathogenic_like_high_consensus	0.997725953164312	0.5416428	0.22272685	0.05169633	0.74794155	0.4945387	1.0	True	pathogenic_like_high_consensus	0.8339461970195471	both_pathogenic_like	outside_domain__rf_pathogenic_like
m.8099A>G	8099	A	G	unlabeled_or_other	unlabeled	0.1553578948383296	1	unlabeled_out_of_neutral_domain_T95	0.83116	6.0	6.0	6.0	1	1	0	0	5.89796	0.9919143	0.0055798828	0.98051554	0.9982068	0.9830862	1.0	True	pathogenic_like_high_consensus	0.997725953164312	0.5416428	0.22272685	0.05169633	0.74794155	0.4945387	1.0	True	pathogenic_like_high_consensus	0.8339461970195471	both_pathogenic_like	outside_domain__rf_pathogenic_like
m.8099A>T	8099	A	T	unlabeled_or_other	unlabeled	0.1553578948383296	1	unlabeled_out_of_neutral_domain_T95	0.83116	6.0	6.0	6.0	1	1	0	0	5.89796	0.9919143	0.0055798828	0.98051554	0.9982068	0.9830862	1.0	True	pathogenic_like_high_consensus	0.997725953164312	0.5416428	0.22272685	0.05169633	0.74794155	0.4945387	1.0	True	pathogenic_like_high_consensus	0.8339461970195471	both_pathogenic_like	outside_domain__rf_pathogenic_like
m.4269A>C	4269	A	C	unlabeled_or_other	unlabeled	0.1553578948383296	1	unlabeled_out_of_neutral_domain_T95	0.83152	6.0	6.0	6.0	1	1	0	0	5.85688	0.99187857	0.005651391	0.9799404	0.9982068	0.9830505	1.0	True	pathogenic_like_high_consensus	0.9975687052448229	0.5416428	0.22272685	0.05169633	0.74794155	0.4945387	1.0	True	pathogenic_like_high_consensus	0.8339461970195471	both_pathogenic_like	outside_domain__rf_pathogenic_like
m.4269A>T	4269	A	T	unlabeled_or_other	unlabeled	0.1553578948383296	1	unlabeled_out_of_neutral_domain_T95	0.83152	6.0	6.0	6.0	1	1	0	0	5.85688	0.99187857	0.005651391	0.9799404	0.9982068	0.9830505	1.0	True	pathogenic_like_high_consensus	0.9975687052448229	0.5416428	0.22272685	0.05169633	0.74794155	0.4945387	1.0	True	pathogenic_like_high_consensus	0.8339461970195471	both_pathogenic_like	outside_domain__rf_pathogenic_like
m.3982G>C	3982	G	C	unlabeled_or_other	unlabeled	0.1561565121694433	1	unlabeled_out_of_neutral_domain_T95	0.82911	6.0	6.0	6.0	1	1	0	0	6.26138	0.9917598	0.005693303	0.97924095	0.99838936	0.98293185	1.0	True	pathogenic_like_high_consensus	0.9972784013934585	0.5351691	0.22299016	0.048091743	0.72303957	0.48806503	1.0	True	pathogenic_like_high_consensus	0.8289263595897038	both_pathogenic_like	outside_domain__rf_pathogenic_like
m.3982G>T	3982	G	T	unlabeled_or_other	unlabeled	0.1561565121694433	1	unlabeled_out_of_neutral_domain_T95	0.82911	6.0	6.0	6.0	1	1	0	0	6.26138	0.9917598	0.005693303	0.97924095	0.99838936	0.98293185	1.0	True	pathogenic_like_high_consensus	0.9972784013934585	0.5351691	0.22299016	0.048091743	0.72303957	0.48806503	1.0	True	pathogenic_like_high_consensus	0.8289263595897038	both_pathogenic_like	outside_domain__rf_pathogenic_like
m.6387A>C	6387	A	C	unlabeled_or_other	unlabeled	0.1578350305333551	1	unlabeled_out_of_neutral_domain_T95	0.81855	6.0	6.0	6.0	1	1	0	0	7.06454	0.9915449	0.004822074	0.98046017	0.99701065	0.9827168	1.0	True	pathogenic_like_high_consensus	0.9972179214244242	0.3721179	0.19880205	0.048872363	0.71688735	0.32501382	1.0	True	pathogenic_like_high_consensus	0.7085228372363074	both_pathogenic_like	outside_domain__rf_pathogenic_like
m.6387A>G	6387	A	G	unlabeled_or_other	unlabeled	0.1578350305333551	1	unlabeled_out_of_neutral_domain_T95	0.81855	6.0	6.0	6.0	1	1	0	0	7.06454	0.9915449	0.004822074	0.98046017	0.99701065	0.9827168	1.0	True	pathogenic_like_high_consensus	0.9972179214244242	0.3721179	0.19880205	0.048872363	0.71688735	0.32501382	1.0	True	pathogenic_like_high_consensus	0.7085228372363074	both_pathogenic_like	outside_domain__rf_pathogenic_like
m.6387A>T	6387	A	T	unlabeled_or_other	unlabeled	0.1578350305333551	1	unlabeled_out_of_neutral_domain_T95	0.81855	6.0	6.0	6.0	1	1	0	0	7.06454	0.9915449	0.004822074	0.98046017	0.99701065	0.9827168	1.0	True	pathogenic_like_high_consensus	0.9972179214244242	0.3721179	0.19880205	0.048872363	0.71688735	0.32501382	1.0	True	pathogenic_like_high_consensus	0.7085228372363074	both_pathogenic_like	outside_domain__rf_pathogenic_like
m.11000C>A	11000	C	A	unlabeled_or_other	unlabeled	0.1593085127584566	1	unlabeled_out_of_neutral_domain_T95	0.82491	6.0	6.0	6.0	1	1	0	0	7.29785	0.9914755	0.0046410454	0.9808749	0.997065	0.98264754	1.0	True	pathogenic_like_high_consensus	0.99715744145539	0.37732342	0.19671111	0.048091743	0.7172787	0.3302193	1.0	True	pathogenic_like_high_consensus	0.7133370427714341	both_pathogenic_like	outside_domain__rf_pathogenic_like
m.11000C>G	11000	C	G	unlabeled_or_other	unlabeled	0.1593085127584566	1	unlabeled_out_of_neutral_domain_T95	0.82491	6.0	6.0	6.0	1	1	0	0	7.29785	0.9914755	0.0046410454	0.9808749	0.997065	0.98264754	1.0	True	pathogenic_like_high_consensus	0.99715744145539	0.37732342	0.19671111	0.048091743	0.7172787	0.3302193	1.0	True	pathogenic_like_high_consensus	0.7133370427714341	both_pathogenic_like	outside_domain__rf_pathogenic_like
m.14713A>C	14713	A	C	unlabeled_or_other	unlabeled	0.156619035848606	1	unlabeled_out_of_neutral_domain_T95	0.83179	6.0	6.0	6.0	1	1	0	0	6.50705	0.99140906	0.0057130344	0.97880274	0.997982	0.9825811	1.0	True	pathogenic_like_high_consensus	0.9971090574801625	0.5416428	0.22272685	0.05169633	0.74794155	0.4945387	1.0	True	pathogenic_like_high_consensus	0.8339461970195471	both_pathogenic_like	outside_domain__rf_pathogenic_like
m.14713A>T	14713	A	T	unlabeled_or_other	unlabeled	0.156619035848606	1	unlabeled_out_of_neutral_domain_T95	0.83179	6.0	6.0	6.0	1	1	0	0	6.50705	0.99140906	0.0057130344	0.97880274	0.997982	0.9825811	1.0	True	pathogenic_like_high_consensus	0.9971090574801625	0.5416428	0.22272685	0.05169633	0.74794155	0.4945387	1.0	True	pathogenic_like_high_consensus	0.8339461970195471	both_pathogenic_like	outside_domain__rf_pathogenic_like
m.3928G>C	3928	G	C	unlabeled_or_other	unlabeled	0.1593085127584566	1	unlabeled_out_of_neutral_domain_T95	0.82872	6.0	6.0	6.0	1	1	0	0	7.42339	0.99126846	0.0046335654	0.98042613	0.9966522	0.9824405	1.0	True	pathogenic_like_high_consensus	0.9967945616411844	0.5348917	0.2228813	0.048091743	0.72382057	0.4877876	1.0	True	pathogenic_like_high_consensus	0.8285755757693052	both_pathogenic_like	outside_domain__rf_pathogenic_like
m.3928G>T	3928	G	T	unlabeled_or_other	unlabeled	0.1593085127584566	1	unlabeled_out_of_neutral_domain_T95	0.82872	6.0	6.0	6.0	1	1	0	0	7.42339	0.99126846	0.0046335654	0.98042613	0.9966522	0.9824405	1.0	True	pathogenic_like_high_consensus	0.9967945616411844	0.5348917	0.2228813	0.048091743	0.72382057	0.4877876	1.0	True	pathogenic_like_high_consensus	0.8285755757693052	both_pathogenic_like	outside_domain__rf_pathogenic_like
m.5994A>C	5994	A	C	unlabeled_or_other	unlabeled	0.1549742816668656	1	unlabeled_out_of_neutral_domain_T95	0.8171	6.0	6.0	6.0	1	1	0	0	5.89446	0.9912094	0.0055163526	0.9801301	0.9978194	0.98238146	1.0	True	pathogenic_like_high_consensus	0.9967461776659571	0.3721179	0.19880205	0.048872363	0.71688735	0.32501382	1.0	True	pathogenic_like_high_consensus	0.7085228372363074	both_pathogenic_like	outside_domain__rf_pathogenic_like
m.5994A>T	5994	A	T	unlabeled_or_other	unlabeled	0.1549742816668656	1	unlabeled_out_of_neutral_domain_T95	0.8171	6.0	6.0	6.0	1	1	0	0	5.89446	0.9912094	0.0055163526	0.9801301	0.9978194	0.98238146	1.0	True	pathogenic_like_high_consensus	0.9967461776659571	0.3721179	0.19880205	0.048872363	0.71688735	0.32501382	1.0	True	pathogenic_like_high_consensus	0.7085228372363074	both_pathogenic_like	outside_domain__rf_pathogenic_like
m.5016T>A	5016	T	A	unlabeled_or_other	unlabeled	0.1549742816668656	1	unlabeled_out_of_neutral_domain_T95	0.81683	6.0	6.0	6.0	1	1	0	0	5.85688	0.99117416	0.0055806944	0.9795504	0.9978439	0.98234606	1.0	True	pathogenic_like_high_consensus	0.9966856976969228	0.3721179	0.19880205	0.048872363	0.71688735	0.32501382	1.0	True	pathogenic_like_high_consensus	0.7085228372363074	both_pathogenic_like	outside_domain__rf_pathogenic_like
m.5016T>C	5016	T	C	unlabeled_or_other	unlabeled	0.1549742816668656	1	unlabeled_out_of_neutral_domain_T95	0.81683	6.0	6.0	6.0	1	1	0	0	5.85688	0.99117416	0.0055806944	0.9795504	0.9978439	0.98234606	1.0	True	pathogenic_like_high_consensus	0.9966856976969228	0.3721179	0.19880205	0.048872363	0.71688735	0.32501382	1.0	True	pathogenic_like_high_consensus	0.7085228372363074	both_pathogenic_like	outside_domain__rf_pathogenic_like
m.5016T>G	5016	T	G	unlabeled_or_other	unlabeled	0.1549742816668656	1	unlabeled_out_of_neutral_domain_T95	0.81683	6.0	6.0	6.0	1	1	0	0	5.85688	0.99117416	0.0055806944	0.9795504	0.9978439	0.98234606	1.0	True	pathogenic_like_high_consensus	0.9966856976969228	0.3721179	0.19880205	0.048872363	0.71688735	0.32501382	1.0	True	pathogenic_like_high_consensus	0.7085228372363074	both_pathogenic_like	outside_domain__rf_pathogenic_like
m.4441A>C	4441	A	C	unlabeled_or_other	unlabeled	0.1555352813139481	1	unlabeled_out_of_neutral_domain_T95	0.81936	6.0	6.0	6.0	1	1	0	0	5.85688	0.99117297	0.0055810004	0.9795504	0.9978439	0.9823448	1.0	True	pathogenic_like_high_consensus	0.9966252177278885	0.3721179	0.19880205	0.048872363	0.71688735	0.32501382	1.0	True	pathogenic_like_high_consensus	0.7085228372363074	both_pathogenic_like	outside_domain__rf_pathogenic_like
m.4441A>T	4441	A	T	unlabeled_or_other	unlabeled	0.1555352813139481	1	unlabeled_out_of_neutral_domain_T95	0.81936	6.0	6.0	6.0	1	1	0	0	5.85688	0.99117297	0.0055810004	0.9795504	0.9978439	0.9823448	1.0	True	pathogenic_like_high_consensus	0.9966252177278885	0.3721179	0.19880205	0.048872363	0.71688735	0.32501382	1.0	True	pathogenic_like_high_consensus	0.7085228372363074	both_pathogenic_like	outside_domain__rf_pathogenic_like
m.6393T>A	6393	T	A	unlabeled_or_other	unlabeled	0.1555352813139481	1	unlabeled_out_of_neutral_domain_T95	0.82473	6.0	6.0	6.0	1	1	0	0	5.89796	0.99116594	0.005374143	0.98051876	0.9978194	0.9823378	1.0	True	pathogenic_like_high_consensus	0.9965768337526612	0.37732342	0.19671111	0.048091743	0.7172787	0.3302193	1.0	True	pathogenic_like_high_consensus	0.7133370427714341	both_pathogenic_like	outside_domain__rf_pathogenic_like
m.6393T>G	6393	T	G	unlabeled_or_other	unlabeled	0.1555352813139481	1	unlabeled_out_of_neutral_domain_T95	0.82473	6.0	6.0	6.0	1	1	0	0	5.89796	0.99116594	0.005374143	0.98051876	0.9978194	0.9823378	1.0	True	pathogenic_like_high_consensus	0.9965768337526612	0.37732342	0.19671111	0.048091743	0.7172787	0.3302193	1.0	True	pathogenic_like_high_consensus	0.7133370427714341	both_pathogenic_like	outside_domain__rf_pathogenic_like
m.13057A>C	13057	A	C	unlabeled_or_other	unlabeled	0.1582203192224328	1	unlabeled_out_of_neutral_domain_T95	0.83038	6.0	6.0	6.0	1	1	0	0	6.81153	0.991109	0.005537972	0.97877973	0.9978906	0.982281	1.0	True	pathogenic_like_high_consensus	0.9961897619508419	0.5416428	0.22272685	0.05169633	0.74794155	0.4945387	1.0	True	pathogenic_like_high_consensus	0.8339461970195471	both_pathogenic_like	outside_domain__rf_pathogenic_like
m.13057A>T	13057	A	T	unlabeled_or_other	unlabeled	0.1582203192224328	1	unlabeled_out_of_neutral_domain_T95	0.83038	6.0	6.0	6.0	1	1	0	0	6.81153	0.991109	0.005537972	0.97877973	0.9978906	0.982281	1.0	True	pathogenic_like_high_consensus	0.9961897619508419	0.5416428	0.22272685	0.05169633	0.74794155	0.4945387	1.0	True	pathogenic_like_high_consensus	0.8339461970195471	both_pathogenic_like	outside_domain__rf_pathogenic_like
m.12781A>C	12781	A	C	unlabeled_or_other	unlabeled	0.1582203192224328	1	unlabeled_out_of_neutral_domain_T95	0.82983	6.0	6.0	6.0	1	1	0	0	6.81153	0.99110895	0.0055380226	0.97877973	0.9978906	0.9822809	1.0	True	pathogenic_like_high_consensus	0.9961413779756145	0.5374594	0.22714521	0.04480657	0.74794155	0.4903553	1.0	True	pathogenic_like_high_consensus	0.8315753822334043	both_pathogenic_like	outside_domain__rf_pathogenic_like
m.12781A>T	12781	A	T	unlabeled_or_other	unlabeled	0.1582203192224328	1	unlabeled_out_of_neutral_domain_T95	0.82983	6.0	6.0	6.0	1	1	0	0	6.81153	0.99110895	0.0055380226	0.97877973	0.9978906	0.9822809	1.0	True	pathogenic_like_high_consensus	0.9961413779756145	0.5374594	0.22714521	0.04480657	0.74794155	0.4903553	1.0	True	pathogenic_like_high_consensus	0.8315753822334043	both_pathogenic_like	outside_domain__rf_pathogenic_like
m.15575G>C	15575	G	C	unlabeled_or_other	unlabeled	0.1561565121694433	1	unlabeled_out_of_neutral_domain_T95	0.82817	6.0	6.0	6.0	1	1	0	0	6.05495	0.990963	0.0062684836	0.9778029	0.9982029	0.98213494	1.0	True	pathogenic_like_high_consensus	0.9958994580994774	0.5347331	0.22278376	0.048091743	0.7232278	0.48762906	1.0	True	pathogenic_like_high_consensus	0.8281643119798723	both_pathogenic_like	outside_domain__rf_pathogenic_like
m.15575G>T	15575	G	T	unlabeled_or_other	unlabeled	0.1561565121694433	1	unlabeled_out_of_neutral_domain_T95	0.82817	6.0	6.0	6.0	1	1	0	0	6.05495	0.990963	0.0062684836	0.9778029	0.9982029	0.98213494	1.0	True	pathogenic_like_high_consensus	0.9958994580994774	0.5347331	0.22278376	0.048091743	0.7232278	0.48762906	1.0	True	pathogenic_like_high_consensus	0.8281643119798723	both_pathogenic_like	outside_domain__rf_pathogenic_like
m.4569G>A	4569	G	A	unlabeled_or_other	unlabeled	0.1563341148077339	1	unlabeled_out_of_neutral_domain_T95	0.82108	6.0	6.0	6.0	1	1	0	0	6.32277	0.9909583	0.0055622896	0.97868276	0.99776673	0.9821303	1.0	True	pathogenic_like_high_consensus	0.99585107412425	0.37148407	0.19924045	0.048872363	0.71688735	0.32437995	1.0	True	pathogenic_like_high_consensus	0.7062608863944262	both_pathogenic_like	outside_domain__rf_pathogenic_like
m.4569G>C	4569	G	C	unlabeled_or_other	unlabeled	0.1563341148077339	1	unlabeled_out_of_neutral_domain_T95	0.82108	6.0	6.0	6.0	1	1	0	0	6.32277	0.9909583	0.0055622896	0.97868276	0.99776673	0.9821303	1.0	True	pathogenic_like_high_consensus	0.99585107412425	0.37148407	0.19924045	0.048872363	0.71688735	0.32437995	1.0	True	pathogenic_like_high_consensus	0.7062608863944262	both_pathogenic_like	outside_domain__rf_pathogenic_like
m.900C>A	900	C	A	unlabeled_or_other	unlabeled	0.159486968552374	1	unlabeled_out_of_neutral_domain_T95	0.82202	6.0	6.0	6.0	1	1	0	0	7.33894	0.9907362	0.0045893793	0.9808333	0.99626315	0.981908	1.0	True	pathogenic_like_high_consensus	0.9955486742790788	0.37164104	0.19938189	0.048872363	0.7172787	0.32453692	1.0	True	pathogenic_like_high_consensus	0.7070713179794852	both_pathogenic_like	outside_domain__rf_pathogenic_like
m.900C>G	900	C	G	unlabeled_or_other	unlabeled	0.159486968552374	1	unlabeled_out_of_neutral_domain_T95	0.82202	6.0	6.0	6.0	1	1	0	0	7.33894	0.9907362	0.0045893793	0.9808333	0.99626315	0.981908	1.0	True	pathogenic_like_high_consensus	0.9955486742790788	0.37164104	0.19938189	0.048872363	0.7172787	0.32453692	1.0	True	pathogenic_like_high_consensus	0.7070713179794852	both_pathogenic_like	outside_domain__rf_pathogenic_like
m.900C>T	900	C	T	unlabeled_or_other	unlabeled	0.159486968552374	1	unlabeled_out_of_neutral_domain_T95	0.82202	6.0	6.0	6.0	1	1	0	0	7.33894	0.9907362	0.0045893793	0.9808333	0.99626315	0.981908	1.0	True	pathogenic_like_high_consensus	0.9955486742790788	0.37164104	0.19938189	0.048872363	0.7172787	0.32453692	1.0	True	pathogenic_like_high_consensus	0.7070713179794852	both_pathogenic_like	outside_domain__rf_pathogenic_like
m.9786G>A	9786	G	A	unlabeled_or_other	unlabeled	0.1563341148077339	1	unlabeled_out_of_neutral_domain_T95	0.82144	6.0	6.0	6.0	1	1	0	0	6.13128	0.9906072	0.0059555923	0.9781585	0.99839437	0.9817793	1.0	True	pathogenic_like_high_consensus	0.9952341784401006	0.37152383	0.19925758	0.048872363	0.71688735	0.3244197	1.0	True	pathogenic_like_high_consensus	0.7064302303077221	both_pathogenic_like	outside_domain__rf_pathogenic_like
m.9786G>C	9786	G	C	unlabeled_or_other	unlabeled	0.1563341148077339	1	unlabeled_out_of_neutral_domain_T95	0.82144	6.0	6.0	6.0	1	1	0	0	6.13128	0.9906072	0.0059555923	0.9781585	0.99839437	0.9817793	1.0	True	pathogenic_like_high_consensus	0.9952341784401006	0.37152383	0.19925758	0.048872363	0.71688735	0.3244197	1.0	True	pathogenic_like_high_consensus	0.7064302303077221	both_pathogenic_like	outside_domain__rf_pathogenic_like
m.9786G>T	9786	G	T	unlabeled_or_other	unlabeled	0.1563341148077339	1	unlabeled_out_of_neutral_domain_T95	0.82144	6.0	6.0	6.0	1	1	0	0	6.13128	0.9906072	0.0059555923	0.9781585	0.99839437	0.9817793	1.0	True	pathogenic_like_high_consensus	0.9952341784401006	0.37152383	0.19925758	0.048872363	0.71688735	0.3244197	1.0	True	pathogenic_like_high_consensus	0.7064302303077221	both_pathogenic_like	outside_domain__rf_pathogenic_like
m.9252T>C	9252	T	C	unlabeled_or_other	unlabeled	0.159486968552374	1	unlabeled_out_of_neutral_domain_T95	0.82187	6.0	6.0	6.0	1	1	0	0	7.53117	0.99051934	0.0050890683	0.97923005	0.9971691	0.9816913	1.0	True	pathogenic_like_high_consensus	0.9950285465453842	0.37156296	0.19934429	0.048872363	0.7172787	0.32445884	1.0	True	pathogenic_like_high_consensus	0.7065390942519837	both_pathogenic_like	outside_domain__rf_pathogenic_like
m.9252T>G	9252	T	G	unlabeled_or_other	unlabeled	0.159486968552374	1	unlabeled_out_of_neutral_domain_T95	0.82187	6.0	6.0	6.0	1	1	0	0	7.53117	0.99051934	0.0050890683	0.97923005	0.9971691	0.9816913	1.0	True	pathogenic_like_high_consensus	0.9950285465453842	0.37156296	0.19934429	0.048872363	0.7172787	0.32445884	1.0	True	pathogenic_like_high_consensus	0.7065390942519837	both_pathogenic_like	outside_domain__rf_pathogenic_like
m.12784A>C	12784	A	C	unlabeled_or_other	unlabeled	0.1548076467354168	1	unlabeled_out_of_neutral_domain_T95	0.82829	6.0	6.0	6.0	1	1	0	0	5.65586	0.99051785	0.005720758	0.9790628	0.99746156	0.98168993	1.0	True	pathogenic_like_high_consensus	0.99496806657635	0.5347331	0.22278376	0.048091743	0.7232278	0.48762906	1.0	True	pathogenic_like_high_consensus	0.8281643119798723	both_pathogenic_like	outside_domain__rf_pathogenic_like
m.12784A>G	12784	A	G	unlabeled_or_other	unlabeled	0.1548076467354168	1	unlabeled_out_of_neutral_domain_T95	0.82829	6.0	6.0	6.0	1	1	0	0	5.65586	0.99051785	0.005720758	0.9790628	0.99746156	0.98168993	1.0	True	pathogenic_like_high_consensus	0.99496806657635	0.5347331	0.22278376	0.048091743	0.7232278	0.48762906	1.0	True	pathogenic_like_high_consensus	0.8281643119798723	both_pathogenic_like	outside_domain__rf_pathogenic_like
m.12784A>T	12784	A	T	unlabeled_or_other	unlabeled	0.1548076467354168	1	unlabeled_out_of_neutral_domain_T95	0.82829	6.0	6.0	6.0	1	1	0	0	5.65586	0.99051785	0.005720758	0.9790628	0.99746156	0.98168993	1.0	True	pathogenic_like_high_consensus	0.99496806657635	0.5347331	0.22278376	0.048091743	0.7232278	0.48762906	1.0	True	pathogenic_like_high_consensus	0.8281643119798723	both_pathogenic_like	outside_domain__rf_pathogenic_like
m.5226G>C	5226	G	C	unlabeled_or_other	unlabeled	0.1589225870962427	1	unlabeled_out_of_neutral_domain_T95	0.81646	6.0	6.0	6.0	1	1	0	0	7.52745	0.9904804	0.0052114227	0.9788375	0.9971691	0.9816524	1.0	True	pathogenic_like_high_consensus	0.9946656667311786	0.3721179	0.19880205	0.048872363	0.71688735	0.32501382	1.0	True	pathogenic_like_high_consensus	0.7085228372363074	both_pathogenic_like	outside_domain__rf_pathogenic_like
m.5226G>T	5226	G	T	unlabeled_or_other	unlabeled	0.1589225870962427	1	unlabeled_out_of_neutral_domain_T95	0.81646	6.0	6.0	6.0	1	1	0	0	7.52745	0.9904804	0.0052114227	0.9788375	0.9971691	0.9816524	1.0	True	pathogenic_like_high_consensus	0.9946656667311786	0.3721179	0.19880205	0.048872363	0.71688735	0.32501382	1.0	True	pathogenic_like_high_consensus	0.7085228372363074	both_pathogenic_like	outside_domain__rf_pathogenic_like
m.13237A>C	13237	A	C	unlabeled_or_other	unlabeled	0.156619035848606	1	unlabeled_out_of_neutral_domain_T95	0.82567	6.0	6.0	6.0	1	1	0	0	6.58039	0.99046516	0.0053568822	0.97880644	0.9973187	0.9816372	1.0	True	pathogenic_like_high_consensus	0.9946172827559512	0.37728474	0.19665584	0.048091743	0.7172787	0.33018062	1.0	True	pathogenic_like_high_consensus	0.7129015869943874	both_pathogenic_like	outside_domain__rf_pathogenic_like
m.13237A>T	13237	A	T	unlabeled_or_other	unlabeled	0.156619035848606	1	unlabeled_out_of_neutral_domain_T95	0.82567	6.0	6.0	6.0	1	1	0	0	6.58039	0.99046516	0.0053568822	0.97880644	0.9973187	0.9816372	1.0	True	pathogenic_like_high_consensus	0.9946172827559512	0.37728474	0.19665584	0.048091743	0.7172787	0.33018062	1.0	True	pathogenic_like_high_consensus	0.7129015869943874	both_pathogenic_like	outside_domain__rf_pathogenic_like
m.2985C>A	2985	C	A	unlabeled_or_other	unlabeled	0.1593085127584566	1	unlabeled_out_of_neutral_domain_T95	0.82724	6.0	6.0	6.0	1	1	0	0	7.40332	0.99037224	0.0046455497	0.98042613	0.99622124	0.98154426	1.0	True	pathogenic_like_high_consensus	0.9943995548674279	0.3772889	0.19666572	0.048091743	0.7178726	0.3301848	1.0	True	pathogenic_like_high_consensus	0.7131435068705245	both_pathogenic_like	outside_domain__rf_pathogenic_like
m.2985C>G	2985	C	G	unlabeled_or_other	unlabeled	0.1593085127584566	1	unlabeled_out_of_neutral_domain_T95	0.82724	6.0	6.0	6.0	1	1	0	0	7.40332	0.99037224	0.0046455497	0.98042613	0.99622124	0.98154426	1.0	True	pathogenic_like_high_consensus	0.9943995548674279	0.3772889	0.19666572	0.048091743	0.7178726	0.3301848	1.0	True	pathogenic_like_high_consensus	0.7131435068705245	both_pathogenic_like	outside_domain__rf_pathogenic_like
m.13249T>A	13249	T	A	unlabeled_or_other	unlabeled	0.1628865291832616	1	unlabeled_out_of_neutral_domain_T95	0.86837	6.0	6.0	6.0	1	1	0	0	7.2738	0.9901832	0.0045228903	0.9814498	0.9964326	0.9813553	1.0	True	pathogenic_like_high_consensus	0.9940487710470293	0.64669013	0.1783343	0.2754385	0.8677322	0.59958607	1.0	True	pathogenic_like_high_consensus	0.8881120572866267	both_pathogenic_like	outside_domain__rf_pathogenic_like
m.13249T>C	13249	T	C	unlabeled_or_other	unlabeled	0.1628865291832616	1	unlabeled_out_of_neutral_domain_T95	0.86837	6.0	6.0	6.0	1	1	0	0	7.2738	0.9901832	0.0045228903	0.9814498	0.9964326	0.9813553	1.0	True	pathogenic_like_high_consensus	0.9940487710470293	0.64669013	0.1783343	0.2754385	0.8677322	0.59958607	1.0	True	pathogenic_like_high_consensus	0.8881120572866267	both_pathogenic_like	outside_domain__rf_pathogenic_like
m.13249T>G	13249	T	G	unlabeled_or_other	unlabeled	0.1628865291832616	1	unlabeled_out_of_neutral_domain_T95	0.86837	6.0	6.0	6.0	1	1	0	0	7.2738	0.9901832	0.0045228903	0.9814498	0.9964326	0.9813553	1.0	True	pathogenic_like_high_consensus	0.9940487710470293	0.64669013	0.1783343	0.2754385	0.8677322	0.59958607	1.0	True	pathogenic_like_high_consensus	0.8881120572866267	both_pathogenic_like	outside_domain__rf_pathogenic_like
m.1479C>A	1479	C	A	unlabeled_or_other	unlabeled	0.1548076467354168	1	unlabeled_out_of_neutral_domain_T95	0.82968	6.0	6.0	6.0	1	1	0	0	5.65245	0.9900749	0.0057288343	0.97853154	0.99746156	0.98124677	1.0	True	pathogenic_like_high_consensus	0.99366169924521	0.5374594	0.22714521	0.04480657	0.74794155	0.4903553	1.0	True	pathogenic_like_high_consensus	0.8315753822334043	both_pathogenic_like	outside_domain__rf_pathogenic_like
m.1479C>G	1479	C	G	unlabeled_or_other	unlabeled	0.1548076467354168	1	unlabeled_out_of_neutral_domain_T95	0.82968	6.0	6.0	6.0	1	1	0	0	5.65245	0.9900749	0.0057288343	0.97853154	0.99746156	0.98124677	1.0	True	pathogenic_like_high_consensus	0.99366169924521	0.5374594	0.22714521	0.04480657	0.74794155	0.4903553	1.0	True	pathogenic_like_high_consensus	0.8315753822334043	both_pathogenic_like	outside_domain__rf_pathogenic_like
m.1479C>T	1479	C	T	unlabeled_or_other	unlabeled	0.1548076467354168	1	unlabeled_out_of_neutral_domain_T95	0.82968	6.0	6.0	6.0	1	1	0	0	5.65245	0.9900749	0.0057288343	0.97853154	0.99746156	0.98124677	1.0	True	pathogenic_like_high_consensus	0.99366169924521	0.5374594	0.22714521	0.04480657	0.74794155	0.4903553	1.0	True	pathogenic_like_high_consensus	0.8315753822334043	both_pathogenic_like	outside_domain__rf_pathogenic_like
m.3676A>C	3676	A	C	unlabeled_or_other	unlabeled	0.1616843146087805	1	unlabeled_out_of_neutral_domain_T95	0.86236	6.0	6.0	6.0	1	1	0	0	6.95858	0.98993474	0.0042656427	0.9814027	0.99644727	0.9811068	1.0	True	pathogenic_like_high_consensus	0.9932746274433908	0.6350507	0.17636238	0.25282446	0.85240984	0.5879466	1.0	True	pathogenic_like_high_consensus	0.882886587962067	both_pathogenic_like	outside_domain__rf_pathogenic_like
m.3676A>G	3676	A	G	unlabeled_or_other	unlabeled	0.1616843146087805	1	unlabeled_out_of_neutral_domain_T95	0.86236	6.0	6.0	6.0	1	1	0	0	6.95858	0.98993474	0.0042656427	0.9814027	0.99644727	0.9811068	1.0	True	pathogenic_like_high_consensus	0.9932746274433908	0.6350507	0.17636238	0.25282446	0.85240984	0.5879466	1.0	True	pathogenic_like_high_consensus	0.882886587962067	both_pathogenic_like	outside_domain__rf_pathogenic_like
m.3676A>T	3676	A	T	unlabeled_or_other	unlabeled	0.1616843146087805	1	unlabeled_out_of_neutral_domain_T95	0.86236	6.0	6.0	6.0	1	1	0	0	6.95858	0.98993474	0.0042656427	0.9814027	0.99644727	0.9811068	1.0	True	pathogenic_like_high_consensus	0.9932746274433908	0.6350507	0.17636238	0.25282446	0.85240984	0.5879466	1.0	True	pathogenic_like_high_consensus	0.882886587962067	both_pathogenic_like	outside_domain__rf_pathogenic_like
m.9408C>A	9408	C	A	unlabeled_or_other	unlabeled	0.1544243556511992	1	unlabeled_out_of_neutral_domain_T95	0.81828	6.0	6.0	6.0	1	1	0	0	5.66465	0.9899346	0.0056157107	0.97867584	0.9969806	0.98110664	1.0	True	pathogenic_like_high_consensus	0.9931899554867428	0.3721179	0.19880205	0.048872363	0.71688735	0.32501382	1.0	True	pathogenic_like_high_consensus	0.7085228372363074	both_pathogenic_like	outside_domain__rf_pathogenic_like
m.9408C>G	9408	C	G	unlabeled_or_other	unlabeled	0.1544243556511992	1	unlabeled_out_of_neutral_domain_T95	0.81828	6.0	6.0	6.0	1	1	0	0	5.66465	0.9899346	0.0056157107	0.97867584	0.9969806	0.98110664	1.0	True	pathogenic_like_high_consensus	0.9931899554867428	0.3721179	0.19880205	0.048872363	0.71688735	0.32501382	1.0	True	pathogenic_like_high_consensus	0.7085228372363074	both_pathogenic_like	outside_domain__rf_pathogenic_like
m.10432A>C	10432	A	C	unlabeled_or_other	unlabeled	0.154984884274748	1	unlabeled_out_of_neutral_domain_T95	0.82135	6.0	6.0	6.0	1	1	0	0	5.66465	0.9899346	0.0056157107	0.97867584	0.9969806	0.98110664	1.0	True	pathogenic_like_high_consensus	0.9931899554867428	0.37148407	0.19924045	0.048872363	0.71688735	0.32437995	1.0	True	pathogenic_like_high_consensus	0.7062608863944262	both_pathogenic_like	outside_domain__rf_pathogenic_like
m.10432A>T	10432	A	T	unlabeled_or_other	unlabeled	0.154984884274748	1	unlabeled_out_of_neutral_domain_T95	0.82135	6.0	6.0	6.0	1	1	0	0	5.66465	0.9899346	0.0056157107	0.97867584	0.9969806	0.98110664	1.0	True	pathogenic_like_high_consensus	0.9931899554867428	0.37148407	0.19924045	0.048872363	0.71688735	0.32437995	1.0	True	pathogenic_like_high_consensus	0.7062608863944262	both_pathogenic_like	outside_domain__rf_pathogenic_like
m.12706T>A	12706	T	A	unlabeled_or_other	unlabeled	0.154984884274748	1	unlabeled_out_of_neutral_domain_T95	0.82244	6.0	6.0	6.0	1	1	0	0	5.65586	0.9898893	0.0054645264	0.97906715	0.9969806	0.9810612	1.0	True	pathogenic_like_high_consensus	0.9929964195858332	0.37164104	0.19938189	0.048872363	0.7172787	0.32453692	1.0	True	pathogenic_like_high_consensus	0.7070713179794852	both_pathogenic_like	outside_domain__rf_pathogenic_like
m.12706T>G	12706	T	G	unlabeled_or_other	unlabeled	0.154984884274748	1	unlabeled_out_of_neutral_domain_T95	0.82244	6.0	6.0	6.0	1	1	0	0	5.65586	0.9898893	0.0054645264	0.97906715	0.9969806	0.9810612	1.0	True	pathogenic_like_high_consensus	0.9929964195858332	0.37164104	0.19938189	0.048872363	0.7172787	0.32453692	1.0	True	pathogenic_like_high_consensus	0.7070713179794852	both_pathogenic_like	outside_domain__rf_pathogenic_like
m.10242T>A	10242	T	A	unlabeled_or_other	unlabeled	0.1592712181151565	1	unlabeled_out_of_neutral_domain_T95	0.86251	6.0	6.0	6.0	1	1	0	0	5.89796	0.98980826	0.0045272894	0.98159456	0.9971115	0.9809803	1.0	True	pathogenic_like_high_consensus	0.9928149796787304	0.6343098	0.17598695	0.25282446	0.8510459	0.5872057	1.0	True	pathogenic_like_high_consensus	0.8825962841107026	both_pathogenic_like	outside_domain__rf_pathogenic_like
m.10242T>C	10242	T	C	unlabeled_or_other	unlabeled	0.1592712181151565	1	unlabeled_out_of_neutral_domain_T95	0.86251	6.0	6.0	6.0	1	1	0	0	5.89796	0.98980826	0.0045272894	0.98159456	0.9971115	0.9809803	1.0	True	pathogenic_like_high_consensus	0.9928149796787304	0.6343098	0.17598695	0.25282446	0.8510459	0.5872057	1.0	True	pathogenic_like_high_consensus	0.8825962841107026	both_pathogenic_like	outside_domain__rf_pathogenic_like
m.10242T>G	10242	T	G	unlabeled_or_other	unlabeled	0.1592712181151565	1	unlabeled_out_of_neutral_domain_T95	0.86251	6.0	6.0	6.0	1	1	0	0	5.89796	0.98980826	0.0045272894	0.98159456	0.9971115	0.9809803	1.0	True	pathogenic_like_high_consensus	0.9928149796787304	0.6343098	0.17598695	0.25282446	0.8510459	0.5872057	1.0	True	pathogenic_like_high_consensus	0.8825962841107026	both_pathogenic_like	outside_domain__rf_pathogenic_like
m.5696C>A	5696	C	A	unlabeled_or_other	unlabeled	0.1548076467354168	1	unlabeled_out_of_neutral_domain_T95	0.82691	6.0	6.0	6.0	1	1	0	0	5.66118	0.9897668	0.0054311273	0.9790641	0.9969806	0.98093885	1.0	True	pathogenic_like_high_consensus	0.9926940197406618	0.3772493	0.1966053	0.048091743	0.7172787	0.33014518	1.0	True	pathogenic_like_high_consensus	0.7126717631120573	both_pathogenic_like	outside_domain__rf_pathogenic_like
m.5696C>G	5696	C	G	unlabeled_or_other	unlabeled	0.1548076467354168	1	unlabeled_out_of_neutral_domain_T95	0.82691	6.0	6.0	6.0	1	1	0	0	5.66118	0.9897668	0.0054311273	0.9790641	0.9969806	0.98093885	1.0	True	pathogenic_like_high_consensus	0.9926940197406618	0.3772493	0.1966053	0.048091743	0.7172787	0.33014518	1.0	True	pathogenic_like_high_consensus	0.7126717631120573	both_pathogenic_like	outside_domain__rf_pathogenic_like
m.5696C>T	5696	C	T	unlabeled_or_other	unlabeled	0.1548076467354168	1	unlabeled_out_of_neutral_domain_T95	0.82691	6.0	6.0	6.0	1	1	0	0	5.66118	0.9897668	0.0054311273	0.9790641	0.9969806	0.98093885	1.0	True	pathogenic_like_high_consensus	0.9926940197406618	0.3772493	0.1966053	0.048091743	0.7172787	0.33014518	1.0	True	pathogenic_like_high_consensus	0.7126717631120573	both_pathogenic_like	outside_domain__rf_pathogenic_like
m.6726T>C	6726	T	C	unlabeled_or_other	unlabeled	0.1592712181151565	1	unlabeled_out_of_neutral_domain_T95	0.86076	6.0	6.0	6.0	1	1	0	0	5.89796	0.9896927	0.0047488087	0.980516	0.9971115	0.9808647	1.0	True	pathogenic_like_high_consensus	0.9926093477840139	0.61757946	0.1853806	0.2512425	0.8523871	0.57047534	1.0	True	pathogenic_like_high_consensus	0.877685310625121	both_pathogenic_like	outside_domain__rf_pathogenic_like
m.6726T>G	6726	T	G	unlabeled_or_other	unlabeled	0.1592712181151565	1	unlabeled_out_of_neutral_domain_T95	0.86076	6.0	6.0	6.0	1	1	0	0	5.89796	0.9896927	0.0047488087	0.980516	0.9971115	0.9808647	1.0	True	pathogenic_like_high_consensus	0.9926093477840139	0.61757946	0.1853806	0.2512425	0.8523871	0.57047534	1.0	True	pathogenic_like_high_consensus	0.877685310625121	both_pathogenic_like	outside_domain__rf_pathogenic_like
m.7179T>A	7179	T	A	unlabeled_or_other	unlabeled	0.1592712181151565	1	unlabeled_out_of_neutral_domain_T95	0.86061	6.0	6.0	6.0	1	1	0	0	5.89796	0.9896927	0.0047488087	0.980516	0.9971115	0.9808647	1.0	True	pathogenic_like_high_consensus	0.9926093477840139	0.61757946	0.1853806	0.2512425	0.8523871	0.57047534	1.0	True	pathogenic_like_high_consensus	0.877685310625121	both_pathogenic_like	outside_domain__rf_pathogenic_like
m.7179T>G	7179	T	G	unlabeled_or_other	unlabeled	0.1592712181151565	1	unlabeled_out_of_neutral_domain_T95	0.86061	6.0	6.0	6.0	1	1	0	0	5.89796	0.9896927	0.0047488087	0.980516	0.9971115	0.9808647	1.0	True	pathogenic_like_high_consensus	0.9926093477840139	0.61757946	0.1853806	0.2512425	0.8523871	0.57047534	1.0	True	pathogenic_like_high_consensus	0.877685310625121	both_pathogenic_like	outside_domain__rf_pathogenic_like
m.8105G>A	8105	G	A	unlabeled_or_other	unlabeled	0.1602532673640425	1	unlabeled_out_of_neutral_domain_T95	0.86457	6.0	6.0	6.0	1	1	0	0	6.36459	0.9896287	0.0051890835	0.9792877	0.99730366	0.9808006	1.0	True	pathogenic_like_high_consensus	0.9924037158892974	0.6436653	0.1763155	0.27561918	0.86314046	0.5965612	1.0	True	pathogenic_like_high_consensus	0.8862492742403716	both_pathogenic_like	outside_domain__rf_pathogenic_like
m.8105G>C	8105	G	C	unlabeled_or_other	unlabeled	0.1602532673640425	1	unlabeled_out_of_neutral_domain_T95	0.86457	6.0	6.0	6.0	1	1	0	0	6.36459	0.9896287	0.0051890835	0.9792877	0.99730366	0.9808006	1.0	True	pathogenic_like_high_consensus	0.9924037158892974	0.6436653	0.1763155	0.27561918	0.86314046	0.5965612	1.0	True	pathogenic_like_high_consensus	0.8862492742403716	both_pathogenic_like	outside_domain__rf_pathogenic_like
m.8105G>T	8105	G	T	unlabeled_or_other	unlabeled	0.1602532673640425	1	unlabeled_out_of_neutral_domain_T95	0.86457	6.0	6.0	6.0	1	1	0	0	6.36459	0.9896287	0.0051890835	0.9792877	0.99730366	0.9808006	1.0	True	pathogenic_like_high_consensus	0.9924037158892974	0.6436653	0.1763155	0.27561918	0.86314046	0.5965612	1.0	True	pathogenic_like_high_consensus	0.8862492742403716	both_pathogenic_like	outside_domain__rf_pathogenic_like
m.3958G>C	3958	G	C	unlabeled_or_other	unlabeled	0.1606292782450247	1	unlabeled_out_of_neutral_domain_T95	0.86752	6.0	6.0	6.0	1	1	0	0	6.26138	0.98956305	0.0053779003	0.9791526	0.99732757	0.980735	1.0	True	pathogenic_like_high_consensus	0.9922706599574221	0.64398384	0.17685397	0.27483997	0.86334044	0.59687966	1.0	True	pathogenic_like_high_consensus	0.8865516740855429	both_pathogenic_like	outside_domain__rf_pathogenic_like
m.3958G>T	3958	G	T	unlabeled_or_other	unlabeled	0.1606292782450247	1	unlabeled_out_of_neutral_domain_T95	0.86752	6.0	6.0	6.0	1	1	0	0	6.26138	0.98956305	0.0053779003	0.9791526	0.99732757	0.980735	1.0	True	pathogenic_like_high_consensus	0.9922706599574221	0.64398384	0.17685397	0.27483997	0.86334044	0.59687966	1.0	True	pathogenic_like_high_consensus	0.8865516740855429	both_pathogenic_like	outside_domain__rf_pathogenic_like
m.10590T>A	10590	T	A	unlabeled_or_other	unlabeled	0.1627782349467247	1	unlabeled_out_of_neutral_domain_T95	0.85998	6.0	6.0	6.0	1	1	0	0	7.29785	0.989408	0.0044187256	0.98150045	0.9964343	0.9805801	1.0	True	pathogenic_like_high_consensus	0.9921617960131605	0.50726694	0.1846571	0.2512425	0.8523871	0.46016285	1.0	True	pathogenic_like_high_consensus	0.8176649893555255	both_pathogenic_like	outside_domain__rf_pathogenic_like
m.10590T>C	10590	T	C	unlabeled_or_other	unlabeled	0.1627782349467247	1	unlabeled_out_of_neutral_domain_T95	0.85998	6.0	6.0	6.0	1	1	0	0	7.29785	0.989408	0.0044187256	0.98150045	0.9964343	0.9805801	1.0	True	pathogenic_like_high_consensus	0.9921617960131605	0.50726694	0.1846571	0.2512425	0.8523871	0.46016285	1.0	True	pathogenic_like_high_consensus	0.8176649893555255	both_pathogenic_like	outside_domain__rf_pathogenic_like
m.10590T>G	10590	T	G	unlabeled_or_other	unlabeled	0.1627782349467247	1	unlabeled_out_of_neutral_domain_T95	0.85998	6.0	6.0	6.0	1	1	0	0	7.29785	0.989408	0.0044187256	0.98150045	0.9964343	0.9805801	1.0	True	pathogenic_like_high_consensus	0.9921617960131605	0.50726694	0.1846571	0.2512425	0.8523871	0.46016285	1.0	True	pathogenic_like_high_consensus	0.8176649893555255	both_pathogenic_like	outside_domain__rf_pathogenic_like
m.9384G>C	9384	G	C	unlabeled_or_other	unlabeled	0.1612500529524769	1	unlabeled_out_of_neutral_domain_T95	0.84042	6.0	6.0	6.0	1	1	0	0	7.29785	0.9892554	0.004395758	0.9806481	0.9952735	0.9804275	1.0	True	pathogenic_like_high_consensus	0.992028740081285	0.38100502	0.1934755	0.06163895	0.6839334	0.33390096	1.0	True	pathogenic_like_high_consensus	0.7153449777433714	both_pathogenic_like	outside_domain__rf_pathogenic_like
m.9384G>T	9384	G	T	unlabeled_or_other	unlabeled	0.1612500529524769	1	unlabeled_out_of_neutral_domain_T95	0.84042	6.0	6.0	6.0	1	1	0	0	7.29785	0.9892554	0.004395758	0.9806481	0.9952735	0.9804275	1.0	True	pathogenic_like_high_consensus	0.992028740081285	0.38100502	0.1934755	0.06163895	0.6839334	0.33390096	1.0	True	pathogenic_like_high_consensus	0.7153449777433714	both_pathogenic_like	outside_domain__rf_pathogenic_like
m.6660A>C	6660	A	C	unlabeled_or_other	unlabeled	0.1590245350359712	1	unlabeled_out_of_neutral_domain_T95	0.83614	6.0	6.0	6.0	1	1	0	0	7.06454	0.9892489	0.0045088027	0.98024887	0.9952752	0.9804208	1.0	True	pathogenic_like_high_consensus	0.9919803561060577	0.3743535	0.184982	0.06163895	0.6443651	0.32724938	1.0	True	pathogenic_like_high_consensus	0.7110146119605186	both_pathogenic_like	outside_domain__rf_pathogenic_like
m.6660A>T	6660	A	T	unlabeled_or_other	unlabeled	0.1590245350359712	1	unlabeled_out_of_neutral_domain_T95	0.83614	6.0	6.0	6.0	1	1	0	0	7.06454	0.9892489	0.0045088027	0.98024887	0.9952752	0.9804208	1.0	True	pathogenic_like_high_consensus	0.9919803561060577	0.3743535	0.184982	0.06163895	0.6443651	0.32724938	1.0	True	pathogenic_like_high_consensus	0.7110146119605186	both_pathogenic_like	outside_domain__rf_pathogenic_like
m.13054C>A	13054	C	A	unlabeled_or_other	unlabeled	0.1611605804588662	1	unlabeled_out_of_neutral_domain_T95	0.85144	6.0	6.0	6.0	1	1	0	0	7.2738	0.9891573	0.0040229275	0.9820204	0.99485534	0.98032933	1.0	True	pathogenic_like_high_consensus	0.9917263402361138	0.44284603	0.1436046	0.22015113	0.6977598	0.39574197	1.0	True	pathogenic_like_high_consensus	0.7826954712599187	both_pathogenic_like	outside_domain__rf_pathogenic_like
m.13054C>G	13054	C	G	unlabeled_or_other	unlabeled	0.1611605804588662	1	unlabeled_out_of_neutral_domain_T95	0.85144	6.0	6.0	6.0	1	1	0	0	7.2738	0.9891573	0.0040229275	0.9820204	0.99485534	0.98032933	1.0	True	pathogenic_like_high_consensus	0.9917263402361138	0.44284603	0.1436046	0.22015113	0.6977598	0.39574197	1.0	True	pathogenic_like_high_consensus	0.7826954712599187	both_pathogenic_like	outside_domain__rf_pathogenic_like
m.13054C>T	13054	C	T	unlabeled_or_other	unlabeled	0.1611605804588662	1	unlabeled_out_of_neutral_domain_T95	0.85144	6.0	6.0	6.0	1	1	0	0	7.2738	0.9891573	0.0040229275	0.9820204	0.99485534	0.98032933	1.0	True	pathogenic_like_high_consensus	0.9917263402361138	0.44284603	0.1436046	0.22015113	0.6977598	0.39574197	1.0	True	pathogenic_like_high_consensus	0.7826954712599187	both_pathogenic_like	outside_domain__rf_pathogenic_like
m.4575A>C	4575	A	C	unlabeled_or_other	unlabeled	0.1606948577071707	1	unlabeled_out_of_neutral_domain_T95	0.85008	6.0	6.0	6.0	1	1	0	0	7.02161	0.98914397	0.0040053544	0.98201925	0.9948571	0.980316	1.0	True	pathogenic_like_high_consensus	0.9916537642732727	0.43428445	0.13065839	0.22015113	0.64108783	0.38718036	1.0	True	pathogenic_like_high_consensus	0.7799375846719566	both_pathogenic_like	outside_domain__rf_pathogenic_like
m.4575A>G	4575	A	G	unlabeled_or_other	unlabeled	0.1606948577071707	1	unlabeled_out_of_neutral_domain_T95	0.85008	6.0	6.0	6.0	1	1	0	0	7.02161	0.98914397	0.0040053544	0.98201925	0.9948571	0.980316	1.0	True	pathogenic_like_high_consensus	0.9916537642732727	0.43428445	0.13065839	0.22015113	0.64108783	0.38718036	1.0	True	pathogenic_like_high_consensus	0.7799375846719566	both_pathogenic_like	outside_domain__rf_pathogenic_like
m.4575A>T	4575	A	T	unlabeled_or_other	unlabeled	0.1606948577071707	1	unlabeled_out_of_neutral_domain_T95	0.85008	6.0	6.0	6.0	1	1	0	0	7.02161	0.98914397	0.0040053544	0.98201925	0.9948571	0.980316	1.0	True	pathogenic_like_high_consensus	0.9916537642732727	0.43428445	0.13065839	0.22015113	0.64108783	0.38718036	1.0	True	pathogenic_like_high_consensus	0.7799375846719566	both_pathogenic_like	outside_domain__rf_pathogenic_like
m.13219C>A	13219	C	A	unlabeled_or_other	unlabeled	0.1610711200716095	1	unlabeled_out_of_neutral_domain_T95	0.8483	6.0	6.0	6.0	1	1	0	0	7.2738	0.9891262	0.0039972253	0.9820204	0.99487346	0.9802982	1.0	True	pathogenic_like_high_consensus	0.9915932843042384	0.43396682	0.13051516	0.22015113	0.6406879	0.38686278	1.0	True	pathogenic_like_high_consensus	0.7790061931488291	both_pathogenic_like	outside_domain__rf_pathogenic_like
m.13219C>G	13219	C	G	unlabeled_or_other	unlabeled	0.1610711200716095	1	unlabeled_out_of_neutral_domain_T95	0.8483	6.0	6.0	6.0	1	1	0	0	7.2738	0.9891262	0.0039972253	0.9820204	0.99487346	0.9802982	1.0	True	pathogenic_like_high_consensus	0.9915932843042384	0.43396682	0.13051516	0.22015113	0.6406879	0.38686278	1.0	True	pathogenic_like_high_consensus	0.7790061931488291	both_pathogenic_like	outside_domain__rf_pathogenic_like
m.7038T>A	7038	T	A	unlabeled_or_other	unlabeled	0.16295762989434	1	unlabeled_out_of_neutral_domain_T95	0.86469	6.0	6.0	6.0	1	1	0	0	7.53117	0.98910403	0.004797487	0.97852165	0.99606305	0.9802759	1.0	True	pathogenic_like_high_consensus	0.9914965163537837	0.6437053	0.176364	0.27561918	0.86314046	0.5966012	1.0	True	pathogenic_like_high_consensus	0.8863944261660538	both_pathogenic_like	outside_domain__rf_pathogenic_like
m.7038T>C	7038	T	C	unlabeled_or_other	unlabeled	0.16295762989434	1	unlabeled_out_of_neutral_domain_T95	0.86469	6.0	6.0	6.0	1	1	0	0	7.53117	0.98910403	0.004797487	0.97852165	0.99606305	0.9802759	1.0	True	pathogenic_like_high_consensus	0.9914965163537837	0.6437053	0.176364	0.27561918	0.86314046	0.5966012	1.0	True	pathogenic_like_high_consensus	0.8863944261660538	both_pathogenic_like	outside_domain__rf_pathogenic_like
m.7038T>G	7038	T	G	unlabeled_or_other	unlabeled	0.16295762989434	1	unlabeled_out_of_neutral_domain_T95	0.86469	6.0	6.0	6.0	1	1	0	0	7.53117	0.98910403	0.004797487	0.97852165	0.99606305	0.9802759	1.0	True	pathogenic_like_high_consensus	0.9914965163537837	0.6437053	0.176364	0.27561918	0.86314046	0.5966012	1.0	True	pathogenic_like_high_consensus	0.8863944261660538	both_pathogenic_like	outside_domain__rf_pathogenic_like
m.8111C>A	8111	C	A	unlabeled_or_other	unlabeled	0.16295762989434	1	unlabeled_out_of_neutral_domain_T95	0.86417	6.0	6.0	6.0	1	1	0	0	7.53117	0.98910403	0.004797487	0.97852165	0.99606305	0.9802759	1.0	True	pathogenic_like_high_consensus	0.9914965163537837	0.6436653	0.1763155	0.27561918	0.86314046	0.5965612	1.0	True	pathogenic_like_high_consensus	0.8862492742403716	both_pathogenic_like	outside_domain__rf_pathogenic_like
m.8111C>G	8111	C	G	unlabeled_or_other	unlabeled	0.16295762989434	1	unlabeled_out_of_neutral_domain_T95	0.86417	6.0	6.0	6.0	1	1	0	0	7.53117	0.98910403	0.004797487	0.97852165	0.99606305	0.9802759	1.0	True	pathogenic_like_high_consensus	0.9914965163537837	0.6436653	0.1763155	0.27561918	0.86314046	0.5965612	1.0	True	pathogenic_like_high_consensus	0.8862492742403716	both_pathogenic_like	outside_domain__rf_pathogenic_like
m.8111C>T	8111	C	T	unlabeled_or_other	unlabeled	0.16295762989434	1	unlabeled_out_of_neutral_domain_T95	0.86417	6.0	6.0	6.0	1	1	0	0	7.53117	0.98910403	0.004797487	0.97852165	0.99606305	0.9802759	1.0	True	pathogenic_like_high_consensus	0.9914965163537837	0.6436653	0.1763155	0.27561918	0.86314046	0.5965612	1.0	True	pathogenic_like_high_consensus	0.8862492742403716	both_pathogenic_like	outside_domain__rf_pathogenic_like
m.9405T>A	9405	T	A	unlabeled_or_other	unlabeled	0.15846354852247	1	unlabeled_out_of_neutral_domain_T95	0.85298	6.0	6.0	6.0	1	1	0	0	5.89796	0.98908454	0.0047500026	0.9811852	0.9971214	0.98025656	1.0	True	pathogenic_like_high_consensus	0.9913997484033288	0.4987076	0.18225607	0.24923576	0.8521892	0.45160344	1.0	True	pathogenic_like_high_consensus	0.8140603832010838	both_pathogenic_like	outside_domain__rf_pathogenic_like
m.9405T>G	9405	T	G	unlabeled_or_other	unlabeled	0.15846354852247	1	unlabeled_out_of_neutral_domain_T95	0.85298	6.0	6.0	6.0	1	1	0	0	5.89796	0.98908454	0.0047500026	0.9811852	0.9971214	0.98025656	1.0	True	pathogenic_like_high_consensus	0.9913997484033288	0.4987076	0.18225607	0.24923576	0.8521892	0.45160344	1.0	True	pathogenic_like_high_consensus	0.8140603832010838	both_pathogenic_like	outside_domain__rf_pathogenic_like
m.3012T>A	3012	T	A	unlabeled_or_other	unlabeled	0.16295762989434	1	unlabeled_out_of_neutral_domain_T95	0.86511	6.0	6.0	6.0	1	1	0	0	7.60056	0.9890641	0.0048327376	0.97852165	0.99606305	0.98023605	1.0	True	pathogenic_like_high_consensus	0.9913513644281015	0.6437448	0.17636985	0.27561918	0.86314046	0.5966407	1.0	True	pathogenic_like_high_consensus	0.8864790981227018	both_pathogenic_like	outside_domain__rf_pathogenic_like
m.3012T>G	3012	T	G	unlabeled_or_other	unlabeled	0.16295762989434	1	unlabeled_out_of_neutral_domain_T95	0.86511	6.0	6.0	6.0	1	1	0	0	7.60056	0.9890641	0.0048327376	0.97852165	0.99606305	0.98023605	1.0	True	pathogenic_like_high_consensus	0.9913513644281015	0.6437448	0.17636985	0.27561918	0.86314046	0.5966407	1.0	True	pathogenic_like_high_consensus	0.8864790981227018	both_pathogenic_like	outside_domain__rf_pathogenic_like
m.13393G>A	13393	G	A	unlabeled_or_other	unlabeled	0.1607186788394095	1	unlabeled_out_of_neutral_domain_T95	0.86876	6.0	6.0	6.0	1	1	0	0	6.06474	0.9890507	0.0058660354	0.9774345	0.9970892	0.9802227	1.0	True	pathogenic_like_high_consensus	0.991302980452874	0.6467701	0.17828815	0.2754385	0.8677322	0.599666	1.0	True	pathogenic_like_high_consensus	0.8882330172246952	both_pathogenic_like	outside_domain__rf_pathogenic_like
m.13393G>C	13393	G	C	unlabeled_or_other	unlabeled	0.1607186788394095	1	unlabeled_out_of_neutral_domain_T95	0.86876	6.0	6.0	6.0	1	1	0	0	6.06474	0.9890507	0.0058660354	0.9774345	0.9970892	0.9802227	1.0	True	pathogenic_like_high_consensus	0.991302980452874	0.6467701	0.17828815	0.2754385	0.8677322	0.599666	1.0	True	pathogenic_like_high_consensus	0.8882330172246952	both_pathogenic_like	outside_domain__rf_pathogenic_like
m.2562T>A	2562	T	A	unlabeled_or_other	unlabeled	0.1627782349467247	1	unlabeled_out_of_neutral_domain_T95	0.86303	6.0	6.0	6.0	1	1	0	0	7.60056	0.9890286	0.0047652978	0.97852165	0.99606305	0.9802004	1.0	True	pathogenic_like_high_consensus	0.9912425004838398	0.641376	0.17732841	0.2717837	0.86314046	0.5942719	1.0	True	pathogenic_like_high_consensus	0.8850638668473002	both_pathogenic_like	outside_domain__rf_pathogenic_like
m.2562T>C	2562	T	C	unlabeled_or_other	unlabeled	0.1627782349467247	1	unlabeled_out_of_neutral_domain_T95	0.86303	6.0	6.0	6.0	1	1	0	0	7.60056	0.9890286	0.0047652978	0.97852165	0.99606305	0.9802004	1.0	True	pathogenic_like_high_consensus	0.9912425004838398	0.641376	0.17732841	0.2717837	0.86314046	0.5942719	1.0	True	pathogenic_like_high_consensus	0.8850638668473002	both_pathogenic_like	outside_domain__rf_pathogenic_like
m.2562T>G	2562	T	G	unlabeled_or_other	unlabeled	0.1627782349467247	1	unlabeled_out_of_neutral_domain_T95	0.86303	6.0	6.0	6.0	1	1	0	0	7.60056	0.9890286	0.0047652978	0.97852165	0.99606305	0.9802004	1.0	True	pathogenic_like_high_consensus	0.9912425004838398	0.641376	0.17732841	0.2717837	0.86314046	0.5942719	1.0	True	pathogenic_like_high_consensus	0.8850638668473002	both_pathogenic_like	outside_domain__rf_pathogenic_like
m.2013T>A	2013	T	A	unlabeled_or_other	unlabeled	0.1634249476705422	1	unlabeled_out_of_neutral_domain_T95	0.8681	6.0	6.0	6.0	1	1	0	0	7.56772	0.9890218	0.005004167	0.97852165	0.99606305	0.98019385	1.0	True	pathogenic_like_high_consensus	0.9911457325333849	0.64473784	0.1772317	0.2754385	0.8641382	0.5976338	1.0	True	pathogenic_like_high_consensus	0.8873742016644087	both_pathogenic_like	outside_domain__rf_pathogenic_like
m.2013T>C	2013	T	C	unlabeled_or_other	unlabeled	0.1634249476705422	1	unlabeled_out_of_neutral_domain_T95	0.8681	6.0	6.0	6.0	1	1	0	0	7.56772	0.9890218	0.005004167	0.97852165	0.99606305	0.98019385	1.0	True	pathogenic_like_high_consensus	0.9911457325333849	0.64473784	0.1772317	0.2754385	0.8641382	0.5976338	1.0	True	pathogenic_like_high_consensus	0.8873742016644087	both_pathogenic_like	outside_domain__rf_pathogenic_like
m.2013T>G	2013	T	G	unlabeled_or_other	unlabeled	0.1634249476705422	1	unlabeled_out_of_neutral_domain_T95	0.8681	6.0	6.0	6.0	1	1	0	0	7.56772	0.9890218	0.005004167	0.97852165	0.99606305	0.98019385	1.0	True	pathogenic_like_high_consensus	0.9911457325333849	0.64473784	0.1772317	0.2754385	0.8641382	0.5976338	1.0	True	pathogenic_like_high_consensus	0.8873742016644087	both_pathogenic_like	outside_domain__rf_pathogenic_like
m.5343T>A	5343	T	A	unlabeled_or_other	unlabeled	0.1634249476705422	1	unlabeled_out_of_neutral_domain_T95	0.8681	6.0	6.0	6.0	1	1	0	0	7.52745	0.9890218	0.005004167	0.97852165	0.99606305	0.98019385	1.0	True	pathogenic_like_high_consensus	0.9911457325333849	0.64473784	0.1772317	0.2754385	0.8641382	0.5976338	1.0	True	pathogenic_like_high_consensus	0.8873742016644087	both_pathogenic_like	outside_domain__rf_pathogenic_like
m.5343T>G	5343	T	G	unlabeled_or_other	unlabeled	0.1634249476705422	1	unlabeled_out_of_neutral_domain_T95	0.8681	6.0	6.0	6.0	1	1	0	0	7.52745	0.9890218	0.005004167	0.97852165	0.99606305	0.98019385	1.0	True	pathogenic_like_high_consensus	0.9911457325333849	0.64473784	0.1772317	0.2754385	0.8641382	0.5976338	1.0	True	pathogenic_like_high_consensus	0.8873742016644087	both_pathogenic_like	outside_domain__rf_pathogenic_like
m.7041G>C	7041	G	C	unlabeled_or_other	unlabeled	0.1574212952086991	1	unlabeled_out_of_neutral_domain_T95	0.83357	6.0	6.0	6.0	1	1	0	0	6.36459	0.98898387	0.0053408905	0.9776286	0.99710923	0.9801559	1.0	True	pathogenic_like_high_consensus	0.9909884846138959	0.38118774	0.16638109	0.052292172	0.6479006	0.33408365	1.0	True	pathogenic_like_high_consensus	0.7159981614089413	both_pathogenic_like	outside_domain__rf_pathogenic_like
m.7041G>T	7041	G	T	unlabeled_or_other	unlabeled	0.1574212952086991	1	unlabeled_out_of_neutral_domain_T95	0.83357	6.0	6.0	6.0	1	1	0	0	6.36459	0.98898387	0.0053408905	0.9776286	0.99710923	0.9801559	1.0	True	pathogenic_like_high_consensus	0.9909884846138959	0.38118774	0.16638109	0.052292172	0.6479006	0.33408365	1.0	True	pathogenic_like_high_consensus	0.7159981614089413	both_pathogenic_like	outside_domain__rf_pathogenic_like
m.11561G>A	11561	G	A	unlabeled_or_other	unlabeled	0.1596413990036201	1	unlabeled_out_of_neutral_domain_T95	0.85485	6.0	6.0	6.0	1	1	0	0	6.23913	0.9888831	0.0053172186	0.97939897	0.9973515	0.98005515	1.0	True	pathogenic_like_high_consensus	0.9908554286820205	0.50006133	0.18128093	0.2512425	0.8519892	0.45295724	1.0	True	pathogenic_like_high_consensus	0.8157417263402361	both_pathogenic_like	outside_domain__rf_pathogenic_like
m.11561G>C	11561	G	C	unlabeled_or_other	unlabeled	0.1596413990036201	1	unlabeled_out_of_neutral_domain_T95	0.85485	6.0	6.0	6.0	1	1	0	0	6.23913	0.9888831	0.0053172186	0.97939897	0.9973515	0.98005515	1.0	True	pathogenic_like_high_consensus	0.9908554286820205	0.50006133	0.18128093	0.2512425	0.8519892	0.45295724	1.0	True	pathogenic_like_high_consensus	0.8157417263402361	both_pathogenic_like	outside_domain__rf_pathogenic_like
m.11561G>T	11561	G	T	unlabeled_or_other	unlabeled	0.1596413990036201	1	unlabeled_out_of_neutral_domain_T95	0.85485	6.0	6.0	6.0	1	1	0	0	6.23913	0.9888831	0.0053172186	0.97939897	0.9973515	0.98005515	1.0	True	pathogenic_like_high_consensus	0.9908554286820205	0.50006133	0.18128093	0.2512425	0.8519892	0.45295724	1.0	True	pathogenic_like_high_consensus	0.8157417263402361	both_pathogenic_like	outside_domain__rf_pathogenic_like
m.6957G>A	6957	G	A	unlabeled_or_other	unlabeled	0.1627782349467247	1	unlabeled_out_of_neutral_domain_T95	0.86164	6.0	6.0	6.0	1	1	0	0	7.53117	0.9888694	0.0050489972	0.97848547	0.9960558	0.9800413	1.0	True	pathogenic_like_high_consensus	0.990734468743952	0.61794317	0.18547153	0.25163803	0.85240984	0.57083905	1.0	True	pathogenic_like_high_consensus	0.8778788465260305	both_pathogenic_like	outside_domain__rf_pathogenic_like
m.6957G>C	6957	G	C	unlabeled_or_other	unlabeled	0.1627782349467247	1	unlabeled_out_of_neutral_domain_T95	0.86164	6.0	6.0	6.0	1	1	0	0	7.53117	0.9888694	0.0050489972	0.97848547	0.9960558	0.9800413	1.0	True	pathogenic_like_high_consensus	0.990734468743952	0.61794317	0.18547153	0.25163803	0.85240984	0.57083905	1.0	True	pathogenic_like_high_consensus	0.8778788465260305	both_pathogenic_like	outside_domain__rf_pathogenic_like
m.6957G>T	6957	G	T	unlabeled_or_other	unlabeled	0.1627782349467247	1	unlabeled_out_of_neutral_domain_T95	0.86164	6.0	6.0	6.0	1	1	0	0	7.53117	0.9888694	0.0050489972	0.97848547	0.9960558	0.9800413	1.0	True	pathogenic_like_high_consensus	0.990734468743952	0.61794317	0.18547153	0.25163803	0.85240984	0.57083905	1.0	True	pathogenic_like_high_consensus	0.8778788465260305	both_pathogenic_like	outside_domain__rf_pathogenic_like
m.11729T>A	11729	T	A	unlabeled_or_other	unlabeled	0.1579291565781064	1	unlabeled_out_of_neutral_domain_T95	0.84371	6.0	6.0	6.0	1	1	0	0	5.77472	0.9888352	0.0044617876	0.9813664	0.9966886	0.9800072	1.0	True	pathogenic_like_high_consensus	0.9906739887749177	0.38038346	0.1822755	0.070298456	0.62764597	0.33327934	1.0	True	pathogenic_like_high_consensus	0.7146796980839946	both_pathogenic_like	outside_domain__rf_pathogenic_like
m.11729T>G	11729	T	G	unlabeled_or_other	unlabeled	0.1579291565781064	1	unlabeled_out_of_neutral_domain_T95	0.84371	6.0	6.0	6.0	1	1	0	0	5.77472	0.9888352	0.0044617876	0.9813664	0.9966886	0.9800072	1.0	True	pathogenic_like_high_consensus	0.9906739887749177	0.38038346	0.1822755	0.070298456	0.62764597	0.33327934	1.0	True	pathogenic_like_high_consensus	0.7146796980839946	both_pathogenic_like	outside_domain__rf_pathogenic_like
m.6723G>C	6723	G	C	unlabeled_or_other	unlabeled	0.1600746042112699	1	unlabeled_out_of_neutral_domain_T95	0.85826	6.0	6.0	6.0	1	1	0	0	6.36459	0.98881966	0.005285186	0.9793893	0.99729276	0.9799916	1.0	True	pathogenic_like_high_consensus	0.9906256047996903	0.5073851	0.1848632	0.2512425	0.8519892	0.46028095	1.0	True	pathogenic_like_high_consensus	0.8179190052254693	both_pathogenic_like	outside_domain__rf_pathogenic_like
m.6723G>T	6723	G	T	unlabeled_or_other	unlabeled	0.1600746042112699	1	unlabeled_out_of_neutral_domain_T95	0.85826	6.0	6.0	6.0	1	1	0	0	6.36459	0.98881966	0.005285186	0.9793893	0.99729276	0.9799916	1.0	True	pathogenic_like_high_consensus	0.9906256047996903	0.5073851	0.1848632	0.2512425	0.8519892	0.46028095	1.0	True	pathogenic_like_high_consensus	0.8179190052254693	both_pathogenic_like	outside_domain__rf_pathogenic_like
m.2988C>A	2988	C	A	unlabeled_or_other	unlabeled	0.1581962983159475	1	unlabeled_out_of_neutral_domain_T95	0.85072	6.0	6.0	6.0	1	1	0	0	5.82536	0.988802	0.0044776457	0.9812958	0.99711955	0.97997403	1.0	True	pathogenic_like_high_consensus	0.9905651248306561	0.43428445	0.13065839	0.22015113	0.64108783	0.38718036	1.0	True	pathogenic_like_high_consensus	0.7799375846719566	both_pathogenic_like	outside_domain__rf_pathogenic_like
m.2988C>G	2988	C	G	unlabeled_or_other	unlabeled	0.1581962983159475	1	unlabeled_out_of_neutral_domain_T95	0.85072	6.0	6.0	6.0	1	1	0	0	5.82536	0.988802	0.0044776457	0.9812958	0.99711955	0.97997403	1.0	True	pathogenic_like_high_consensus	0.9905651248306561	0.43428445	0.13065839	0.22015113	0.64108783	0.38718036	1.0	True	pathogenic_like_high_consensus	0.7799375846719566	both_pathogenic_like	outside_domain__rf_pathogenic_like
m.2988C>T	2988	C	T	unlabeled_or_other	unlabeled	0.1581962983159475	1	unlabeled_out_of_neutral_domain_T95	0.85072	6.0	6.0	6.0	1	1	0	0	5.82536	0.988802	0.0044776457	0.9812958	0.99711955	0.97997403	1.0	True	pathogenic_like_high_consensus	0.9905651248306561	0.43428445	0.13065839	0.22015113	0.64108783	0.38718036	1.0	True	pathogenic_like_high_consensus	0.7799375846719566	both_pathogenic_like	outside_domain__rf_pathogenic_like
m.1092G>A	1092	G	A	unlabeled_or_other	unlabeled	0.1585526560364072	1	unlabeled_out_of_neutral_domain_T95	0.83798	6.0	6.0	6.0	1	1	0	0	6.22703	0.9887534	0.0055229785	0.9775876	0.9971289	0.97992533	1.0	True	pathogenic_like_high_consensus	0.9903957809173601	0.37419915	0.18493323	0.06163895	0.643982	0.32709503	1.0	True	pathogenic_like_high_consensus	0.7098654925488678	both_pathogenic_like	outside_domain__rf_pathogenic_like
m.1092G>C	1092	G	C	unlabeled_or_other	unlabeled	0.1585526560364072	1	unlabeled_out_of_neutral_domain_T95	0.83798	6.0	6.0	6.0	1	1	0	0	6.22703	0.9887534	0.0055229785	0.9775876	0.9971289	0.97992533	1.0	True	pathogenic_like_high_consensus	0.9903957809173601	0.37419915	0.18493323	0.06163895	0.643982	0.32709503	1.0	True	pathogenic_like_high_consensus	0.7098654925488678	both_pathogenic_like	outside_domain__rf_pathogenic_like
m.1092G>T	1092	G	T	unlabeled_or_other	unlabeled	0.1585526560364072	1	unlabeled_out_of_neutral_domain_T95	0.83798	6.0	6.0	6.0	1	1	0	0	6.22703	0.9887534	0.0055229785	0.9775876	0.9971289	0.97992533	1.0	True	pathogenic_like_high_consensus	0.9903957809173601	0.37419915	0.18493323	0.06163895	0.643982	0.32709503	1.0	True	pathogenic_like_high_consensus	0.7098654925488678	both_pathogenic_like	outside_domain__rf_pathogenic_like
m.6963A>C	6963	A	C	unlabeled_or_other	unlabeled	0.1624195906700505	1	unlabeled_out_of_neutral_domain_T95	0.87244	6.0	6.0	6.0	1	1	0	0	7.06454	0.9887484	0.0059318044	0.97471064	0.99603575	0.9799203	1.0	True	pathogenic_like_high_consensus	0.9903353009483259	0.71192527	0.12027804	0.52369064	0.8880281	0.66482115	1.0	True	pathogenic_like_high_consensus	0.9531764079736791	both_pathogenic_like	outside_domain__rf_pathogenic_like
m.6963A>T	6963	A	T	unlabeled_or_other	unlabeled	0.1624195906700505	1	unlabeled_out_of_neutral_domain_T95	0.87244	6.0	6.0	6.0	1	1	0	0	7.06454	0.9887484	0.0059318044	0.97471064	0.99603575	0.9799203	1.0	True	pathogenic_like_high_consensus	0.9903353009483259	0.71192527	0.12027804	0.52369064	0.8880281	0.66482115	1.0	True	pathogenic_like_high_consensus	0.9531764079736791	both_pathogenic_like	outside_domain__rf_pathogenic_like
m.4788G>C	4788	G	C	unlabeled_or_other	unlabeled	0.1588200509363512	1	unlabeled_out_of_neutral_domain_T95	0.84577	6.0	6.0	6.0	1	1	0	0	6.32277	0.988611	0.0049819676	0.97937673	0.99650496	0.97978294	1.0	True	pathogenic_like_high_consensus	0.9900933810721889	0.4325415	0.12868051	0.21975502	0.627644	0.3854374	1.0	True	pathogenic_like_high_consensus	0.7783409134894523	both_pathogenic_like	outside_domain__rf_pathogenic_like
m.4788G>T	4788	G	T	unlabeled_or_other	unlabeled	0.1588200509363512	1	unlabeled_out_of_neutral_domain_T95	0.84577	6.0	6.0	6.0	1	1	0	0	6.32277	0.988611	0.0049819676	0.97937673	0.99650496	0.97978294	1.0	True	pathogenic_like_high_consensus	0.9900933810721889	0.4325415	0.12868051	0.21975502	0.627644	0.3854374	1.0	True	pathogenic_like_high_consensus	0.7783409134894523	both_pathogenic_like	outside_domain__rf_pathogenic_like
m.6720A>T	6720	A	T	unlabeled_or_other	unlabeled	0.1624195906700505	1	unlabeled_out_of_neutral_domain_T95	0.87114	6.0	6.0	6.0	1	1	0	0	7.06454	0.98859763	0.0059433733	0.97473544	0.99604243	0.97976965	1.0	True	pathogenic_like_high_consensus	0.9900570930907684	0.65286124	0.15815333	0.37875575	0.88191694	0.6057571	1.0	True	pathogenic_like_high_consensus	0.8906522159860654	both_pathogenic_like	outside_domain__rf_pathogenic_like
m.6342A>C	6342	A	C	unlabeled_or_other	unlabeled	0.1346285989117811	1	unlabeled_out_of_neutral_domain_T95	0.52894	6.0	6.0	6.0	1	1	0	0	7.06454	0.9885958	0.0070794164	0.9752134	0.99701804	0.97976774	1.0	True	pathogenic_like_high_consensus	0.9900208051093478	0.7550375	0.20475848	0.31161243	0.94346744	0.70793337	1.0	True	pathogenic_like_high_consensus	0.9846985678343333	both_pathogenic_like	outside_domain__rf_pathogenic_like
m.6342A>T	6342	A	T	unlabeled_or_other	unlabeled	0.1346285989117811	1	unlabeled_out_of_neutral_domain_T95	0.52894	6.0	6.0	6.0	1	1	0	0	7.06454	0.9885958	0.0070794164	0.9752134	0.99701804	0.97976774	1.0	True	pathogenic_like_high_consensus	0.9900208051093478	0.7550375	0.20475848	0.31161243	0.94346744	0.70793337	1.0	True	pathogenic_like_high_consensus	0.9846985678343333	both_pathogenic_like	outside_domain__rf_pathogenic_like
m.12772G>C	12772	G	C	unlabeled_or_other	unlabeled	0.1600746042112699	1	unlabeled_out_of_neutral_domain_T95	0.85877	6.0	6.0	6.0	1	1	0	0	6.11813	0.98855	0.0054132654	0.978657	0.9965045	0.97972196	1.0	True	pathogenic_like_high_consensus	0.9899724211341204	0.5075859	0.18484223	0.2512425	0.8523871	0.46048176	1.0	True	pathogenic_like_high_consensus	0.8181609251016063	both_pathogenic_like	outside_domain__rf_pathogenic_like
m.12772G>T	12772	G	T	unlabeled_or_other	unlabeled	0.1600746042112699	1	unlabeled_out_of_neutral_domain_T95	0.85877	6.0	6.0	6.0	1	1	0	0	6.11813	0.98855	0.0054132654	0.978657	0.9965045	0.97972196	1.0	True	pathogenic_like_high_consensus	0.9899724211341204	0.5075859	0.18484223	0.2512425	0.8523871	0.46048176	1.0	True	pathogenic_like_high_consensus	0.8181609251016063	both_pathogenic_like	outside_domain__rf_pathogenic_like
m.13051G>C	13051	G	C	unlabeled_or_other	unlabeled	0.1629762352433321	1	unlabeled_out_of_neutral_domain_T95	0.87368	6.0	6.0	6.0	1	1	0	0	7.2738	0.9885219	0.006112272	0.97392684	0.9955789	0.9796939	1.0	True	pathogenic_like_high_consensus	0.989924037158893	0.7157553	0.11912216	0.52369064	0.8880281	0.6686513	1.0	True	pathogenic_like_high_consensus	0.9564060383201084	both_pathogenic_like	outside_domain__rf_pathogenic_like
m.13051G>T	13051	G	T	unlabeled_or_other	unlabeled	0.1629762352433321	1	unlabeled_out_of_neutral_domain_T95	0.87368	6.0	6.0	6.0	1	1	0	0	7.2738	0.9885219	0.006112272	0.97392684	0.9955789	0.9796939	1.0	True	pathogenic_like_high_consensus	0.989924037158893	0.7157553	0.11912216	0.52369064	0.8880281	0.6686513	1.0	True	pathogenic_like_high_consensus	0.9564060383201084	both_pathogenic_like	outside_domain__rf_pathogenic_like
m.5013T>A	5013	T	A	unlabeled_or_other	unlabeled	0.1627782349467247	1	unlabeled_out_of_neutral_domain_T95	0.85898	6.0	6.0	6.0	1	1	0	0	7.4875	0.98848504	0.005083104	0.97848547	0.9960558	0.97965705	1.0	True	pathogenic_like_high_consensus	0.9897184052641765	0.5075859	0.18484223	0.2512425	0.8523871	0.46048176	1.0	True	pathogenic_like_high_consensus	0.8181609251016063	both_pathogenic_like	outside_domain__rf_pathogenic_like
m.5013T>C	5013	T	C	unlabeled_or_other	unlabeled	0.1627782349467247	1	unlabeled_out_of_neutral_domain_T95	0.85898	6.0	6.0	6.0	1	1	0	0	7.4875	0.98848504	0.005083104	0.97848547	0.9960558	0.97965705	1.0	True	pathogenic_like_high_consensus	0.9897184052641765	0.5075859	0.18484223	0.2512425	0.8523871	0.46048176	1.0	True	pathogenic_like_high_consensus	0.8181609251016063	both_pathogenic_like	outside_domain__rf_pathogenic_like
m.5013T>G	5013	T	G	unlabeled_or_other	unlabeled	0.1627782349467247	1	unlabeled_out_of_neutral_domain_T95	0.85898	6.0	6.0	6.0	1	1	0	0	7.4875	0.98848504	0.005083104	0.97848547	0.9960558	0.97965705	1.0	True	pathogenic_like_high_consensus	0.9897184052641765	0.5075859	0.18484223	0.2512425	0.8523871	0.46048176	1.0	True	pathogenic_like_high_consensus	0.8181609251016063	both_pathogenic_like	outside_domain__rf_pathogenic_like
m.9936T>A	9936	T	A	unlabeled_or_other	unlabeled	0.1600038126981958	1	unlabeled_out_of_neutral_domain_T95	0.87181	6.0	6.0	6.0	1	1	0	0	5.89796	0.98846483	0.0062306016	0.97416854	0.99711245	0.9796369	1.0	True	pathogenic_like_high_consensus	0.9896458293013354	0.7116904	0.120205835	0.52369064	0.88800085	0.66458625	1.0	True	pathogenic_like_high_consensus	0.9524385523514612	both_pathogenic_like	outside_domain__rf_pathogenic_like
m.9936T>C	9936	T	C	unlabeled_or_other	unlabeled	0.1600038126981958	1	unlabeled_out_of_neutral_domain_T95	0.87181	6.0	6.0	6.0	1	1	0	0	5.89796	0.98846483	0.0062306016	0.97416854	0.99711245	0.9796369	1.0	True	pathogenic_like_high_consensus	0.9896458293013354	0.7116904	0.120205835	0.52369064	0.88800085	0.66458625	1.0	True	pathogenic_like_high_consensus	0.9524385523514612	both_pathogenic_like	outside_domain__rf_pathogenic_like
m.9936T>G	9936	T	G	unlabeled_or_other	unlabeled	0.1600038126981958	1	unlabeled_out_of_neutral_domain_T95	0.87181	6.0	6.0	6.0	1	1	0	0	5.89796	0.98846483	0.0062306016	0.97416854	0.99711245	0.9796369	1.0	True	pathogenic_like_high_consensus	0.9896458293013354	0.7116904	0.120205835	0.52369064	0.88800085	0.66458625	1.0	True	pathogenic_like_high_consensus	0.9524385523514612	both_pathogenic_like	outside_domain__rf_pathogenic_like
m.4438C>A	4438	C	A	unlabeled_or_other	unlabeled	0.1627782349467247	1	unlabeled_out_of_neutral_domain_T95	0.85594	6.0	6.0	6.0	1	1	0	0	7.4875	0.9883809	0.00505931	0.9784973	0.996079	0.9795529	1.0	True	pathogenic_like_high_consensus	0.9893313334623572	0.50006133	0.18128093	0.2512425	0.8519892	0.45295724	1.0	True	pathogenic_like_high_consensus	0.8157417263402361	both_pathogenic_like	outside_domain__rf_pathogenic_like
m.4438C>G	4438	C	G	unlabeled_or_other	unlabeled	0.1627782349467247	1	unlabeled_out_of_neutral_domain_T95	0.85594	6.0	6.0	6.0	1	1	0	0	7.4875	0.9883809	0.00505931	0.9784973	0.996079	0.9795529	1.0	True	pathogenic_like_high_consensus	0.9893313334623572	0.50006133	0.18128093	0.2512425	0.8519892	0.45295724	1.0	True	pathogenic_like_high_consensus	0.8157417263402361	both_pathogenic_like	outside_domain__rf_pathogenic_like
m.4438C>T	4438	C	T	unlabeled_or_other	unlabeled	0.1627782349467247	1	unlabeled_out_of_neutral_domain_T95	0.85594	6.0	6.0	6.0	1	1	0	0	7.4875	0.9883809	0.00505931	0.9784973	0.996079	0.9795529	1.0	True	pathogenic_like_high_consensus	0.9893313334623572	0.50006133	0.18128093	0.2512425	0.8519892	0.45295724	1.0	True	pathogenic_like_high_consensus	0.8157417263402361	both_pathogenic_like	outside_domain__rf_pathogenic_like
m.13216A>C	13216	A	C	unlabeled_or_other	unlabeled	0.1596413990036201	1	unlabeled_out_of_neutral_domain_T95	0.85446	6.0	6.0	6.0	1	1	0	0	6.58039	0.9883771	0.0052572927	0.97884643	0.9964266	0.9795491	1.0	True	pathogenic_like_high_consensus	0.989270853493323	0.49962062	0.181422	0.24923576	0.8515892	0.45251656	1.0	True	pathogenic_like_high_consensus	0.8151611186375073	both_pathogenic_like	outside_domain__rf_pathogenic_like
m.13216A>T	13216	A	T	unlabeled_or_other	unlabeled	0.1596413990036201	1	unlabeled_out_of_neutral_domain_T95	0.85446	6.0	6.0	6.0	1	1	0	0	6.58039	0.9883771	0.0052572927	0.97884643	0.9964266	0.9795491	1.0	True	pathogenic_like_high_consensus	0.989270853493323	0.49962062	0.181422	0.24923576	0.8515892	0.45251656	1.0	True	pathogenic_like_high_consensus	0.8151611186375073	both_pathogenic_like	outside_domain__rf_pathogenic_like
m.610T>A	610	T	A	unlabeled_or_other	unlabeled	0.1353338101526627	1	unlabeled_out_of_neutral_domain_T95	0.52966	6.0	6.0	6.0	1	1	0	0	7.33894	0.9883696	0.007142626	0.9742609	0.99759656	0.97954154	1.0	True	pathogenic_like_high_consensus	0.9892224695180956	0.75446373	0.20348619	0.3120556	0.943996	0.7073596	1.0	True	pathogenic_like_high_consensus	0.9839970001935359	both_pathogenic_like	outside_domain__rf_pathogenic_like
m.610T>G	610	T	G	unlabeled_or_other	unlabeled	0.1353338101526627	1	unlabeled_out_of_neutral_domain_T95	0.52966	6.0	6.0	6.0	1	1	0	0	7.33894	0.9883696	0.007142626	0.9742609	0.99759656	0.97954154	1.0	True	pathogenic_like_high_consensus	0.9892224695180956	0.75446373	0.20348619	0.3120556	0.943996	0.7073596	1.0	True	pathogenic_like_high_consensus	0.9839970001935359	both_pathogenic_like	outside_domain__rf_pathogenic_like
m.9930T>C	9930	T	C	unlabeled_or_other	unlabeled	0.1627782349467247	1	unlabeled_out_of_neutral_domain_T95	0.85913	6.0	6.0	6.0	1	1	0	0	7.53117	0.9883655	0.005070591	0.97848547	0.9960558	0.9795375	1.0	True	pathogenic_like_high_consensus	0.9891740855428682	0.5076251	0.18490474	0.2512425	0.8523871	0.46052098	1.0	True	pathogenic_like_high_consensus	0.8183907489839365	both_pathogenic_like	outside_domain__rf_pathogenic_like
m.9930T>G	9930	T	G	unlabeled_or_other	unlabeled	0.1627782349467247	1	unlabeled_out_of_neutral_domain_T95	0.85913	6.0	6.0	6.0	1	1	0	0	7.53117	0.9883655	0.005070591	0.97848547	0.9960558	0.9795375	1.0	True	pathogenic_like_high_consensus	0.9891740855428682	0.5076251	0.18490474	0.2512425	0.8523871	0.46052098	1.0	True	pathogenic_like_high_consensus	0.8183907489839365	both_pathogenic_like	outside_domain__rf_pathogenic_like
m.2547C>A	2547	C	A	unlabeled_or_other	unlabeled	0.1601140581305398	1	unlabeled_out_of_neutral_domain_T95	0.83445	6.0	6.0	6.0	1	1	0	0	7.40332	0.9883647	0.0044071297	0.97981256	0.9951444	0.9795368	1.0	True	pathogenic_like_high_consensus	0.989113605573834	0.38114807	0.16638808	0.052292172	0.6479006	0.33404395	1.0	True	pathogenic_like_high_consensus	0.7158772014708729	both_pathogenic_like	outside_domain__rf_pathogenic_like
m.2547C>G	2547	C	G	unlabeled_or_other	unlabeled	0.1601140581305398	1	unlabeled_out_of_neutral_domain_T95	0.83445	6.0	6.0	6.0	1	1	0	0	7.40332	0.9883647	0.0044071297	0.97981256	0.9951444	0.9795368	1.0	True	pathogenic_like_high_consensus	0.989113605573834	0.38114807	0.16638808	0.052292172	0.6479006	0.33404395	1.0	True	pathogenic_like_high_consensus	0.7158772014708729	both_pathogenic_like	outside_domain__rf_pathogenic_like
m.2547C>T	2547	C	T	unlabeled_or_other	unlabeled	0.1601140581305398	1	unlabeled_out_of_neutral_domain_T95	0.83445	6.0	6.0	6.0	1	1	0	0	7.40332	0.9883647	0.0044071297	0.97981256	0.9951444	0.9795368	1.0	True	pathogenic_like_high_consensus	0.989113605573834	0.38114807	0.16638808	0.052292172	0.6479006	0.33404395	1.0	True	pathogenic_like_high_consensus	0.7158772014708729	both_pathogenic_like	outside_domain__rf_pathogenic_like
m.6744G>C	6744	G	C	unlabeled_or_other	unlabeled	0.1585526560364072	1	unlabeled_out_of_neutral_domain_T95	0.83886	6.0	6.0	6.0	1	1	0	0	6.13128	0.9883468	0.0056746393	0.9767984	0.9971263	0.9795187	1.0	True	pathogenic_like_high_consensus	0.989028933617186	0.3807264	0.19367597	0.06163895	0.6839334	0.33362228	1.0	True	pathogenic_like_high_consensus	0.7148974259725179	both_pathogenic_like	outside_domain__rf_pathogenic_like
m.6744G>T	6744	G	T	unlabeled_or_other	unlabeled	0.1585526560364072	1	unlabeled_out_of_neutral_domain_T95	0.83886	6.0	6.0	6.0	1	1	0	0	6.13128	0.9883468	0.0056746393	0.9767984	0.9971263	0.9795187	1.0	True	pathogenic_like_high_consensus	0.989028933617186	0.3807264	0.19367597	0.06163895	0.6839334	0.33362228	1.0	True	pathogenic_like_high_consensus	0.7148974259725179	both_pathogenic_like	outside_domain__rf_pathogenic_like
m.12775G>C	12775	G	C	unlabeled_or_other	unlabeled	0.1585526560364072	1	unlabeled_out_of_neutral_domain_T95	0.83855	6.0	6.0	6.0	1	1	0	0	6.11813	0.9883468	0.0056746393	0.9767984	0.9971263	0.9795187	1.0	True	pathogenic_like_high_consensus	0.989028933617186	0.37478927	0.18531692	0.06163895	0.64457405	0.3276852	1.0	True	pathogenic_like_high_consensus	0.711885523514612	both_pathogenic_like	outside_domain__rf_pathogenic_like
m.12775G>T	12775	G	T	unlabeled_or_other	unlabeled	0.1585526560364072	1	unlabeled_out_of_neutral_domain_T95	0.83855	6.0	6.0	6.0	1	1	0	0	6.11813	0.9883468	0.0056746393	0.9767984	0.9971263	0.9795187	1.0	True	pathogenic_like_high_consensus	0.989028933617186	0.37478927	0.18531692	0.06163895	0.64457405	0.3276852	1.0	True	pathogenic_like_high_consensus	0.711885523514612	both_pathogenic_like	outside_domain__rf_pathogenic_like
m.4974G>C	4974	G	C	unlabeled_or_other	unlabeled	0.1612500529524769	1	unlabeled_out_of_neutral_domain_T95	0.83979	6.0	6.0	6.0	1	1	0	0	7.4875	0.98833203	0.0050470694	0.9777245	0.9956	0.9795041	1.0	True	pathogenic_like_high_consensus	0.9889563576543449	0.3810447	0.19350392	0.06163895	0.6839334	0.33394063	1.0	True	pathogenic_like_high_consensus	0.7156836655699632	both_pathogenic_like	outside_domain__rf_pathogenic_like
m.4974G>T	4974	G	T	unlabeled_or_other	unlabeled	0.1612500529524769	1	unlabeled_out_of_neutral_domain_T95	0.83979	6.0	6.0	6.0	1	1	0	0	7.4875	0.98833203	0.0050470694	0.9777245	0.9956	0.9795041	1.0	True	pathogenic_like_high_consensus	0.9889563576543449	0.3810447	0.19350392	0.06163895	0.6839334	0.33394063	1.0	True	pathogenic_like_high_consensus	0.7156836655699632	both_pathogenic_like	outside_domain__rf_pathogenic_like
m.6135T>A	6135	T	A	unlabeled_or_other	unlabeled	0.1601140581305398	1	unlabeled_out_of_neutral_domain_T95	0.83463	6.0	6.0	6.0	1	1	0	0	7.52745	0.988306	0.0051319827	0.9773989	0.99561054	0.979478	1.0	True	pathogenic_like_high_consensus	0.9888958776853106	0.37470794	0.18560506	0.06163895	0.6479006	0.32760385	1.0	True	pathogenic_like_high_consensus	0.7115589316818269	both_pathogenic_like	outside_domain__rf_pathogenic_like
m.6135T>C	6135	T	C	unlabeled_or_other	unlabeled	0.1601140581305398	1	unlabeled_out_of_neutral_domain_T95	0.83463	6.0	6.0	6.0	1	1	0	0	7.52745	0.988306	0.0051319827	0.9773989	0.99561054	0.979478	1.0	True	pathogenic_like_high_consensus	0.9888958776853106	0.37470794	0.18560506	0.06163895	0.6479006	0.32760385	1.0	True	pathogenic_like_high_consensus	0.7115589316818269	both_pathogenic_like	outside_domain__rf_pathogenic_like
m.6135T>G	6135	T	G	unlabeled_or_other	unlabeled	0.1601140581305398	1	unlabeled_out_of_neutral_domain_T95	0.83463	6.0	6.0	6.0	1	1	0	0	7.52745	0.988306	0.0051319827	0.9773989	0.99561054	0.979478	1.0	True	pathogenic_like_high_consensus	0.9888958776853106	0.37470794	0.18560506	0.06163895	0.6479006	0.32760385	1.0	True	pathogenic_like_high_consensus	0.7115589316818269	both_pathogenic_like	outside_domain__rf_pathogenic_like
m.15548A>C	15548	A	C	unlabeled_or_other	unlabeled	0.1608028115315822	1	unlabeled_out_of_neutral_domain_T95	0.85461	6.0	6.0	6.0	1	1	0	0	6.74668	0.98826736	0.005253882	0.97875917	0.9964631	0.9794395	1.0	True	pathogenic_like_high_consensus	0.9887870137410489	0.49962062	0.181422	0.24923576	0.8515892	0.45251656	1.0	True	pathogenic_like_high_consensus	0.8151611186375073	both_pathogenic_like	outside_domain__rf_pathogenic_like
m.15548A>T	15548	A	T	unlabeled_or_other	unlabeled	0.1608028115315822	1	unlabeled_out_of_neutral_domain_T95	0.85461	6.0	6.0	6.0	1	1	0	0	6.74668	0.98826736	0.005253882	0.97875917	0.9964631	0.9794395	1.0	True	pathogenic_like_high_consensus	0.9887870137410489	0.49962062	0.181422	0.24923576	0.8515892	0.45251656	1.0	True	pathogenic_like_high_consensus	0.8151611186375073	both_pathogenic_like	outside_domain__rf_pathogenic_like
m.1491C>A	1491	C	A	unlabeled_or_other	unlabeled	0.1612500529524769	1	unlabeled_out_of_neutral_domain_T95	0.83798	6.0	6.0	6.0	1	1	0	0	7.3762	0.9882328	0.004478839	0.9796016	0.9951221	0.97940475	1.0	True	pathogenic_like_high_consensus	0.9885813818463325	0.37419915	0.18493323	0.06163895	0.643982	0.32709503	1.0	True	pathogenic_like_high_consensus	0.7098654925488678	both_pathogenic_like	outside_domain__rf_pathogenic_like
m.1491C>G	1491	C	G	unlabeled_or_other	unlabeled	0.1612500529524769	1	unlabeled_out_of_neutral_domain_T95	0.83798	6.0	6.0	6.0	1	1	0	0	7.3762	0.9882328	0.004478839	0.9796016	0.9951221	0.97940475	1.0	True	pathogenic_like_high_consensus	0.9885813818463325	0.37419915	0.18493323	0.06163895	0.643982	0.32709503	1.0	True	pathogenic_like_high_consensus	0.7098654925488678	both_pathogenic_like	outside_domain__rf_pathogenic_like
m.1491C>T	1491	C	T	unlabeled_or_other	unlabeled	0.1612500529524769	1	unlabeled_out_of_neutral_domain_T95	0.83798	6.0	6.0	6.0	1	1	0	0	7.3762	0.9882328	0.004478839	0.9796016	0.9951221	0.97940475	1.0	True	pathogenic_like_high_consensus	0.9885813818463325	0.37419915	0.18493323	0.06163895	0.643982	0.32709503	1.0	True	pathogenic_like_high_consensus	0.7098654925488678	both_pathogenic_like	outside_domain__rf_pathogenic_like
m.11726T>A	11726	T	A	unlabeled_or_other	unlabeled	0.1601140581305398	1	unlabeled_out_of_neutral_domain_T95	0.83677	6.0	6.0	6.0	1	1	0	0	7.40016	0.9881584	0.0045688404	0.97923523	0.9951244	0.97933036	1.0	True	pathogenic_like_high_consensus	0.9885088058834914	0.3743535	0.184982	0.06163895	0.6443651	0.32724938	1.0	True	pathogenic_like_high_consensus	0.7110146119605186	both_pathogenic_like	outside_domain__rf_pathogenic_like
m.11726T>C	11726	T	C	unlabeled_or_other	unlabeled	0.1601140581305398	1	unlabeled_out_of_neutral_domain_T95	0.83677	6.0	6.0	6.0	1	1	0	0	7.40016	0.9881584	0.0045688404	0.97923523	0.9951244	0.97933036	1.0	True	pathogenic_like_high_consensus	0.9885088058834914	0.3743535	0.184982	0.06163895	0.6443651	0.32724938	1.0	True	pathogenic_like_high_consensus	0.7110146119605186	both_pathogenic_like	outside_domain__rf_pathogenic_like
m.11726T>G	11726	T	G	unlabeled_or_other	unlabeled	0.1601140581305398	1	unlabeled_out_of_neutral_domain_T95	0.83677	6.0	6.0	6.0	1	1	0	0	7.40016	0.9881584	0.0045688404	0.97923523	0.9951244	0.97933036	1.0	True	pathogenic_like_high_consensus	0.9885088058834914	0.3743535	0.184982	0.06163895	0.6443651	0.32724938	1.0	True	pathogenic_like_high_consensus	0.7110146119605186	both_pathogenic_like	outside_domain__rf_pathogenic_like
m.9939G>C	9939	G	C	unlabeled_or_other	unlabeled	0.1616080640232273	1	unlabeled_out_of_neutral_domain_T95	0.84737	6.0	6.0	6.0	1	1	0	0	7.53117	0.98808336	0.004682247	0.97851664	0.9951888	0.9792554	1.0	True	pathogenic_like_high_consensus	0.988375749951616	0.43396682	0.13051516	0.22015113	0.6406879	0.38686278	1.0	True	pathogenic_like_high_consensus	0.7790061931488291	both_pathogenic_like	outside_domain__rf_pathogenic_like
m.9939G>T	9939	G	T	unlabeled_or_other	unlabeled	0.1616080640232273	1	unlabeled_out_of_neutral_domain_T95	0.84737	6.0	6.0	6.0	1	1	0	0	7.53117	0.98808336	0.004682247	0.97851664	0.9951888	0.9792554	1.0	True	pathogenic_like_high_consensus	0.988375749951616	0.43396682	0.13051516	0.22015113	0.6406879	0.38686278	1.0	True	pathogenic_like_high_consensus	0.7790061931488291	both_pathogenic_like	outside_domain__rf_pathogenic_like
m.7994G>A	7994	G	A	unlabeled_or_other	unlabeled	0.1616080640232273	1	unlabeled_out_of_neutral_domain_T95	0.84815	6.0	6.0	6.0	1	1	0	0	7.53117	0.98808295	0.004682473	0.97851664	0.9951888	0.9792551	1.0	True	pathogenic_like_high_consensus	0.9882426940197406	0.43396682	0.13051516	0.22015113	0.6406879	0.38686278	1.0	True	pathogenic_like_high_consensus	0.7790061931488291	both_pathogenic_like	outside_domain__rf_pathogenic_like
m.7994G>C	7994	G	C	unlabeled_or_other	unlabeled	0.1616080640232273	1	unlabeled_out_of_neutral_domain_T95	0.84815	6.0	6.0	6.0	1	1	0	0	7.53117	0.98808295	0.004682473	0.97851664	0.9951888	0.9792551	1.0	True	pathogenic_like_high_consensus	0.9882426940197406	0.43396682	0.13051516	0.22015113	0.6406879	0.38686278	1.0	True	pathogenic_like_high_consensus	0.7790061931488291	both_pathogenic_like	outside_domain__rf_pathogenic_like
m.7994G>T	7994	G	T	unlabeled_or_other	unlabeled	0.1616080640232273	1	unlabeled_out_of_neutral_domain_T95	0.84815	6.0	6.0	6.0	1	1	0	0	7.53117	0.98808295	0.004682473	0.97851664	0.9951888	0.9792551	1.0	True	pathogenic_like_high_consensus	0.9882426940197406	0.43396682	0.13051516	0.22015113	0.6406879	0.38686278	1.0	True	pathogenic_like_high_consensus	0.7790061931488291	both_pathogenic_like	outside_domain__rf_pathogenic_like
m.6738T>A	6738	T	A	unlabeled_or_other	unlabeled	0.1586417756089452	1	unlabeled_out_of_neutral_domain_T95	0.84211	6.0	6.0	6.0	1	1	0	0	6.13128	0.98806745	0.0055195475	0.9773984	0.9971263	0.9792395	1.0	True	pathogenic_like_high_consensus	0.9881701180568996	0.3705948	0.18129733	0.06163895	0.62764597	0.32349068	1.0	True	pathogenic_like_high_consensus	0.7034062318560093	both_pathogenic_like	outside_domain__rf_pathogenic_like
m.6738T>C	6738	T	C	unlabeled_or_other	unlabeled	0.1586417756089452	1	unlabeled_out_of_neutral_domain_T95	0.84211	6.0	6.0	6.0	1	1	0	0	6.13128	0.98806745	0.0055195475	0.9773984	0.9971263	0.9792395	1.0	True	pathogenic_like_high_consensus	0.9881701180568996	0.3705948	0.18129733	0.06163895	0.62764597	0.32349068	1.0	True	pathogenic_like_high_consensus	0.7034062318560093	both_pathogenic_like	outside_domain__rf_pathogenic_like
m.6738T>G	6738	T	G	unlabeled_or_other	unlabeled	0.1586417756089452	1	unlabeled_out_of_neutral_domain_T95	0.84211	6.0	6.0	6.0	1	1	0	0	6.13128	0.98806745	0.0055195475	0.9773984	0.9971263	0.9792395	1.0	True	pathogenic_like_high_consensus	0.9881701180568996	0.3705948	0.18129733	0.06163895	0.62764597	0.32349068	1.0	True	pathogenic_like_high_consensus	0.7034062318560093	both_pathogenic_like	outside_domain__rf_pathogenic_like
m.6855G>C	6855	G	C	unlabeled_or_other	unlabeled	0.1608080915320564	1	unlabeled_out_of_neutral_domain_T95	0.87066	6.0	6.0	6.0	1	1	0	0	6.36459	0.988055	0.007405011	0.9701551	0.99669445	0.9792269	1.0	True	pathogenic_like_high_consensus	0.9881096380878653	0.6525405	0.15860973	0.3763399	0.88191694	0.6054364	1.0	True	pathogenic_like_high_consensus	0.8904586800851558	both_pathogenic_like	outside_domain__rf_pathogenic_like
m.6855G>T	6855	G	T	unlabeled_or_other	unlabeled	0.1608080915320564	1	unlabeled_out_of_neutral_domain_T95	0.87066	6.0	6.0	6.0	1	1	0	0	6.36459	0.988055	0.007405011	0.9701551	0.99669445	0.9792269	1.0	True	pathogenic_like_high_consensus	0.9881096380878653	0.6525405	0.15860973	0.3763399	0.88191694	0.6054364	1.0	True	pathogenic_like_high_consensus	0.8904586800851558	both_pathogenic_like	outside_domain__rf_pathogenic_like
m.11174C>A	11174	C	A	unlabeled_or_other	unlabeled	0.1556076929341615	1	unlabeled_out_of_neutral_domain_T95	0.833	6.0	6.0	6.0	1	1	0	0	5.66465	0.98804116	0.004805271	0.9786542	0.9946725	0.9792132	1.0	True	pathogenic_like_high_consensus	0.9880612541126379	0.38170066	0.1666313	0.052292172	0.6479006	0.3345966	1.0	True	pathogenic_like_high_consensus	0.7163126572479195	both_pathogenic_like	outside_domain__rf_pathogenic_like
m.11174C>G	11174	C	G	unlabeled_or_other	unlabeled	0.1556076929341615	1	unlabeled_out_of_neutral_domain_T95	0.833	6.0	6.0	6.0	1	1	0	0	5.66465	0.98804116	0.004805271	0.9786542	0.9946725	0.9792132	1.0	True	pathogenic_like_high_consensus	0.9880612541126379	0.38170066	0.1666313	0.052292172	0.6479006	0.3345966	1.0	True	pathogenic_like_high_consensus	0.7163126572479195	both_pathogenic_like	outside_domain__rf_pathogenic_like
