variant_id	position	reference	alternate	validation_label	is_neutral_dataset8	is_pathogenic_dataset9	is_disease_suspected_dataset3	analysis_group	neutral_split	position_mod3	codon_position_simple	mlc_score	pop_af_max	pop_af_hom_max	pop_af_het_max	rarity_soft	hom_rarity_soft	het_rarity_soft	no_homoplasmic_signal	codon_pos1_any	codon_pos2_any	codon_pos3_any	phyloP100way	isolation_forest_outlier_score	isolation_forest_rank	isolation_forest_percentile	isolation_forest_threshold_T95	isolation_forest_above_T95	threshold_status_T95	neutral_domain_class_T95	spectrum_group_primary_T95_preview	t95_status
m.6211G>A	6211	G	A	unlabeled	0	0	0	unlabeled_or_other	not_neutral_reference	2.0	pos2	1.0	1.77204e-05	0.0	1.77204e-05	4.727684875900433	6.0	4.727684875900433	1	0	1	0	9.39769	0.20944975182882386	1.0	1.0	0.09804585433849744	1	above_T95	unlabeled_out_of_neutral_domain_T95	unlabeled_out_of_neutral_domain_T95	above_T95
m.9979G>A	9979	G	A	unlabeled	0	0	0	unlabeled_or_other	not_neutral_reference	2.0	pos2	1.0	5.3167e-05	0.0	5.3167e-05	4.266265216831566	6.0	4.266265216831566	1	0	1	0	7.53117	0.20938217521188174	2.0	0.9999798808948978	0.09804585433849744	1	above_T95	unlabeled_out_of_neutral_domain_T95	unlabeled_out_of_neutral_domain_T95	above_T95
m.6610G>A	6610	G	A	unlabeled	0	0	0	unlabeled_or_other	not_neutral_reference	2.0	pos2	1.0	1.77201e-05	0.0	1.77201e-05	4.727691835654954	6.0	4.727691835654954	1	0	1	0	9.39769	0.2092378720451712	3.0	0.9999497022372444	0.09804585433849744	1	above_T95	unlabeled_out_of_neutral_domain_T95	unlabeled_out_of_neutral_domain_T95	above_T95
m.9307G>A	9307	G	A	unlabeled	0	0	0	unlabeled_or_other	not_neutral_reference	2.0	pos2	1.0	1.77201e-05	0.0	1.77201e-05	4.727691835654954	6.0	4.727691835654954	1	0	1	0	9.39769	0.2092378720451712	3.0	0.9999497022372444	0.09804585433849744	1	above_T95	unlabeled_out_of_neutral_domain_T95	unlabeled_out_of_neutral_domain_T95	above_T95
m.8852G>A	8852	G	A	unlabeled	0	0	0	unlabeled_or_other	not_neutral_reference	2.0	pos2	1.0	5.1024836e-06	0.0	5.1024836e-06	5.214493379045403	6.0	5.214493379045403	1	0	1	0	9.37685	0.20883130743974254	5.0	0.9999094640270401	0.09804585433849744	1	above_T95	unlabeled_out_of_neutral_domain_T95	unlabeled_out_of_neutral_domain_T95	above_T95
m.15150G>A	15150	G	A	unlabeled	0	0	0	unlabeled_or_other	not_neutral_reference	2.0	pos2	1.0	5.1024836e-06	0.0	5.1024836e-06	5.214493379045403	6.0	5.214493379045403	1	0	1	0	9.0425	0.20883130743974254	5.0	0.9999094640270401	0.09804585433849744	1	above_T95	unlabeled_out_of_neutral_domain_T95	unlabeled_out_of_neutral_domain_T95	above_T95
m.10288G>C	10288	G	C	unlabeled	0	0	0	unlabeled_or_other	not_neutral_reference	2.0	pos2	0.98527	1.77198e-05	0.0	1.77198e-05	4.72769879552101	6.0	4.72769879552101	1	0	1	0	9.631	0.20856638522483395	7.0	0.9998792853693867	0.09804585433849744	1	above_T95	unlabeled_out_of_neutral_domain_T95	unlabeled_out_of_neutral_domain_T95	above_T95
m.6205G>C	6205	G	C	unlabeled	0	0	0	unlabeled_or_other	not_neutral_reference	2.0	pos2	0.97701	5.1024836e-06	0.0	5.1024836e-06	5.214493379045403	6.0	5.214493379045403	1	0	1	0	9.39769	0.20796857887352627	8.0	0.9998591662642846	0.09804585433849744	1	above_T95	unlabeled_out_of_neutral_domain_T95	unlabeled_out_of_neutral_domain_T95	above_T95
m.9982G>A	9982	G	A	unlabeled	0	0	0	unlabeled_or_other	not_neutral_reference	2.0	pos2	1.0	1.77217e-05	0.0	1.77217e-05	4.727654718252935	6.0	4.727654718252935	1	0	1	0	7.53117	0.2077238402168714	9.0	0.9998390471591824	0.09804585433849744	1	above_T95	unlabeled_out_of_neutral_domain_T95	unlabeled_out_of_neutral_domain_T95	above_T95
m.8517G>A	8517	G	A	unlabeled	0	0	0	unlabeled_or_other	not_neutral_reference	2.0	pos2	1.0	1.0204967e-05	0.0	1.0204967e-05	4.95058941817747	6.0	4.95058941817747	1	0	1	0	7.51165	0.20739477702811682	10.0	0.9998189280540801	0.09804585433849744	1	above_T95	unlabeled_out_of_neutral_domain_T95	unlabeled_out_of_neutral_domain_T95	above_T95
m.7201T>C	7201	T	C	unlabeled	0	0	0	unlabeled_or_other	not_neutral_reference	2.0	pos2	0.99324	1.77204e-05	0.0	1.77204e-05	4.727684875900433	6.0	4.727684875900433	1	0	1	0	7.53117	0.20705378684003495	11.0	0.9997887493964268	0.09804585433849744	1	above_T95	unlabeled_out_of_neutral_domain_T95	unlabeled_out_of_neutral_domain_T95	above_T95
m.6637T>C	6637	T	C	unlabeled	0	0	0	unlabeled_or_other	not_neutral_reference	2.0	pos2	0.99143	1.77211e-05	0.0	1.77211e-05	4.727668636906944	6.0	4.727668636906944	1	0	1	0	7.53117	0.20705378684003495	11.0	0.9997887493964268	0.09804585433849744	1	above_T95	unlabeled_out_of_neutral_domain_T95	unlabeled_out_of_neutral_domain_T95	above_T95
m.3037T>C	3037	T	C	unlabeled	0	0	0	unlabeled_or_other	not_neutral_reference	2.0	pos2	0.97266	1.77217e-05	0.0	1.77217e-05	4.727654718252935	6.0	4.727654718252935	1	0	1	0	7.60056	0.2068624595646077	13.0	0.9997585707387735	0.09804585433849744	1	above_T95	unlabeled_out_of_neutral_domain_T95	unlabeled_out_of_neutral_domain_T95	above_T95
m.6178T>C	6178	T	C	unlabeled	0	0	0	unlabeled_or_other	not_neutral_reference	2.0	pos2	0.97335	1.77201e-05	0.0	1.77201e-05	4.727691835654954	6.0	4.727691835654954	1	0	1	0	7.53117	0.2068426226201585	14.0	0.9997283920811202	0.09804585433849744	1	above_T95	unlabeled_out_of_neutral_domain_T95	unlabeled_out_of_neutral_domain_T95	above_T95
m.6193T>C	6193	T	C	unlabeled	0	0	0	unlabeled_or_other	not_neutral_reference	2.0	pos2	0.98473	1.77201e-05	0.0	1.77201e-05	4.727691835654954	6.0	4.727691835654954	1	0	1	0	7.53117	0.2068426226201585	14.0	0.9997283920811202	0.09804585433849744	1	above_T95	unlabeled_out_of_neutral_domain_T95	unlabeled_out_of_neutral_domain_T95	above_T95
m.2593G>A	2593	G	A	unlabeled	0	0	0	unlabeled_or_other	not_neutral_reference	2.0	pos2	0.89538	1.77261e-05	0.0	1.77261e-05	4.727552661751396	6.0	4.727552661751396	1	0	1	0	9.37576	0.20663991352333022	16.0	0.9996881538709158	0.09804585433849744	1	above_T95	unlabeled_out_of_neutral_domain_T95	unlabeled_out_of_neutral_domain_T95	above_T95
m.3076A>G	3076	A	G	unlabeled	0	0	0	unlabeled_or_other	not_neutral_reference	2.0	pos2	0.93186	1.77274e-05	0.0	1.77274e-05	4.727522513283205	6.0	4.727522513283205	1	0	1	0	8.81779	0.20663991352333022	16.0	0.9996881538709158	0.09804585433849744	1	above_T95	unlabeled_out_of_neutral_domain_T95	unlabeled_out_of_neutral_domain_T95	above_T95
m.2935A>G	2935	A	G	unlabeled	0	0	0	unlabeled_or_other	not_neutral_reference	2.0	pos2	0.90352	1.77204e-05	0.0	1.77204e-05	4.727684875900433	6.0	4.727684875900433	1	0	1	0	8.78402	0.20654429941356123	18.0	0.9996579752132625	0.09804585433849744	1	above_T95	unlabeled_out_of_neutral_domain_T95	unlabeled_out_of_neutral_domain_T95	above_T95
m.6589T>C	6589	T	C	unlabeled	0	0	0	unlabeled_or_other	not_neutral_reference	2.0	pos2	0.98787	1.0204967e-05	0.0	1.0204967e-05	4.95058941817747	6.0	4.95058941817747	1	0	1	0	7.53117	0.2065337968832941	19.0	0.9996378561081604	0.09804585433849744	1	above_T95	unlabeled_out_of_neutral_domain_T95	unlabeled_out_of_neutral_domain_T95	above_T95
m.10983T>C	10983	T	C	unlabeled	0	0	0	unlabeled_or_other	not_neutral_reference	2.0	pos2	0.99547	5.1024836e-06	0.0	5.1024836e-06	5.214493379045403	6.0	5.214493379045403	1	0	1	0	7.53117	0.20645161189703332	20.0	0.999607677450507	0.09804585433849744	1	above_T95	unlabeled_out_of_neutral_domain_T95	unlabeled_out_of_neutral_domain_T95	above_T95
m.6778T>C	6778	T	C	unlabeled	0	0	0	unlabeled_or_other	not_neutral_reference	2.0	pos2	0.99526	5.1024836e-06	0.0	5.1024836e-06	5.214493379045403	6.0	5.214493379045403	1	0	1	0	7.53117	0.20645161189703332	20.0	0.999607677450507	0.09804585433849744	1	above_T95	unlabeled_out_of_neutral_domain_T95	unlabeled_out_of_neutral_domain_T95	above_T95
m.15240G>A	15240	G	A	unlabeled	0	0	0	unlabeled_or_other	not_neutral_reference	2.0	pos2	1.0	5.1024836e-06	0.0	5.1024836e-06	5.214493379045403	6.0	5.214493379045403	1	0	1	0	7.19854	0.2063560232660011	22.0	0.9995674392403026	0.09804585433849744	1	above_T95	unlabeled_out_of_neutral_domain_T95	unlabeled_out_of_neutral_domain_T95	above_T95
m.6781T>C	6781	T	C	unlabeled	0	0	0	unlabeled_or_other	not_neutral_reference	2.0	pos2	0.99855	5.1024836e-06	0.0	5.1024836e-06	5.214493379045403	6.0	5.214493379045403	1	0	1	0	7.53117	0.2063560232660011	22.0	0.9995674392403026	0.09804585433849744	1	above_T95	unlabeled_out_of_neutral_domain_T95	unlabeled_out_of_neutral_domain_T95	above_T95
m.11484G>A	11484	G	A	unlabeled	0	0	0	unlabeled_or_other	not_neutral_reference	2.0	pos2	0.89182	1.77204e-05	0.0	1.77204e-05	4.727684875900433	6.0	4.727684875900433	1	0	1	0	9.2578	0.20606642289017374	24.0	0.9995372605826492	0.09804585433849744	1	above_T95	unlabeled_out_of_neutral_domain_T95	unlabeled_out_of_neutral_domain_T95	above_T95
m.13397A>G	13397	A	G	unlabeled	0	0	0	unlabeled_or_other	not_neutral_reference	2.0	pos2	0.92637	1.77198e-05	0.0	1.77198e-05	4.72769879552101	6.0	4.72769879552101	1	0	1	0	8.60202	0.2058555535501807	25.0	0.9995171414775471	0.09804585433849744	1	above_T95	unlabeled_out_of_neutral_domain_T95	unlabeled_out_of_neutral_domain_T95	above_T95
m.1573A>G	1573	A	G	unlabeled	0	0	0	unlabeled_or_other	not_neutral_reference	2.0	pos2	0.96119	1.77255e-05	0.0	1.77255e-05	4.727566577134939	6.0	4.727566577134939	1	0	1	0	6.80161	0.20581108461230713	26.0	0.9994970223724449	0.09804585433849744	1	above_T95	unlabeled_out_of_neutral_domain_T95	unlabeled_out_of_neutral_domain_T95	above_T95
m.8193A>G	8193	A	G	unlabeled	0	0	0	unlabeled_or_other	not_neutral_reference	2.0	pos2	0.98325	1.77198e-05	0.0	1.77198e-05	4.72769879552101	6.0	4.72769879552101	1	0	1	0	6.8122	0.20579127717298473	27.0	0.9994769032673426	0.09804585433849744	1	above_T95	unlabeled_out_of_neutral_domain_T95	unlabeled_out_of_neutral_domain_T95	above_T95
m.3887A>G	3887	A	G	unlabeled	0	0	0	unlabeled_or_other	not_neutral_reference	2.0	pos2	0.92208	1.0204967e-05	0.0	1.0204967e-05	4.95058941817747	6.0	4.95058941817747	1	0	1	0	8.58539	0.20545169282121234	28.0	0.9994567841622405	0.09804585433849744	1	above_T95	unlabeled_out_of_neutral_domain_T95	unlabeled_out_of_neutral_domain_T95	above_T95
m.10675G>A	10675	G	A	unlabeled	0	0	0	unlabeled_or_other	not_neutral_reference	2.0	pos2	0.94586	5.1024836e-06	0.0	5.1024836e-06	5.214493379045403	6.0	5.214493379045403	1	0	1	0	7.76448	0.20540084803242187	29.0	0.9994366650571382	0.09804585433849744	1	above_T95	unlabeled_out_of_neutral_domain_T95	unlabeled_out_of_neutral_domain_T95	above_T95
m.7189A>C	7189	A	C	unlabeled	0	0	0	unlabeled_or_other	not_neutral_reference	2.0	pos2	0.97353	5.1024836e-06	0.0	5.1024836e-06	5.214493379045403	6.0	5.214493379045403	1	0	1	0	7.06454	0.20530540157826016	30.0	0.9994165459520361	0.09804585433849744	1	above_T95	unlabeled_out_of_neutral_domain_T95	unlabeled_out_of_neutral_domain_T95	above_T95
m.6700A>G	6700	A	G	unlabeled	0	0	0	unlabeled_or_other	not_neutral_reference	2.0	pos2	0.8952	5.1024836e-06	0.0	5.1024836e-06	5.214493379045403	6.0	5.214493379045403	1	0	1	0	8.93106	0.20522380657295292	31.0	0.9993964268469339	0.09804585433849744	1	above_T95	unlabeled_out_of_neutral_domain_T95	unlabeled_out_of_neutral_domain_T95	above_T95
m.6544A>G	6544	A	G	unlabeled	0	0	0	unlabeled_or_other	not_neutral_reference	2.0	pos2	0.97175	5.1024836e-06	0.0	5.1024836e-06	5.214493379045403	6.0	5.214493379045403	1	0	1	0	6.83122	0.20501913969686048	32.0	0.9993763077418316	0.09804585433849744	1	above_T95	unlabeled_out_of_neutral_domain_T95	unlabeled_out_of_neutral_domain_T95	above_T95
m.6844T>C	6844	T	C	unlabeled	0	0	0	unlabeled_or_other	not_neutral_reference	2.0	pos2	0.90739	3.54484e-05	0.0	3.54484e-05	4.438321531445387	6.0	4.438321531445387	1	0	1	0	7.53117	0.20500800263010865	33.0	0.9993561886367295	0.09804585433849744	1	above_T95	unlabeled_out_of_neutral_domain_T95	unlabeled_out_of_neutral_domain_T95	above_T95
m.1570G>A	1570	G	A	unlabeled	0	0	0	unlabeled_or_other	not_neutral_reference	2.0	pos2	0.95899	5.1024836e-06	0.0	5.1024836e-06	5.214493379045403	6.0	5.214493379045403	1	0	1	0	7.3762	0.20492374489093146	34.0	0.9993260099790762	0.09804585433849744	1	above_T95	unlabeled_out_of_neutral_domain_T95	unlabeled_out_of_neutral_domain_T95	above_T95
m.6997T>C	6997	T	C	unlabeled	0	0	0	unlabeled_or_other	not_neutral_reference	2.0	pos2	0.95769	5.1024836e-06	0.0	5.1024836e-06	5.214493379045403	6.0	5.214493379045403	1	0	1	0	7.53117	0.20492374489093146	34.0	0.9993260099790762	0.09804585433849744	1	above_T95	unlabeled_out_of_neutral_domain_T95	unlabeled_out_of_neutral_domain_T95	above_T95
m.2932G>A	2932	G	A	unlabeled	0	0	0	unlabeled_or_other	not_neutral_reference	2.0	pos2	0.90977	1.77223e-05	0.0	1.77223e-05	4.7276408000449885	6.0	4.7276408000449885	1	0	1	0	7.60056	0.20492083753651769	36.0	0.9992958313214229	0.09804585433849744	1	above_T95	unlabeled_out_of_neutral_domain_T95	unlabeled_out_of_neutral_domain_T95	above_T95
m.8199G>A	8199	G	A	unlabeled	0	0	0	unlabeled_or_other	not_neutral_reference	2.0	pos2	0.95449	5.1024836e-06	0.0	5.1024836e-06	5.214493379045403	6.0	5.214493379045403	1	0	1	0	7.51165	0.20473299400039913	37.0	0.9992757122163206	0.09804585433849744	1	above_T95	unlabeled_out_of_neutral_domain_T95	unlabeled_out_of_neutral_domain_T95	above_T95
m.11856A>G	11856	A	G	unlabeled	0	0	0	unlabeled_or_other	not_neutral_reference	2.0	pos2	0.90618	5.1024836e-06	0.0	5.1024836e-06	5.214493379045403	6.0	5.214493379045403	1	0	1	0	8.56118	0.20466561019035745	38.0	0.9992555931112184	0.09804585433849744	1	above_T95	unlabeled_out_of_neutral_domain_T95	unlabeled_out_of_neutral_domain_T95	above_T95
m.5959A>G	5959	A	G	unlabeled	0	0	0	unlabeled_or_other	not_neutral_reference	2.0	pos2	0.8754	5.1024836e-06	0.0	5.1024836e-06	5.214493379045403	6.0	5.214493379045403	1	0	1	0	8.92715	0.20465146521548272	39.0	0.9992354740061162	0.09804585433849744	1	above_T95	unlabeled_out_of_neutral_domain_T95	unlabeled_out_of_neutral_domain_T95	above_T95
m.11181A>G	11181	A	G	unlabeled	0	0	0	unlabeled_or_other	not_neutral_reference	2.0	pos2	0.88732	5.1024836e-06	0.0	5.1024836e-06	5.214493379045403	6.0	5.214493379045403	1	0	1	0	8.69774	0.20455612015889224	40.0	0.999215354901014	0.09804585433849744	1	above_T95	unlabeled_out_of_neutral_domain_T95	unlabeled_out_of_neutral_domain_T95	above_T95
m.1588G>A	1588	G	A	unlabeled	0	0	0	unlabeled_or_other	not_neutral_reference	2.0	pos2	0.93298	1.77198e-05	0.0	1.77198e-05	4.72769879552101	6.0	4.72769879552101	1	0	1	0	7.3762	0.20451961719422684	41.0	0.9991851762433607	0.09804585433849744	1	above_T95	unlabeled_out_of_neutral_domain_T95	unlabeled_out_of_neutral_domain_T95	above_T95
m.12758T>C	12758	T	C	unlabeled	0	0	0	unlabeled_or_other	not_neutral_reference	2.0	pos2	0.89538	1.77201e-05	0.0	1.77201e-05	4.727691835654954	6.0	4.727691835654954	1	0	1	0	7.50493	0.20451961719422684	41.0	0.9991851762433607	0.09804585433849744	1	above_T95	unlabeled_out_of_neutral_domain_T95	unlabeled_out_of_neutral_domain_T95	above_T95
m.2554A>G	2554	A	G	unlabeled	0	0	0	unlabeled_or_other	not_neutral_reference	2.0	pos2	0.85183	1.77214e-05	0.0	1.77214e-05	4.72766167752418	6.0	4.72766167752418	1	0	1	0	8.78402	0.20444405905371776	43.0	0.9991549975857074	0.09804585433849744	1	above_T95	unlabeled_out_of_neutral_domain_T95	unlabeled_out_of_neutral_domain_T95	above_T95
m.2998T>C	2998	T	C	unlabeled	0	0	0	unlabeled_or_other	not_neutral_reference	2.0	pos2	0.89151	1.77245e-05	0.0	1.77245e-05	4.727589770431709	6.0	4.727589770431709	1	0	1	0	7.60056	0.20434874206086262	44.0	0.9991348784806052	0.09804585433849744	1	above_T95	unlabeled_out_of_neutral_domain_T95	unlabeled_out_of_neutral_domain_T95	above_T95
m.5353G>A	5353	G	A	unlabeled	0	0	0	unlabeled_or_other	not_neutral_reference	2.0	pos2	0.97809	1.77204e-05	0.0	1.77204e-05	4.727684875900433	6.0	4.727684875900433	1	0	1	0	6.36103	0.20431256115990382	45.0	0.9991046998229519	0.09804585433849744	1	above_T95	unlabeled_out_of_neutral_domain_T95	unlabeled_out_of_neutral_domain_T95	above_T95
m.7219G>A	7219	G	A	unlabeled	0	0	0	unlabeled_or_other	not_neutral_reference	2.0	pos2	0.98926	1.77211e-05	0.0	1.77211e-05	4.727668636906944	6.0	4.727668636906944	1	0	1	0	6.36459	0.20431256115990382	45.0	0.9991046998229519	0.09804585433849744	1	above_T95	unlabeled_out_of_neutral_domain_T95	unlabeled_out_of_neutral_domain_T95	above_T95
m.5227G>A	5227	G	A	unlabeled	0	0	0	unlabeled_or_other	not_neutral_reference	2.0	pos2	0.84383	1.77208e-05	0.0	1.77208e-05	4.727675596401231	6.0	4.727675596401231	1	0	1	0	9.16043	0.20425343796516937	47.0	0.9990544020601964	0.09804585433849744	1	above_T95	unlabeled_out_of_neutral_domain_T95	unlabeled_out_of_neutral_domain_T95	above_T95
m.6304G>A	6304	G	A	unlabeled	0	0	0	unlabeled_or_other	not_neutral_reference	2.0	pos2	0.84586	1.77211e-05	0.0	1.77211e-05	4.727668636906944	6.0	4.727668636906944	1	0	1	0	9.39769	0.20425343796516937	47.0	0.9990544020601964	0.09804585433849744	1	above_T95	unlabeled_out_of_neutral_domain_T95	unlabeled_out_of_neutral_domain_T95	above_T95
m.10666T>C	10666	T	C	unlabeled	0	0	0	unlabeled_or_other	not_neutral_reference	2.0	pos2	0.89314	1.77204e-05	0.0	1.77204e-05	4.727684875900433	6.0	4.727684875900433	1	0	1	0	7.53117	0.20425343796516937	47.0	0.9990544020601964	0.09804585433849744	1	above_T95	unlabeled_out_of_neutral_domain_T95	unlabeled_out_of_neutral_domain_T95	above_T95
m.6817T>C	6817	T	C	unlabeled	0	0	0	unlabeled_or_other	not_neutral_reference	2.0	pos2	0.98871	1.77208e-05	0.0	1.77208e-05	4.727675596401231	6.0	4.727675596401231	1	0	1	0	5.89796	0.20412197565441037	50.0	0.999014163849992	0.09804585433849744	1	above_T95	unlabeled_out_of_neutral_domain_T95	unlabeled_out_of_neutral_domain_T95	above_T95
m.2575T>C	2575	T	C	unlabeled	0	0	0	unlabeled_or_other	not_neutral_reference	2.0	pos2	0.91686	1.0204967e-05	0.0	1.0204967e-05	4.95058941817747	6.0	4.95058941817747	1	0	1	0	7.40332	0.20411652083160492	51.0	0.9989839851923387	0.09804585433849744	1	above_T95	unlabeled_out_of_neutral_domain_T95	unlabeled_out_of_neutral_domain_T95	above_T95
m.2497T>C	2497	T	C	unlabeled	0	0	0	unlabeled_or_other	not_neutral_reference	2.0	pos2	0.93023	1.0204967e-05	0.0	1.0204967e-05	4.95058941817747	6.0	4.95058941817747	1	0	1	0	7.60056	0.20411652083160492	51.0	0.9989839851923387	0.09804585433849744	1	above_T95	unlabeled_out_of_neutral_domain_T95	unlabeled_out_of_neutral_domain_T95	above_T95
m.2926A>G	2926	A	G	unlabeled	0	0	0	unlabeled_or_other	not_neutral_reference	2.0	pos2	0.89912	1.77223e-05	0.0	1.77223e-05	4.7276408000449885	6.0	4.7276408000449885	1	0	1	0	7.00883	0.2040628684582888	53.0	0.9989538065346854	0.09804585433849744	1	above_T95	unlabeled_out_of_neutral_domain_T95	unlabeled_out_of_neutral_domain_T95	above_T95
m.13256C>T	13256	C	T	unlabeled	0	0	0	unlabeled_or_other	not_neutral_reference	2.0	pos2	0.90407	1.77198e-05	0.0	1.77198e-05	4.72769879552101	6.0	4.72769879552101	1	0	1	0	7.2738	0.20404311007980747	54.0	0.9989336874295831	0.09804585433849744	1	above_T95	unlabeled_out_of_neutral_domain_T95	unlabeled_out_of_neutral_domain_T95	above_T95
m.2992G>A	2992	G	A	unlabeled	0	0	0	unlabeled_or_other	not_neutral_reference	2.0	pos2	0.87561	3.54491e-05	0.0	3.54491e-05	4.438313190798937	6.0	4.438313190798937	1	0	1	0	7.60056	0.20387826372242634	55.0	0.998913568324481	0.09804585433849744	1	above_T95	unlabeled_out_of_neutral_domain_T95	unlabeled_out_of_neutral_domain_T95	above_T95
m.2995G>A	2995	G	A	unlabeled	0	0	0	unlabeled_or_other	not_neutral_reference	2.0	pos2	0.88518	1.77201e-05	0.0	1.77201e-05	4.727691835654954	6.0	4.727691835654954	1	0	1	0	7.60056	0.20385259748721263	56.0	0.9988934492193787	0.09804585433849744	1	above_T95	unlabeled_out_of_neutral_domain_T95	unlabeled_out_of_neutral_domain_T95	above_T95
m.6181C>T	6181	C	T	unlabeled	0	0	0	unlabeled_or_other	not_neutral_reference	2.0	pos2	0.97722	1.77198e-05	0.0	1.77198e-05	4.72769879552101	6.0	4.72769879552101	1	0	1	0	5.66465	0.20381644207214822	57.0	0.9988733301142765	0.09804585433849744	1	above_T95	unlabeled_out_of_neutral_domain_T95	unlabeled_out_of_neutral_domain_T95	above_T95
m.3959G>A	3959	G	A	unlabeled	0	0	0	unlabeled_or_other	not_neutral_reference	2.0	pos2	0.87449	1.77198e-05	0.0	1.77198e-05	4.72769879552101	6.0	4.72769879552101	1	0	1	0	7.42339	0.20375736052390303	58.0	0.9988532110091743	0.09804585433849744	1	above_T95	unlabeled_out_of_neutral_domain_T95	unlabeled_out_of_neutral_domain_T95	above_T95
m.6718G>A	6718	G	A	unlabeled	0	0	0	unlabeled_or_other	not_neutral_reference	2.0	pos2	0.88282	5.1024836e-06	0.0	5.1024836e-06	5.214493379045403	6.0	5.214493379045403	1	0	1	0	7.76448	0.20371272083054603	59.0	0.9988330919040721	0.09804585433849744	1	above_T95	unlabeled_out_of_neutral_domain_T95	unlabeled_out_of_neutral_domain_T95	above_T95
m.3019G>A	3019	G	A	unlabeled	0	0	0	unlabeled_or_other	not_neutral_reference	2.0	pos2	0.88792	0.00082660234	0.0	0.00082660234	3.082178290060857	6.0	3.082178290060857	1	0	1	0	-0.0919606	0.2034202766486467	60.0	0.9988129727989699	0.09804585433849744	1	above_T95	unlabeled_out_of_neutral_domain_T95	unlabeled_out_of_neutral_domain_T95	above_T95
m.9928A>G	9928	A	G	unlabeled	0	0	0	unlabeled_or_other	not_neutral_reference	2.0	pos2	0.8531	5.1024836e-06	0.0	5.1024836e-06	5.214493379045403	6.0	5.214493379045403	1	0	1	0	8.69774	0.2034129852555514	61.0	0.9987928536938677	0.09804585433849744	1	above_T95	unlabeled_out_of_neutral_domain_T95	unlabeled_out_of_neutral_domain_T95	above_T95
m.5344T>C	5344	T	C	unlabeled	0	0	0	unlabeled_or_other	not_neutral_reference	2.0	pos2	0.88684	1.0204967e-05	0.0	1.0204967e-05	4.95058941817747	6.0	4.95058941817747	1	0	1	0	7.52745	0.20335470029234637	62.0	0.9987727345887655	0.09804585433849744	1	above_T95	unlabeled_out_of_neutral_domain_T95	unlabeled_out_of_neutral_domain_T95	above_T95
m.2470G>A	2470	G	A	unlabeled	0	0	0	unlabeled_or_other	not_neutral_reference	2.0	pos2	0.90069	5.1024836e-06	0.0	5.1024836e-06	5.214493379045403	6.0	5.214493379045403	1	0	1	0	7.60056	0.20333192597875238	63.0	0.9987324963785611	0.09804585433849744	1	above_T95	unlabeled_out_of_neutral_domain_T95	unlabeled_out_of_neutral_domain_T95	above_T95
m.15570T>C	15570	T	C	unlabeled	0	0	0	unlabeled_or_other	not_neutral_reference	2.0	pos2	0.90283	5.1024836e-06	0.0	5.1024836e-06	5.214493379045403	6.0	5.214493379045403	1	0	1	0	7.4384	0.20333192597875238	63.0	0.9987324963785611	0.09804585433849744	1	above_T95	unlabeled_out_of_neutral_domain_T95	unlabeled_out_of_neutral_domain_T95	above_T95
m.6517G>A	6517	G	A	unlabeled	0	0	0	unlabeled_or_other	not_neutral_reference	2.0	pos2	0.92936	5.1024836e-06	0.0	5.1024836e-06	5.214493379045403	6.0	5.214493379045403	1	0	1	0	7.53117	0.20333192597875238	63.0	0.9987324963785611	0.09804585433849744	1	above_T95	unlabeled_out_of_neutral_domain_T95	unlabeled_out_of_neutral_domain_T95	above_T95
m.6166G>A	6166	G	A	unlabeled	0	0	0	unlabeled_or_other	not_neutral_reference	2.0	pos2	0.95356	1.77204e-05	0.0	1.77204e-05	4.727684875900433	6.0	4.727684875900433	1	0	1	0	6.36459	0.20326497888222794	66.0	0.9986922581683567	0.09804585433849744	1	above_T95	unlabeled_out_of_neutral_domain_T95	unlabeled_out_of_neutral_domain_T95	above_T95
m.3683A>G	3683	A	G	unlabeled	0	0	0	unlabeled_or_other	not_neutral_reference	2.0	pos2	0.90407	3.54396e-05	0.0	3.54396e-05	4.438426398953326	6.0	4.438426398953326	1	0	1	0	6.72618	0.2031304984234168	67.0	0.9986721390632545	0.09804585433849744	1	above_T95	unlabeled_out_of_neutral_domain_T95	unlabeled_out_of_neutral_domain_T95	above_T95
m.3031G>A	3031	G	A	unlabeled	0	0	0	unlabeled_or_other	not_neutral_reference	2.0	pos2	0.94677	1.77211e-05	0.0	1.77211e-05	4.727668636906944	6.0	4.727668636906944	1	0	1	0	6.41709	0.20307467685030722	68.0	0.9986520199581522	0.09804585433849744	1	above_T95	unlabeled_out_of_neutral_domain_T95	unlabeled_out_of_neutral_domain_T95	above_T95
m.3016G>A	3016	G	A	unlabeled	0	0	0	unlabeled_or_other	not_neutral_reference	2.0	pos2	0.87803	1.530745e-05	0.0	1.530745e-05	4.7876139443864885	6.0	4.7876139443864885	1	0	1	0	7.60056	0.20302976970733633	69.0	0.9986319008530501	0.09804585433849744	1	above_T95	unlabeled_out_of_neutral_domain_T95	unlabeled_out_of_neutral_domain_T95	above_T95
m.2536G>A	2536	G	A	unlabeled	0	0	0	unlabeled_or_other	not_neutral_reference	2.0	pos2	0.82368	1.77223e-05	0.0	1.77223e-05	4.7276408000449885	6.0	4.7276408000449885	1	0	1	0	9.37576	0.20292053385065045	70.0	0.9986117817479478	0.09804585433849744	1	above_T95	unlabeled_out_of_neutral_domain_T95	unlabeled_out_of_neutral_domain_T95	above_T95
m.5239T>C	5239	T	C	unlabeled	0	0	0	unlabeled_or_other	not_neutral_reference	2.0	pos2	0.97012	1.530745e-05	0.0	1.530745e-05	4.7876139443864885	6.0	4.7876139443864885	1	0	1	0	5.89446	0.20289853581755213	71.0	0.9985916626428456	0.09804585433849744	1	above_T95	unlabeled_out_of_neutral_domain_T95	unlabeled_out_of_neutral_domain_T95	above_T95
m.7192T>C	7192	T	C	unlabeled	0	0	0	unlabeled_or_other	not_neutral_reference	2.0	pos2	0.98105	5.1024836e-06	0.0	5.1024836e-06	5.214493379045403	6.0	5.214493379045403	1	0	1	0	5.89796	0.202856222168173	72.0	0.9985715435377435	0.09804585433849744	1	above_T95	unlabeled_out_of_neutral_domain_T95	unlabeled_out_of_neutral_domain_T95	above_T95
m.6169C>T	6169	C	T	unlabeled	0	0	0	unlabeled_or_other	not_neutral_reference	2.0	pos2	0.95754	1.0204967e-05	0.0	1.0204967e-05	4.95058941817747	6.0	4.95058941817747	1	0	1	0	5.66465	0.20274777533597355	73.0	0.9985514244326412	0.09804585433849744	1	above_T95	unlabeled_out_of_neutral_domain_T95	unlabeled_out_of_neutral_domain_T95	above_T95
m.11766G>A	11766	G	A	unlabeled	0	0	0	unlabeled_or_other	not_neutral_reference	2.0	pos2	0.9541	1.77208e-05	0.0	1.77208e-05	4.727675596401231	6.0	4.727675596401231	1	0	1	0	5.31032	0.20269422725852626	74.0	0.998531305327539	0.09804585433849744	1	above_T95	unlabeled_out_of_neutral_domain_T95	unlabeled_out_of_neutral_domain_T95	above_T95
m.11865T>C	11865	T	C	unlabeled	0	0	0	unlabeled_or_other	not_neutral_reference	2.0	pos2	0.94417	1.77201e-05	0.0	1.77201e-05	4.727691835654954	6.0	4.727691835654954	1	0	1	0	5.77472	0.20267450728873249	75.0	0.9985111862224368	0.09804585433849744	1	above_T95	unlabeled_out_of_neutral_domain_T95	unlabeled_out_of_neutral_domain_T95	above_T95
m.15549T>C	15549	T	C	unlabeled	0	0	0	unlabeled_or_other	not_neutral_reference	2.0	pos2	0.88128	5.1024836e-06	0.0	5.1024836e-06	5.214493379045403	6.0	5.214493379045403	1	0	1	0	7.4384	0.2026660307449638	76.0	0.9984508289071302	0.09804585433849744	1	above_T95	unlabeled_out_of_neutral_domain_T95	unlabeled_out_of_neutral_domain_T95	above_T95
m.6982A>G	6982	A	G	unlabeled	0	0	0	unlabeled_or_other	not_neutral_reference	2.0	pos2	0.91864	5.1024836e-06	0.0	5.1024836e-06	5.214493379045403	6.0	5.214493379045403	1	0	1	0	7.06454	0.2026660307449638	76.0	0.9984508289071302	0.09804585433849744	1	above_T95	unlabeled_out_of_neutral_domain_T95	unlabeled_out_of_neutral_domain_T95	above_T95
m.3028A>G	3028	A	G	unlabeled	0	0	0	unlabeled_or_other	not_neutral_reference	2.0	pos2	0.93159	5.1024836e-06	0.0	5.1024836e-06	5.214493379045403	6.0	5.214493379045403	1	0	1	0	7.00883	0.2026660307449638	76.0	0.9984508289071302	0.09804585433849744	1	above_T95	unlabeled_out_of_neutral_domain_T95	unlabeled_out_of_neutral_domain_T95	above_T95
m.3614T>C	3614	T	C	unlabeled	0	0	0	unlabeled_or_other	not_neutral_reference	2.0	pos2	0.88165	5.1024836e-06	0.0	5.1024836e-06	5.214493379045403	6.0	5.214493379045403	1	0	1	0	7.42339	0.2026660307449638	76.0	0.9984508289071302	0.09804585433849744	1	above_T95	unlabeled_out_of_neutral_domain_T95	unlabeled_out_of_neutral_domain_T95	above_T95
m.7021T>C	7021	T	C	unlabeled	0	0	0	unlabeled_or_other	not_neutral_reference	2.0	pos2	0.97212	5.1024836e-06	0.0	5.1024836e-06	5.214493379045403	6.0	5.214493379045403	1	0	1	0	5.89796	0.2026660307449638	76.0	0.9984508289071302	0.09804585433849744	1	above_T95	unlabeled_out_of_neutral_domain_T95	unlabeled_out_of_neutral_domain_T95	above_T95
m.10552C>G	10552	C	G	unlabeled	0	0	0	unlabeled_or_other	not_neutral_reference	2.0	pos2	0.85618	1.77198e-05	0.0	1.77198e-05	4.72769879552101	6.0	4.72769879552101	1	0	1	0	7.53117	0.20261552159967866	81.0	0.9983904715918236	0.09804585433849744	1	above_T95	unlabeled_out_of_neutral_domain_T95	unlabeled_out_of_neutral_domain_T95	above_T95
m.11742G>A	11742	G	A	unlabeled	0	0	0	unlabeled_or_other	not_neutral_reference	2.0	pos2	0.91406	1.77214e-05	0.0	1.77214e-05	4.72766167752418	6.0	4.72766167752418	1	0	1	0	6.23913	0.20228290580621555	82.0	0.9983703524867213	0.09804585433849744	1	above_T95	unlabeled_out_of_neutral_domain_T95	unlabeled_out_of_neutral_domain_T95	above_T95
m.6709G>A	6709	G	A	unlabeled	0	0	0	unlabeled_or_other	not_neutral_reference	2.0	pos2	0.90365	1.77217e-05	0.0	1.77217e-05	4.727654718252935	6.0	4.727654718252935	1	0	1	0	6.36459	0.2021878812349176	83.0	0.9983502333816192	0.09804585433849744	1	above_T95	unlabeled_out_of_neutral_domain_T95	unlabeled_out_of_neutral_domain_T95	above_T95
m.2482A>G	2482	A	G	unlabeled	0	0	0	unlabeled_or_other	not_neutral_reference	2.0	pos2	0.87305	1.0204967e-05	0.0	1.0204967e-05	4.95058941817747	6.0	4.95058941817747	1	0	1	0	6.81158	0.20211849949800165	84.0	0.998330114276517	0.09804585433849744	1	above_T95	unlabeled_out_of_neutral_domain_T95	unlabeled_out_of_neutral_domain_T95	above_T95
m.3893C>T	3893	C	T	unlabeled	0	0	0	unlabeled_or_other	not_neutral_reference	2.0	pos2	0.94188	1.0204967e-05	0.0	1.0204967e-05	4.95058941817747	6.0	4.95058941817747	1	0	1	0	5.56417	0.20198743571414945	85.0	0.9983099951714147	0.09804585433849744	1	above_T95	unlabeled_out_of_neutral_domain_T95	unlabeled_out_of_neutral_domain_T95	above_T95
m.8046T>C	8046	T	C	unlabeled	0	0	0	unlabeled_or_other	not_neutral_reference	2.0	pos2	0.8952	1.77214e-05	0.0	1.77214e-05	4.72766167752418	6.0	4.72766167752418	1	0	1	0	5.89796	0.20190288465963457	86.0	0.9982898760663126	0.09804585433849744	1	above_T95	unlabeled_out_of_neutral_domain_T95	unlabeled_out_of_neutral_domain_T95	above_T95
m.6787T>C	6787	T	C	unlabeled	0	0	0	unlabeled_or_other	not_neutral_reference	2.0	pos2	0.99994	1.0204967e-05	0.0	1.0204967e-05	4.95058941817747	6.0	4.95058941817747	1	0	1	0	4.73139	0.20179747938273707	87.0	0.9982697569612103	0.09804585433849744	1	above_T95	unlabeled_out_of_neutral_domain_T95	unlabeled_out_of_neutral_domain_T95	above_T95
m.2512A>C	2512	A	C	unlabeled	0	0	0	unlabeled_or_other	not_neutral_reference	2.0	pos2	0.91584	1.77198e-05	0.0	1.77198e-05	4.72769879552101	6.0	4.72769879552101	1	0	1	0	5.82536	0.20159831398840833	88.0	0.998239578303557	0.09804585433849744	1	above_T95	unlabeled_out_of_neutral_domain_T95	unlabeled_out_of_neutral_domain_T95	above_T95
m.5005T>C	5005	T	C	unlabeled	0	0	0	unlabeled_or_other	not_neutral_reference	2.0	pos2	0.92821	1.77198e-05	0.0	1.77198e-05	4.72769879552101	6.0	4.72769879552101	1	0	1	0	5.85688	0.20159831398840833	88.0	0.998239578303557	0.09804585433849744	1	above_T95	unlabeled_out_of_neutral_domain_T95	unlabeled_out_of_neutral_domain_T95	above_T95
m.6565A>G	6565	A	G	unlabeled	0	0	0	unlabeled_or_other	not_neutral_reference	2.0	pos2	0.95021	5.1024836e-06	0.0	5.1024836e-06	5.214493379045403	6.0	5.214493379045403	1	0	1	0	5.66465	0.20152596249184096	90.0	0.9982093996459037	0.09804585433849744	1	above_T95	unlabeled_out_of_neutral_domain_T95	unlabeled_out_of_neutral_domain_T95	above_T95
m.1594G>A	1594	G	A	unlabeled	0	0	0	unlabeled_or_other	not_neutral_reference	2.0	pos2	0.88466	1.77239e-05	0.0	1.77239e-05	4.727603687004335	6.0	4.727603687004335	1	0	1	0	6.22703	0.20152306915108142	91.0	0.9981892805408016	0.09804585433849744	1	above_T95	unlabeled_out_of_neutral_domain_T95	unlabeled_out_of_neutral_domain_T95	above_T95
m.11784T>C	11784	T	C	unlabeled	0	0	0	unlabeled_or_other	not_neutral_reference	2.0	pos2	0.83451	1.77214e-05	0.0	1.77214e-05	4.72766167752418	6.0	4.72766167752418	1	0	1	0	7.40016	0.20140030362752448	92.0	0.9981691614356993	0.09804585433849744	1	above_T95	unlabeled_out_of_neutral_domain_T95	unlabeled_out_of_neutral_domain_T95	above_T95
m.9984G>A	9984	G	A	unlabeled	0	0	0	unlabeled_or_other	not_neutral_reference	1.0	pos1	1.0	0.000106372	0.0	0.000106372	3.9691089572854694	6.0	3.9691089572854694	1	1	0	0	9.39769	0.20124715861798692	93.0	0.9981490423305971	0.09804585433849744	1	above_T95	unlabeled_out_of_neutral_domain_T95	unlabeled_out_of_neutral_domain_T95	above_T95
m.13094T>C	13094	T	C	pathogenic_confirmed	0	1	1	article_pathogenic_posthoc	not_neutral_reference	2.0	pos2	0.94227	5.1024836e-06	0.0	5.1024836e-06	5.214493379045403	6.0	5.214493379045403	1	0	1	0	5.65586	0.20124123456912224	94.0	0.9981188636729438	0.09804585433849744	1	above_T95	article_pathogenic_above_T95	exclude_posthoc_or_other	above_T95
m.6835T>C	6835	T	C	unlabeled	0	0	0	unlabeled_or_other	not_neutral_reference	2.0	pos2	0.9449	5.1024836e-06	0.0	5.1024836e-06	5.214493379045403	6.0	5.214493379045403	1	0	1	0	5.89796	0.20124123456912224	94.0	0.9981188636729438	0.09804585433849744	1	above_T95	unlabeled_out_of_neutral_domain_T95	unlabeled_out_of_neutral_domain_T95	above_T95
m.11529T>C	11529	T	C	unlabeled	0	0	0	unlabeled_or_other	not_neutral_reference	2.0	pos2	0.97317	3.5444e-05	0.0	3.5444e-05	4.43837396203411	6.0	4.43837396203411	1	0	1	0	4.6137	0.20110744291690597	96.0	0.9980886850152905	0.09804585433849744	1	above_T95	unlabeled_out_of_neutral_domain_T95	unlabeled_out_of_neutral_domain_T95	above_T95
m.6133G>C	6133	G	C	unlabeled	0	0	0	unlabeled_or_other	not_neutral_reference	2.0	pos2	0.80892	5.1024836e-06	0.0	5.1024836e-06	5.214493379045403	6.0	5.214493379045403	1	0	1	0	9.39372	0.20110055242493208	97.0	0.9980685659101883	0.09804585433849744	1	above_T95	unlabeled_out_of_neutral_domain_T95	unlabeled_out_of_neutral_domain_T95	above_T95
m.6397T>C	6397	T	C	unlabeled	0	0	0	unlabeled_or_other	not_neutral_reference	2.0	pos2	0.81719	1.77204e-05	0.0	1.77204e-05	4.727684875900433	6.0	4.727684875900433	1	0	1	0	7.53117	0.20102076007692238	98.0	0.998028327699984	0.09804585433849744	1	above_T95	unlabeled_out_of_neutral_domain_T95	unlabeled_out_of_neutral_domain_T95	above_T95
m.10433T>C	10433	T	C	unlabeled	0	0	0	unlabeled_or_other	not_neutral_reference	2.0	pos2	0.81996	1.77204e-05	0.0	1.77204e-05	4.727684875900433	6.0	4.727684875900433	1	0	1	0	7.53117	0.20102076007692238	98.0	0.998028327699984	0.09804585433849744	1	above_T95	unlabeled_out_of_neutral_domain_T95	unlabeled_out_of_neutral_domain_T95	above_T95
m.9247G>A	9247	G	A	unlabeled	0	0	0	unlabeled_or_other	not_neutral_reference	2.0	pos2	0.82998	1.77242e-05	0.0	1.77242e-05	4.727596728662279	6.0	4.727596728662279	1	0	1	0	7.53117	0.20102076007692238	98.0	0.998028327699984	0.09804585433849744	1	above_T95	unlabeled_out_of_neutral_domain_T95	unlabeled_out_of_neutral_domain_T95	above_T95
