variant_id	position	reference	alternate	validation_label	is_neutral_dataset8	is_pathogenic_dataset9	is_disease_suspected_dataset3	analysis_group	mlc_score	pop_af_max	pop_af_hom_max	mlc_component_raw	rarity_soft_raw	no_homoplasmic_component_raw	mlc_component_z	rarity_soft_z	no_homoplasmic_component_z	directional_score_v3	directional_score_v3_rank	directional_score_v3_percentile	directional_score_v3_above_T90	directional_score_v3_above_T95	directional_score_v3_above_T99
m.4843C>G	4843	C	G	neutral	1	0	0	neutral_reference	1.0	0.0	0.0	1.0	6.0	1	3.9562992243200226	1.2898808765365453	1.5342249358702764	3.1685909229516653	1	0.9840857878641558	1	1	1
m.3687C>G	3687	C	G	unlabeled	0	0	0	unlabeled_or_other	1.0	0.0	0.0	1.0	6.0	1	3.9562992243200226	1.2898808765365453	1.5342249358702764	3.1685909229516653	1	0.9840857878641558	1	1	1
m.3658T>A	3658	T	A	unlabeled	0	0	0	unlabeled_or_other	1.0	0.0	0.0	1.0	6.0	1	3.9562992243200226	1.2898808765365453	1.5342249358702764	3.1685909229516653	1	0.9840857878641558	1	1	1
m.3659G>A	3659	G	A	unlabeled	0	0	0	unlabeled_or_other	1.0	0.0	0.0	1.0	6.0	1	3.9562992243200226	1.2898808765365453	1.5342249358702764	3.1685909229516653	1	0.9840857878641558	1	1	1
m.6736T>G	6736	T	G	unlabeled	0	0	0	unlabeled_or_other	1.0	0.0	0.0	1.0	6.0	1	3.9562992243200226	1.2898808765365453	1.5342249358702764	3.1685909229516653	1	0.9840857878641558	1	1	1
m.3662C>A	3662	C	A	unlabeled	0	0	0	unlabeled_or_other	1.0	0.0	0.0	1.0	6.0	1	3.9562992243200226	1.2898808765365453	1.5342249358702764	3.1685909229516653	1	0.9840857878641558	1	1	1
m.3664G>A	3664	G	A	unlabeled	0	0	0	unlabeled_or_other	1.0	0.0	0.0	1.0	6.0	1	3.9562992243200226	1.2898808765365453	1.5342249358702764	3.1685909229516653	1	0.9840857878641558	1	1	1
m.6733T>G	6733	T	G	unlabeled	0	0	0	unlabeled_or_other	1.0	0.0	0.0	1.0	6.0	1	3.9562992243200226	1.2898808765365453	1.5342249358702764	3.1685909229516653	1	0.9840857878641558	1	1	1
m.3667T>A	3667	T	A	unlabeled	0	0	0	unlabeled_or_other	1.0	0.0	0.0	1.0	6.0	1	3.9562992243200226	1.2898808765365453	1.5342249358702764	3.1685909229516653	1	0.9840857878641558	1	1	1
m.3668G>A	3668	G	A	unlabeled	0	0	0	unlabeled_or_other	1.0	0.0	0.0	1.0	6.0	1	3.9562992243200226	1.2898808765365453	1.5342249358702764	3.1685909229516653	1	0.9840857878641558	1	1	1
m.3674C>A	3674	C	A	unlabeled	0	0	0	unlabeled_or_other	1.0	0.0	0.0	1.0	6.0	1	3.9562992243200226	1.2898808765365453	1.5342249358702764	3.1685909229516653	1	0.9840857878641558	1	1	1
m.3680C>A	3680	C	A	unlabeled	0	0	0	unlabeled_or_other	1.0	0.0	0.0	1.0	6.0	1	3.9562992243200226	1.2898808765365453	1.5342249358702764	3.1685909229516653	1	0.9840857878641558	1	1	1
m.11848C>A	11848	C	A	unlabeled	0	0	0	unlabeled_or_other	1.0	0.0	0.0	1.0	6.0	1	3.9562992243200226	1.2898808765365453	1.5342249358702764	3.1685909229516653	1	0.9840857878641558	1	1	1
m.11848C>G	11848	C	G	unlabeled	0	0	0	unlabeled_or_other	1.0	0.0	0.0	1.0	6.0	1	3.9562992243200226	1.2898808765365453	1.5342249358702764	3.1685909229516653	1	0.9840857878641558	1	1	1
m.6727G>A	6727	G	A	unlabeled	0	0	0	unlabeled_or_other	1.0	0.0	0.0	1.0	6.0	1	3.9562992243200226	1.2898808765365453	1.5342249358702764	3.1685909229516653	1	0.9840857878641558	1	1	1
m.3687C>A	3687	C	A	unlabeled	0	0	0	unlabeled_or_other	1.0	0.0	0.0	1.0	6.0	1	3.9562992243200226	1.2898808765365453	1.5342249358702764	3.1685909229516653	1	0.9840857878641558	1	1	1
m.6726T>A	6726	T	A	unlabeled	0	0	0	unlabeled_or_other	1.0	0.0	0.0	1.0	6.0	1	3.9562992243200226	1.2898808765365453	1.5342249358702764	3.1685909229516653	1	0.9840857878641558	1	1	1
m.3811C>T	3811	C	T	unlabeled	0	0	0	unlabeled_or_other	1.0	0.0	0.0	1.0	6.0	1	3.9562992243200226	1.2898808765365453	1.5342249358702764	3.1685909229516653	1	0.9840857878641558	1	1	1
m.6721T>G	6721	T	G	unlabeled	0	0	0	unlabeled_or_other	1.0	0.0	0.0	1.0	6.0	1	3.9562992243200226	1.2898808765365453	1.5342249358702764	3.1685909229516653	1	0.9840857878641558	1	1	1
m.3706C>A	3706	C	A	unlabeled	0	0	0	unlabeled_or_other	1.0	0.0	0.0	1.0	6.0	1	3.9562992243200226	1.2898808765365453	1.5342249358702764	3.1685909229516653	1	0.9840857878641558	1	1	1
m.6715T>G	6715	T	G	unlabeled	0	0	0	unlabeled_or_other	1.0	0.0	0.0	1.0	6.0	1	3.9562992243200226	1.2898808765365453	1.5342249358702764	3.1685909229516653	1	0.9840857878641558	1	1	1
m.6713C>G	6713	C	G	unlabeled	0	0	0	unlabeled_or_other	1.0	0.0	0.0	1.0	6.0	1	3.9562992243200226	1.2898808765365453	1.5342249358702764	3.1685909229516653	1	0.9840857878641558	1	1	1
m.6713C>A	6713	C	A	unlabeled	0	0	0	unlabeled_or_other	1.0	0.0	0.0	1.0	6.0	1	3.9562992243200226	1.2898808765365453	1.5342249358702764	3.1685909229516653	1	0.9840857878641558	1	1	1
m.3718C>T	3718	C	T	unlabeled	0	0	0	unlabeled_or_other	1.0	0.0	0.0	1.0	6.0	1	3.9562992243200226	1.2898808765365453	1.5342249358702764	3.1685909229516653	1	0.9840857878641558	1	1	1
m.6708G>A	6708	G	A	unlabeled	0	0	0	unlabeled_or_other	1.0	0.0	0.0	1.0	6.0	1	3.9562992243200226	1.2898808765365453	1.5342249358702764	3.1685909229516653	1	0.9840857878641558	1	1	1
m.3722C>G	3722	C	G	unlabeled	0	0	0	unlabeled_or_other	1.0	0.0	0.0	1.0	6.0	1	3.9562992243200226	1.2898808765365453	1.5342249358702764	3.1685909229516653	1	0.9840857878641558	1	1	1
m.3728C>A	3728	C	A	unlabeled	0	0	0	unlabeled_or_other	1.0	0.0	0.0	1.0	6.0	1	3.9562992243200226	1.2898808765365453	1.5342249358702764	3.1685909229516653	1	0.9840857878641558	1	1	1
m.6699G>T	6699	G	T	unlabeled	0	0	0	unlabeled_or_other	1.0	0.0	0.0	1.0	6.0	1	3.9562992243200226	1.2898808765365453	1.5342249358702764	3.1685909229516653	1	0.9840857878641558	1	1	1
m.6697A>G	6697	A	G	unlabeled	0	0	0	unlabeled_or_other	1.0	0.0	0.0	1.0	6.0	1	3.9562992243200226	1.2898808765365453	1.5342249358702764	3.1685909229516653	1	0.9840857878641558	1	1	1
m.6696A>T	6696	A	T	unlabeled	0	0	0	unlabeled_or_other	1.0	0.0	0.0	1.0	6.0	1	3.9562992243200226	1.2898808765365453	1.5342249358702764	3.1685909229516653	1	0.9840857878641558	1	1	1
m.3732T>A	3732	T	A	unlabeled	0	0	0	unlabeled_or_other	1.0	0.0	0.0	1.0	6.0	1	3.9562992243200226	1.2898808765365453	1.5342249358702764	3.1685909229516653	1	0.9840857878641558	1	1	1
m.3732T>G	3732	T	G	unlabeled	0	0	0	unlabeled_or_other	1.0	0.0	0.0	1.0	6.0	1	3.9562992243200226	1.2898808765365453	1.5342249358702764	3.1685909229516653	1	0.9840857878641558	1	1	1
m.6739C>A	6739	C	A	unlabeled	0	0	0	unlabeled_or_other	1.0	0.0	0.0	1.0	6.0	1	3.9562992243200226	1.2898808765365453	1.5342249358702764	3.1685909229516653	1	0.9840857878641558	1	1	1
m.3650C>A	3650	C	A	unlabeled	0	0	0	unlabeled_or_other	1.0	0.0	0.0	1.0	6.0	1	3.9562992243200226	1.2898808765365453	1.5342249358702764	3.1685909229516653	1	0.9840857878641558	1	1	1
m.11835G>A	11835	G	A	unlabeled	0	0	0	unlabeled_or_other	1.0	0.0	0.0	1.0	6.0	1	3.9562992243200226	1.2898808765365453	1.5342249358702764	3.1685909229516653	1	0.9840857878641558	1	1	1
m.11834T>A	11834	T	A	unlabeled	0	0	0	unlabeled_or_other	1.0	0.0	0.0	1.0	6.0	1	3.9562992243200226	1.2898808765365453	1.5342249358702764	3.1685909229516653	1	0.9840857878641558	1	1	1
m.6793T>G	6793	T	G	unlabeled	0	0	0	unlabeled_or_other	1.0	0.0	0.0	1.0	6.0	1	3.9562992243200226	1.2898808765365453	1.5342249358702764	3.1685909229516653	1	0.9840857878641558	1	1	1
m.11730C>A	11730	C	A	unlabeled	0	0	0	unlabeled_or_other	1.0	0.0	0.0	1.0	6.0	1	3.9562992243200226	1.2898808765365453	1.5342249358702764	3.1685909229516653	1	0.9840857878641558	1	1	1
m.6789G>A	6789	G	A	unlabeled	0	0	0	unlabeled_or_other	1.0	0.0	0.0	1.0	6.0	1	3.9562992243200226	1.2898808765365453	1.5342249358702764	3.1685909229516653	1	0.9840857878641558	1	1	1
m.11733T>A	11733	T	A	unlabeled	0	0	0	unlabeled_or_other	1.0	0.0	0.0	1.0	6.0	1	3.9562992243200226	1.2898808765365453	1.5342249358702764	3.1685909229516653	1	0.9840857878641558	1	1	1
m.6786G>C	6786	G	C	unlabeled	0	0	0	unlabeled_or_other	1.0	0.0	0.0	1.0	6.0	1	3.9562992243200226	1.2898808765365453	1.5342249358702764	3.1685909229516653	1	0.9840857878641558	1	1	1
m.11754C>A	11754	C	A	unlabeled	0	0	0	unlabeled_or_other	1.0	0.0	0.0	1.0	6.0	1	3.9562992243200226	1.2898808765365453	1.5342249358702764	3.1685909229516653	1	0.9840857878641558	1	1	1
m.11761C>A	11761	C	A	unlabeled	0	0	0	unlabeled_or_other	1.0	0.0	0.0	1.0	6.0	1	3.9562992243200226	1.2898808765365453	1.5342249358702764	3.1685909229516653	1	0.9840857878641558	1	1	1
m.11761C>G	11761	C	G	unlabeled	0	0	0	unlabeled_or_other	1.0	0.0	0.0	1.0	6.0	1	3.9562992243200226	1.2898808765365453	1.5342249358702764	3.1685909229516653	1	0.9840857878641558	1	1	1
m.11762G>T	11762	G	T	unlabeled	0	0	0	unlabeled_or_other	1.0	0.0	0.0	1.0	6.0	1	3.9562992243200226	1.2898808765365453	1.5342249358702764	3.1685909229516653	1	0.9840857878641558	1	1	1
m.6786G>A	6786	G	A	unlabeled	0	0	0	unlabeled_or_other	1.0	0.0	0.0	1.0	6.0	1	3.9562992243200226	1.2898808765365453	1.5342249358702764	3.1685909229516653	1	0.9840857878641558	1	1	1
m.11776T>A	11776	T	A	unlabeled	0	0	0	unlabeled_or_other	1.0	0.0	0.0	1.0	6.0	1	3.9562992243200226	1.2898808765365453	1.5342249358702764	3.1685909229516653	1	0.9840857878641558	1	1	1
m.11776T>G	11776	T	G	unlabeled	0	0	0	unlabeled_or_other	1.0	0.0	0.0	1.0	6.0	1	3.9562992243200226	1.2898808765365453	1.5342249358702764	3.1685909229516653	1	0.9840857878641558	1	1	1
m.6786G>T	6786	G	T	unlabeled	0	0	0	unlabeled_or_other	1.0	0.0	0.0	1.0	6.0	1	3.9562992243200226	1.2898808765365453	1.5342249358702764	3.1685909229516653	1	0.9840857878641558	1	1	1
m.6784C>G	6784	C	G	unlabeled	0	0	0	unlabeled_or_other	1.0	0.0	0.0	1.0	6.0	1	3.9562992243200226	1.2898808765365453	1.5342249358702764	3.1685909229516653	1	0.9840857878641558	1	1	1
m.11784T>G	11784	T	G	unlabeled	0	0	0	unlabeled_or_other	1.0	0.0	0.0	1.0	6.0	1	3.9562992243200226	1.2898808765365453	1.5342249358702764	3.1685909229516653	1	0.9840857878641558	1	1	1
m.6778T>G	6778	T	G	unlabeled	0	0	0	unlabeled_or_other	1.0	0.0	0.0	1.0	6.0	1	3.9562992243200226	1.2898808765365453	1.5342249358702764	3.1685909229516653	1	0.9840857878641558	1	1	1
m.11795C>T	11795	C	T	unlabeled	0	0	0	unlabeled_or_other	1.0	0.0	0.0	1.0	6.0	1	3.9562992243200226	1.2898808765365453	1.5342249358702764	3.1685909229516653	1	0.9840857878641558	1	1	1
m.11798G>A	11798	G	A	unlabeled	0	0	0	unlabeled_or_other	1.0	0.0	0.0	1.0	6.0	1	3.9562992243200226	1.2898808765365453	1.5342249358702764	3.1685909229516653	1	0.9840857878641558	1	1	1
m.11804C>T	11804	C	T	unlabeled	0	0	0	unlabeled_or_other	1.0	0.0	0.0	1.0	6.0	1	3.9562992243200226	1.2898808765365453	1.5342249358702764	3.1685909229516653	1	0.9840857878641558	1	1	1
m.6766G>A	6766	G	A	unlabeled	0	0	0	unlabeled_or_other	1.0	0.0	0.0	1.0	6.0	1	3.9562992243200226	1.2898808765365453	1.5342249358702764	3.1685909229516653	1	0.9840857878641558	1	1	1
m.3636C>A	3636	C	A	unlabeled	0	0	0	unlabeled_or_other	1.0	0.0	0.0	1.0	6.0	1	3.9562992243200226	1.2898808765365453	1.5342249358702764	3.1685909229516653	1	0.9840857878641558	1	1	1
m.3636C>G	3636	C	G	unlabeled	0	0	0	unlabeled_or_other	1.0	0.0	0.0	1.0	6.0	1	3.9562992243200226	1.2898808765365453	1.5342249358702764	3.1685909229516653	1	0.9840857878641558	1	1	1
m.6765T>A	6765	T	A	unlabeled	0	0	0	unlabeled_or_other	1.0	0.0	0.0	1.0	6.0	1	3.9562992243200226	1.2898808765365453	1.5342249358702764	3.1685909229516653	1	0.9840857878641558	1	1	1
m.11823T>G	11823	T	G	unlabeled	0	0	0	unlabeled_or_other	1.0	0.0	0.0	1.0	6.0	1	3.9562992243200226	1.2898808765365453	1.5342249358702764	3.1685909229516653	1	0.9840857878641558	1	1	1
m.6753G>A	6753	G	A	unlabeled	0	0	0	unlabeled_or_other	1.0	0.0	0.0	1.0	6.0	1	3.9562992243200226	1.2898808765365453	1.5342249358702764	3.1685909229516653	1	0.9840857878641558	1	1	1
m.11831T>A	11831	T	A	unlabeled	0	0	0	unlabeled_or_other	1.0	0.0	0.0	1.0	6.0	1	3.9562992243200226	1.2898808765365453	1.5342249358702764	3.1685909229516653	1	0.9840857878641558	1	1	1
m.11832G>A	11832	G	A	unlabeled	0	0	0	unlabeled_or_other	1.0	0.0	0.0	1.0	6.0	1	3.9562992243200226	1.2898808765365453	1.5342249358702764	3.1685909229516653	1	0.9840857878641558	1	1	1
m.3648C>A	3648	C	A	unlabeled	0	0	0	unlabeled_or_other	1.0	0.0	0.0	1.0	6.0	1	3.9562992243200226	1.2898808765365453	1.5342249358702764	3.1685909229516653	1	0.9840857878641558	1	1	1
m.3648C>G	3648	C	G	unlabeled	0	0	0	unlabeled_or_other	1.0	0.0	0.0	1.0	6.0	1	3.9562992243200226	1.2898808765365453	1.5342249358702764	3.1685909229516653	1	0.9840857878641558	1	1	1
m.3733G>T	3733	G	T	unlabeled	0	0	0	unlabeled_or_other	1.0	0.0	0.0	1.0	6.0	1	3.9562992243200226	1.2898808765365453	1.5342249358702764	3.1685909229516653	1	0.9840857878641558	1	1	1
m.6694A>G	6694	A	G	unlabeled	0	0	0	unlabeled_or_other	1.0	0.0	0.0	1.0	6.0	1	3.9562992243200226	1.2898808765365453	1.5342249358702764	3.1685909229516653	1	0.9840857878641558	1	1	1
m.6693A>T	6693	A	T	unlabeled	0	0	0	unlabeled_or_other	1.0	0.0	0.0	1.0	6.0	1	3.9562992243200226	1.2898808765365453	1.5342249358702764	3.1685909229516653	1	0.9840857878641558	1	1	1
m.12000C>G	12000	C	G	unlabeled	0	0	0	unlabeled_or_other	1.0	0.0	0.0	1.0	6.0	1	3.9562992243200226	1.2898808765365453	1.5342249358702764	3.1685909229516653	1	0.9840857878641558	1	1	1
m.12005T>A	12005	T	A	unlabeled	0	0	0	unlabeled_or_other	1.0	0.0	0.0	1.0	6.0	1	3.9562992243200226	1.2898808765365453	1.5342249358702764	3.1685909229516653	1	0.9840857878641558	1	1	1
m.12006G>A	12006	G	A	unlabeled	0	0	0	unlabeled_or_other	1.0	0.0	0.0	1.0	6.0	1	3.9562992243200226	1.2898808765365453	1.5342249358702764	3.1685909229516653	1	0.9840857878641558	1	1	1
m.12012C>A	12012	C	A	unlabeled	0	0	0	unlabeled_or_other	1.0	0.0	0.0	1.0	6.0	1	3.9562992243200226	1.2898808765365453	1.5342249358702764	3.1685909229516653	1	0.9840857878641558	1	1	1
m.12036T>G	12036	T	G	unlabeled	0	0	0	unlabeled_or_other	1.0	0.0	0.0	1.0	6.0	1	3.9562992243200226	1.2898808765365453	1.5342249358702764	3.1685909229516653	1	0.9840857878641558	1	1	1
m.12038A>T	12038	A	T	unlabeled	0	0	0	unlabeled_or_other	1.0	0.0	0.0	1.0	6.0	1	3.9562992243200226	1.2898808765365453	1.5342249358702764	3.1685909229516653	1	0.9840857878641558	1	1	1
m.12039A>G	12039	A	G	unlabeled	0	0	0	unlabeled_or_other	1.0	0.0	0.0	1.0	6.0	1	3.9562992243200226	1.2898808765365453	1.5342249358702764	3.1685909229516653	1	0.9840857878641558	1	1	1
m.12045C>A	12045	C	A	unlabeled	0	0	0	unlabeled_or_other	1.0	0.0	0.0	1.0	6.0	1	3.9562992243200226	1.2898808765365453	1.5342249358702764	3.1685909229516653	1	0.9840857878641558	1	1	1
m.12051C>G	12051	C	G	unlabeled	0	0	0	unlabeled_or_other	1.0	0.0	0.0	1.0	6.0	1	3.9562992243200226	1.2898808765365453	1.5342249358702764	3.1685909229516653	1	0.9840857878641558	1	1	1
m.12053C>A	12053	C	A	unlabeled	0	0	0	unlabeled_or_other	1.0	0.0	0.0	1.0	6.0	1	3.9562992243200226	1.2898808765365453	1.5342249358702764	3.1685909229516653	1	0.9840857878641558	1	1	1
m.12056G>T	12056	G	T	unlabeled	0	0	0	unlabeled_or_other	1.0	0.0	0.0	1.0	6.0	1	3.9562992243200226	1.2898808765365453	1.5342249358702764	3.1685909229516653	1	0.9840857878641558	1	1	1
m.12069T>G	12069	T	G	unlabeled	0	0	0	unlabeled_or_other	1.0	0.0	0.0	1.0	6.0	1	3.9562992243200226	1.2898808765365453	1.5342249358702764	3.1685909229516653	1	0.9840857878641558	1	1	1
m.12075T>G	12075	T	G	unlabeled	0	0	0	unlabeled_or_other	1.0	0.0	0.0	1.0	6.0	1	3.9562992243200226	1.2898808765365453	1.5342249358702764	3.1685909229516653	1	0.9840857878641558	1	1	1
m.6627G>T	6627	G	T	unlabeled	0	0	0	unlabeled_or_other	1.0	0.0	0.0	1.0	6.0	1	3.9562992243200226	1.2898808765365453	1.5342249358702764	3.1685909229516653	1	0.9840857878641558	1	1	1
m.12125G>A	12125	G	A	unlabeled	0	0	0	unlabeled_or_other	1.0	0.0	0.0	1.0	6.0	1	3.9562992243200226	1.2898808765365453	1.5342249358702764	3.1685909229516653	1	0.9840857878641558	1	1	1
m.12344T>G	12344	T	G	unlabeled	0	0	0	unlabeled_or_other	1.0	0.0	0.0	1.0	6.0	1	3.9562992243200226	1.2898808765365453	1.5342249358702764	3.1685909229516653	1	0.9840857878641558	1	1	1
m.12356T>G	12356	T	G	unlabeled	0	0	0	unlabeled_or_other	1.0	0.0	0.0	1.0	6.0	1	3.9562992243200226	1.2898808765365453	1.5342249358702764	3.1685909229516653	1	0.9840857878641558	1	1	1
m.12418A>T	12418	A	T	unlabeled	0	0	0	unlabeled_or_other	1.0	0.0	0.0	1.0	6.0	1	3.9562992243200226	1.2898808765365453	1.5342249358702764	3.1685909229516653	1	0.9840857878641558	1	1	1
m.12419A>G	12419	A	G	unlabeled	0	0	0	unlabeled_or_other	1.0	0.0	0.0	1.0	6.0	1	3.9562992243200226	1.2898808765365453	1.5342249358702764	3.1685909229516653	1	0.9840857878641558	1	1	1
m.12421A>T	12421	A	T	unlabeled	0	0	0	unlabeled_or_other	1.0	0.0	0.0	1.0	6.0	1	3.9562992243200226	1.2898808765365453	1.5342249358702764	3.1685909229516653	1	0.9840857878641558	1	1	1
m.12422A>G	12422	A	G	unlabeled	0	0	0	unlabeled_or_other	1.0	0.0	0.0	1.0	6.0	1	3.9562992243200226	1.2898808765365453	1.5342249358702764	3.1685909229516653	1	0.9840857878641558	1	1	1
m.12428C>A	12428	C	A	unlabeled	0	0	0	unlabeled_or_other	1.0	0.0	0.0	1.0	6.0	1	3.9562992243200226	1.2898808765365453	1.5342249358702764	3.1685909229516653	1	0.9840857878641558	1	1	1
m.12432C>A	12432	C	A	unlabeled	0	0	0	unlabeled_or_other	1.0	0.0	0.0	1.0	6.0	1	3.9562992243200226	1.2898808765365453	1.5342249358702764	3.1685909229516653	1	0.9840857878641558	1	1	1
m.12432C>G	12432	C	G	unlabeled	0	0	0	unlabeled_or_other	1.0	0.0	0.0	1.0	6.0	1	3.9562992243200226	1.2898808765365453	1.5342249358702764	3.1685909229516653	1	0.9840857878641558	1	1	1
m.12441T>A	12441	T	A	neutral	1	0	0	neutral_reference	1.0	0.0	0.0	1.0	6.0	1	3.9562992243200226	1.2898808765365453	1.5342249358702764	3.1685909229516653	1	0.9840857878641558	1	1	1
m.12441T>G	12441	T	G	neutral	1	0	0	neutral_reference	1.0	0.0	0.0	1.0	6.0	1	3.9562992243200226	1.2898808765365453	1.5342249358702764	3.1685909229516653	1	0.9840857878641558	1	1	1
m.6609T>A	6609	T	A	unlabeled	0	0	0	unlabeled_or_other	1.0	0.0	0.0	1.0	6.0	1	3.9562992243200226	1.2898808765365453	1.5342249358702764	3.1685909229516653	1	0.9840857878641558	1	1	1
m.12445A>T	12445	A	T	unlabeled	0	0	0	unlabeled_or_other	1.0	0.0	0.0	1.0	6.0	1	3.9562992243200226	1.2898808765365453	1.5342249358702764	3.1685909229516653	1	0.9840857878641558	1	1	1
m.12446A>G	12446	A	G	unlabeled	0	0	0	unlabeled_or_other	1.0	0.0	0.0	1.0	6.0	1	3.9562992243200226	1.2898808765365453	1.5342249358702764	3.1685909229516653	1	0.9840857878641558	1	1	1
m.3806C>G	3806	C	G	unlabeled	0	0	0	unlabeled_or_other	1.0	0.0	0.0	1.0	6.0	1	3.9562992243200226	1.2898808765365453	1.5342249358702764	3.1685909229516653	1	0.9840857878641558	1	1	1
m.12002C>T	12002	C	T	unlabeled	0	0	0	unlabeled_or_other	1.0	0.0	0.0	1.0	6.0	1	3.9562992243200226	1.2898808765365453	1.5342249358702764	3.1685909229516653	1	0.9840857878641558	1	1	1
m.11997C>G	11997	C	G	unlabeled	0	0	0	unlabeled_or_other	1.0	0.0	0.0	1.0	6.0	1	3.9562992243200226	1.2898808765365453	1.5342249358702764	3.1685909229516653	1	0.9840857878641558	1	1	1
