variant_id	position	reference	alternate	validation_label	analysis_group	directional_mlc_only_score	directional_mlc_only_rank	directional_mlc_only_percentile	directional_mlc_only_above_T90	directional_mlc_only_above_T95	directional_mlc_only_above_T99	mlc_score	pop_af_max	pop_af_hom_max	pop_af_het_max	gnomad_observed	helix_observed	not_observed_in_any_population_db	rarity_pop_af_max	no_homoplasmic_population_signal
m.10959T>G	10959	T	G	unlabeled	unlabeled_or_other	3.9562992243200226	1	0.9838745372605826	1	1	1	1.0	0.0	0.0	0.0	0	0	1	12.0	1
m.8457C>G	8457	C	G	unlabeled	unlabeled_or_other	3.9562992243200226	1	0.9838745372605826	1	1	1	1.0	0.0	0.0	0.0	0	0	1	12.0	1
m.8510A>T	8510	A	T	unlabeled	unlabeled_or_other	3.9562992243200226	1	0.9838745372605826	1	1	1	1.0	0.0	0.0	0.0	0	0	1	12.0	1
m.8506T>G	8506	T	G	neutral	neutral_reference	3.9562992243200226	1	0.9838745372605826	1	1	1	1.0	0.0	0.0	0.0	0	0	1	12.0	1
m.8506T>A	8506	T	A	neutral	neutral_reference	3.9562992243200226	1	0.9838745372605826	1	1	1	1.0	0.0	0.0	0.0	1	0	0	12.0	1
m.8499A>G	8499	A	G	unlabeled	unlabeled_or_other	3.9562992243200226	1	0.9838745372605826	1	1	1	1.0	0.0	0.0	0.0	0	0	1	12.0	1
m.8498A>T	8498	A	T	unlabeled	unlabeled_or_other	3.9562992243200226	1	0.9838745372605826	1	1	1	1.0	0.0	0.0	0.0	0	0	1	12.0	1
m.8496T>G	8496	T	G	unlabeled	unlabeled_or_other	3.9562992243200226	1	0.9838745372605826	1	1	1	1.0	0.0	0.0	0.0	0	0	1	12.0	1
m.8493A>G	8493	A	G	unlabeled	unlabeled_or_other	3.9562992243200226	1	0.9838745372605826	1	1	1	1.0	0.0	0.0	0.0	0	0	1	12.0	1
m.8492A>T	8492	A	T	unlabeled	unlabeled_or_other	3.9562992243200226	1	0.9838745372605826	1	1	1	1.0	0.0	0.0	0.0	0	0	1	12.0	1
m.8490T>G	8490	T	G	unlabeled	unlabeled_or_other	3.9562992243200226	1	0.9838745372605826	1	1	1	1.0	0.0	0.0	0.0	0	0	1	12.0	1
m.8484A>G	8484	A	G	unlabeled	unlabeled_or_other	3.9562992243200226	1	0.9838745372605826	1	1	1	1.0	0.0	0.0	0.0	1	0	0	12.0	1
m.8483A>T	8483	A	T	unlabeled	unlabeled_or_other	3.9562992243200226	1	0.9838745372605826	1	1	1	1.0	0.0	0.0	0.0	0	0	1	12.0	1
m.8478C>A	8478	C	A	unlabeled	unlabeled_or_other	3.9562992243200226	1	0.9838745372605826	1	1	1	1.0	0.0	0.0	0.0	0	0	1	12.0	1
m.8464C>G	8464	C	G	unlabeled	unlabeled_or_other	3.9562992243200226	1	0.9838745372605826	1	1	1	1.0	0.0	0.0	0.0	0	0	1	12.0	1
m.8464C>A	8464	C	A	unlabeled	unlabeled_or_other	3.9562992243200226	1	0.9838745372605826	1	1	1	1.0	0.0	0.0	0.0	0	0	1	12.0	1
m.8451T>A	8451	T	A	unlabeled	unlabeled_or_other	3.9562992243200226	1	0.9838745372605826	1	1	1	1.0	0.0	0.0	0.0	0	0	1	12.0	1
m.8516T>A	8516	T	A	unlabeled	unlabeled_or_other	3.9562992243200226	1	0.9838745372605826	1	1	1	1.0	0.0	0.0	0.0	0	0	1	12.0	1
m.8448T>G	8448	T	G	unlabeled	unlabeled_or_other	3.9562992243200226	1	0.9838745372605826	1	1	1	1.0	0.0	0.0	0.0	0	0	1	12.0	1
m.8445A>G	8445	A	G	unlabeled	unlabeled_or_other	3.9562992243200226	1	0.9838745372605826	1	1	1	1.0	0.0	0.0	0.0	0	0	1	12.0	1
m.8444A>T	8444	A	T	unlabeled	unlabeled_or_other	3.9562992243200226	1	0.9838745372605826	1	1	1	1.0	0.0	0.0	0.0	0	0	1	12.0	1
m.8438C>T	8438	C	T	unlabeled	unlabeled_or_other	3.9562992243200226	1	0.9838745372605826	1	1	1	1.0	0.0	0.0	0.0	0	0	1	12.0	1
m.8421C>G	8421	C	G	unlabeled	unlabeled_or_other	3.9562992243200226	1	0.9838745372605826	1	1	1	1.0	0.0	0.0	0.0	0	0	1	12.0	1
m.8412T>G	8412	T	G	unlabeled	unlabeled_or_other	3.9562992243200226	1	0.9838745372605826	1	1	1	1.0	0.0	0.0	0.0	0	0	1	12.0	1
m.12719T>G	12719	T	G	unlabeled	unlabeled_or_other	3.9562992243200226	1	0.9838745372605826	1	1	1	1.0	0.0	0.0	0.0	1	0	0	12.0	1
m.8400T>G	8400	T	G	unlabeled	unlabeled_or_other	3.9562992243200226	1	0.9838745372605826	1	1	1	1.0	0.0	0.0	0.0	0	0	1	12.0	1
m.8391G>A	8391	G	A	unlabeled	unlabeled_or_other	3.9562992243200226	1	0.9838745372605826	1	1	1	1.0	0.0	0.0	0.0	0	0	1	12.0	1
m.8390T>A	8390	T	A	unlabeled	unlabeled_or_other	3.9562992243200226	1	0.9838745372605826	1	1	1	1.0	0.0	0.0	0.0	0	0	1	12.0	1
m.8372C>T	8372	C	T	unlabeled	unlabeled_or_other	3.9562992243200226	1	0.9838745372605826	1	1	1	1.0	0.0	0.0	0.0	0	0	1	12.0	1
m.12728T>A	12728	T	A	unlabeled	unlabeled_or_other	3.9562992243200226	1	0.9838745372605826	1	1	1	1.0	0.0	0.0	0.0	0	0	1	12.0	1
m.12751C>T	12751	C	T	unlabeled	unlabeled_or_other	3.9562992243200226	1	0.9838745372605826	1	1	1	1.0	0.0	0.0	0.0	0	0	1	12.0	1
m.4073C>G	4073	C	G	unlabeled	unlabeled_or_other	3.9562992243200226	1	0.9838745372605826	1	1	1	1.0	0.0	0.0	0.0	0	0	1	12.0	1
m.8511A>G	8511	A	G	unlabeled	unlabeled_or_other	3.9562992243200226	1	0.9838745372605826	1	1	1	1.0	0.0	0.0	0.0	0	0	1	12.0	1
m.4076C>G	4076	C	G	unlabeled	unlabeled_or_other	3.9562992243200226	1	0.9838745372605826	1	1	1	1.0	0.0	0.0	0.0	0	0	1	12.0	1
m.7134A>T	7134	A	T	unlabeled	unlabeled_or_other	3.9562992243200226	1	0.9838745372605826	1	1	1	1.0	0.0	0.0	0.0	0	0	1	12.0	1
m.8534A>T	8534	A	T	unlabeled	unlabeled_or_other	3.9562992243200226	1	0.9838745372605826	1	1	1	1.0	0.0	0.0	0.0	0	0	1	12.0	1
m.12665C>A	12665	C	A	unlabeled	unlabeled_or_other	3.9562992243200226	1	0.9838745372605826	1	1	1	1.0	0.0	0.0	0.0	0	0	1	12.0	1
m.12682C>T	12682	C	T	unlabeled	unlabeled_or_other	3.9562992243200226	1	0.9838745372605826	1	1	1	1.0	0.0	0.0	0.0	0	0	1	12.0	1
m.4827C>T	4827	C	T	unlabeled	unlabeled_or_other	3.9562992243200226	1	0.9838745372605826	1	1	1	1.0	0.0	0.0	0.0	0	0	1	12.0	1
m.8634T>A	8634	T	A	unlabeled	unlabeled_or_other	3.9562992243200226	1	0.9838745372605826	1	1	1	1.0	0.0	0.0	0.0	0	0	1	12.0	1
m.8630A>G	8630	A	G	unlabeled	unlabeled_or_other	3.9562992243200226	1	0.9838745372605826	1	1	1	1.0	0.0	0.0	0.0	0	0	1	12.0	1
m.8629A>T	8629	A	T	unlabeled	unlabeled_or_other	3.9562992243200226	1	0.9838745372605826	1	1	1	1.0	0.0	0.0	0.0	0	0	1	12.0	1
m.8615T>A	8615	T	A	unlabeled	unlabeled_or_other	3.9562992243200226	1	0.9838745372605826	1	1	1	1.0	0.0	0.0	0.0	0	0	1	12.0	1
m.8564C>G	8564	C	G	unlabeled	unlabeled_or_other	3.9562992243200226	1	0.9838745372605826	1	1	1	1.0	0.0	0.0	0.0	0	0	1	12.0	1
m.8564C>T	8564	C	T	unlabeled	unlabeled_or_other	3.9562992243200226	1	0.9838745372605826	1	1	1	1.0	1.77201e-05	0.0	1.77201e-05	1	0	0	4.751533807075511	1
m.8556T>A	8556	T	A	unlabeled	unlabeled_or_other	3.9562992243200226	1	0.9838745372605826	1	1	1	1.0	0.0	0.0	0.0	0	0	1	12.0	1
m.8553C>A	8553	C	A	unlabeled	unlabeled_or_other	3.9562992243200226	1	0.9838745372605826	1	1	1	1.0	0.0	0.0	0.0	0	0	1	12.0	1
m.8549C>A	8549	C	A	unlabeled	unlabeled_or_other	3.9562992243200226	1	0.9838745372605826	1	1	1	1.0	0.0	0.0	0.0	0	0	1	12.0	1
m.8544C>A	8544	C	A	unlabeled	unlabeled_or_other	3.9562992243200226	1	0.9838745372605826	1	1	1	1.0	0.0	0.0	0.0	0	0	1	12.0	1
m.8535A>G	8535	A	G	unlabeled	unlabeled_or_other	3.9562992243200226	1	0.9838745372605826	1	1	1	1.0	0.0	0.0	0.0	0	0	1	12.0	1
m.12691A>T	12691	A	T	unlabeled	unlabeled_or_other	3.9562992243200226	1	0.9838745372605826	1	1	1	1.0	0.0	0.0	0.0	0	0	1	12.0	1
m.6635T>G	6635	T	G	unlabeled	unlabeled_or_other	3.9562992243200226	1	0.9838745372605826	1	1	1	1.0	0.0	0.0	0.0	0	0	1	12.0	1
m.8533G>T	8533	G	T	unlabeled	unlabeled_or_other	3.9562992243200226	1	0.9838745372605826	1	1	1	1.0	0.0	0.0	0.0	0	0	1	12.0	1
m.8532C>G	8532	C	G	unlabeled	unlabeled_or_other	3.9562992243200226	1	0.9838745372605826	1	1	1	1.0	0.0	0.0	0.0	0	0	1	12.0	1
m.8529G>A	8529	G	A	unlabeled	unlabeled_or_other	3.9562992243200226	1	0.9838745372605826	1	1	1	1.0	0.0	0.0	0.0	0	0	1	12.0	1
m.12692A>G	12692	A	G	unlabeled	unlabeled_or_other	3.9562992243200226	1	0.9838745372605826	1	1	1	1.0	0.0	0.0	0.0	0	0	1	12.0	1
m.6627G>T	6627	G	T	unlabeled	unlabeled_or_other	3.9562992243200226	1	0.9838745372605826	1	1	1	1.0	0.0	0.0	0.0	0	0	1	12.0	1
m.8526A>G	8526	A	G	unlabeled	unlabeled_or_other	3.9562992243200226	1	0.9838745372605826	1	1	1	1.0	0.0	0.0	0.0	1	0	0	12.0	1
m.12696T>A	12696	T	A	unlabeled	unlabeled_or_other	3.9562992243200226	1	0.9838745372605826	1	1	1	1.0	0.0	0.0	0.0	0	0	1	12.0	1
m.12696T>G	12696	T	G	unlabeled	unlabeled_or_other	3.9562992243200226	1	0.9838745372605826	1	1	1	1.0	0.0	0.0	0.0	0	0	1	12.0	1
m.8525A>T	8525	A	T	unlabeled	unlabeled_or_other	3.9562992243200226	1	0.9838745372605826	1	1	1	1.0	0.0	0.0	0.0	0	0	1	12.0	1
m.8519G>T	8519	G	T	unlabeled	unlabeled_or_other	3.9562992243200226	1	0.9838745372605826	1	1	1	1.0	0.0	0.0	0.0	0	0	1	12.0	1
m.8517G>A	8517	G	A	unlabeled	unlabeled_or_other	3.9562992243200226	1	0.9838745372605826	1	1	1	1.0	1.0204967e-05	0.0	1.0204967e-05	1	1	0	4.9911883527749765	1
m.4080T>G	4080	T	G	unlabeled	unlabeled_or_other	3.9562992243200226	1	0.9838745372605826	1	1	1	1.0	0.0	0.0	0.0	0	0	1	12.0	1
m.4080T>A	4080	T	A	unlabeled	unlabeled_or_other	3.9562992243200226	1	0.9838745372605826	1	1	1	1.0	0.0	0.0	0.0	0	0	1	12.0	1
m.6635T>A	6635	T	A	unlabeled	unlabeled_or_other	3.9562992243200226	1	0.9838745372605826	1	1	1	1.0	0.0	0.0	0.0	0	0	1	12.0	1
m.4071C>G	4071	C	G	unlabeled	unlabeled_or_other	3.9562992243200226	1	0.9838745372605826	1	1	1	1.0	0.0	0.0	0.0	0	0	1	12.0	1
m.4071C>A	4071	C	A	unlabeled	unlabeled_or_other	3.9562992243200226	1	0.9838745372605826	1	1	1	1.0	0.0	0.0	0.0	0	0	1	12.0	1
m.8249G>A	8249	G	A	unlabeled	unlabeled_or_other	3.9562992243200226	1	0.9838745372605826	1	1	1	1.0	0.0	0.0	0.0	1	0	0	12.0	1
m.12858C>A	12858	C	A	unlabeled	unlabeled_or_other	3.9562992243200226	1	0.9838745372605826	1	1	1	1.0	0.0	0.0	0.0	0	0	1	12.0	1
m.5412T>A	5412	T	A	unlabeled	unlabeled_or_other	3.9562992243200226	1	0.9838745372605826	1	1	1	1.0	0.0	0.0	0.0	0	0	1	12.0	1
m.5410A>G	5410	A	G	unlabeled	unlabeled_or_other	3.9562992243200226	1	0.9838745372605826	1	1	1	1.0	0.0	0.0	0.0	0	0	1	12.0	1
m.5409A>T	5409	A	T	unlabeled	unlabeled_or_other	3.9562992243200226	1	0.9838745372605826	1	1	1	1.0	0.0	0.0	0.0	0	0	1	12.0	1
m.5407T>G	5407	T	G	unlabeled	unlabeled_or_other	3.9562992243200226	1	0.9838745372605826	1	1	1	1.0	0.0	0.0	0.0	0	0	1	12.0	1
m.12833C>G	12833	C	G	unlabeled	unlabeled_or_other	3.9562992243200226	1	0.9838745372605826	1	1	1	1.0	0.0	0.0	0.0	0	0	1	12.0	1
m.4864C>G	4864	C	G	unlabeled	unlabeled_or_other	3.9562992243200226	1	0.9838745372605826	1	1	1	1.0	0.0	0.0	0.0	0	0	1	12.0	1
m.5404A>G	5404	A	G	unlabeled	unlabeled_or_other	3.9562992243200226	1	0.9838745372605826	1	1	1	1.0	0.0	0.0	0.0	0	0	1	12.0	1
m.4866T>A	4866	T	A	unlabeled	unlabeled_or_other	3.9562992243200226	1	0.9838745372605826	1	1	1	1.0	0.0	0.0	0.0	0	0	1	12.0	1
m.4867G>A	4867	G	A	unlabeled	unlabeled_or_other	3.9562992243200226	1	0.9838745372605826	1	1	1	1.0	0.0	0.0	0.0	0	0	1	12.0	1
m.4869C>T	4869	C	T	unlabeled	unlabeled_or_other	3.9562992243200226	1	0.9838745372605826	1	1	1	1.0	0.0	0.0	0.0	0	0	1	12.0	1
m.12844C>T	12844	C	T	unlabeled	unlabeled_or_other	3.9562992243200226	1	0.9838745372605826	1	1	1	1.0	0.0	0.0	0.0	0	0	1	12.0	1
m.4872A>T	4872	A	T	unlabeled	unlabeled_or_other	3.9562992243200226	1	0.9838745372605826	1	1	1	1.0	0.0	0.0	0.0	0	0	1	12.0	1
m.4873A>G	4873	A	G	unlabeled	unlabeled_or_other	3.9562992243200226	1	0.9838745372605826	1	1	1	1.0	0.0	0.0	0.0	0	0	1	12.0	1
m.5403A>T	5403	A	T	unlabeled	unlabeled_or_other	3.9562992243200226	1	0.9838745372605826	1	1	1	1.0	0.0	0.0	0.0	0	0	1	12.0	1
m.12858C>G	12858	C	G	unlabeled	unlabeled_or_other	3.9562992243200226	1	0.9838745372605826	1	1	1	1.0	0.0	0.0	0.0	0	0	1	12.0	1
m.8247T>G	8247	T	G	unlabeled	unlabeled_or_other	3.9562992243200226	1	0.9838745372605826	1	1	1	1.0	0.0	0.0	0.0	0	0	1	12.0	1
m.6657G>A	6657	G	A	unlabeled	unlabeled_or_other	3.9562992243200226	1	0.9838745372605826	1	1	1	1.0	0.0	0.0	0.0	0	0	1	12.0	1
m.6661T>G	6661	T	G	unlabeled	unlabeled_or_other	3.9562992243200226	1	0.9838745372605826	1	1	1	1.0	0.0	0.0	0.0	0	0	1	12.0	1
m.12893T>A	12893	T	A	unlabeled	unlabeled_or_other	3.9562992243200226	1	0.9838745372605826	1	1	1	1.0	0.0	0.0	0.0	0	0	1	12.0	1
m.12898T>A	12898	T	A	unlabeled	unlabeled_or_other	3.9562992243200226	1	0.9838745372605826	1	1	1	1.0	0.0	0.0	0.0	0	0	1	12.0	1
m.12899G>A	12899	G	A	unlabeled	unlabeled_or_other	3.9562992243200226	1	0.9838745372605826	1	1	1	1.0	0.0	0.0	0.0	0	0	1	12.0	1
m.12920C>A	12920	C	A	unlabeled	unlabeled_or_other	3.9562992243200226	1	0.9838745372605826	1	1	1	1.0	0.0	0.0	0.0	0	0	1	12.0	1
m.12922T>A	12922	T	A	unlabeled	unlabeled_or_other	3.9562992243200226	1	0.9838745372605826	1	1	1	1.0	0.0	0.0	0.0	0	0	1	12.0	1
m.12923G>A	12923	G	A	unlabeled	unlabeled_or_other	3.9562992243200226	1	0.9838745372605826	1	1	1	1.0	0.0	0.0	0.0	0	0	1	12.0	1
m.12931C>T	12931	C	T	unlabeled	unlabeled_or_other	3.9562992243200226	1	0.9838745372605826	1	1	1	1.0	0.0	0.0	0.0	0	0	1	12.0	1
m.12934C>T	12934	C	T	unlabeled	unlabeled_or_other	3.9562992243200226	1	0.9838745372605826	1	1	1	1.0	0.0	0.0	0.0	0	0	1	12.0	1
m.12938T>G	12938	T	G	unlabeled	unlabeled_or_other	3.9562992243200226	1	0.9838745372605826	1	1	1	1.0	0.0	0.0	0.0	0	0	1	12.0	1
m.12963C>A	12963	C	A	unlabeled	unlabeled_or_other	3.9562992243200226	1	0.9838745372605826	1	1	1	1.0	0.0	0.0	0.0	0	0	1	12.0	1
m.12963C>G	12963	C	G	unlabeled	unlabeled_or_other	3.9562992243200226	1	0.9838745372605826	1	1	1	1.0	0.0	0.0	0.0	0	0	1	12.0	1
m.5389T>G	5389	T	G	unlabeled	unlabeled_or_other	3.9562992243200226	1	0.9838745372605826	1	1	1	1.0	0.0	0.0	0.0	0	0	1	12.0	1
