variant_id	position	reference	alternate	validation_label	analysis_group	directional_population_only_score	directional_population_only_rank	directional_population_only_percentile	directional_population_only_above_T90	directional_population_only_above_T95	directional_population_only_above_T99	mlc_score	pop_af_max	pop_af_hom_max	pop_af_het_max	gnomad_observed	helix_observed	not_observed_in_any_population_db	rarity_pop_af_max	no_homoplasmic_population_signal
m.1G>T	1	G	T	unlabeled	unlabeled_or_other	1.3502095654927708	1	0.6842407049734428	0	0	0	0.65755	0.0	0.0	0.0	0	0	1	12.0	1
m.9867C>A	9867	C	A	unlabeled	unlabeled_or_other	1.3502095654927708	1	0.6842407049734428	0	0	0	0.29821	0.0	0.0	0.0	0	0	1	12.0	1
m.9868G>T	9868	G	T	unlabeled	unlabeled_or_other	1.3502095654927708	1	0.6842407049734428	0	0	0	0.31776	0.0	0.0	0.0	0	0	1	12.0	1
m.9868G>C	9868	G	C	unlabeled	unlabeled_or_other	1.3502095654927708	1	0.6842407049734428	0	0	0	0.31776	0.0	0.0	0.0	0	0	1	12.0	1
m.9870C>T	9870	C	T	unlabeled	unlabeled_or_other	1.3502095654927708	1	0.6842407049734428	0	0	0	1.0	0.0	0.0	0.0	0	0	1	12.0	1
m.9870C>A	9870	C	A	unlabeled	unlabeled_or_other	1.3502095654927708	1	0.6842407049734428	0	0	0	0.34489	0.0	0.0	0.0	0	0	1	12.0	1
m.9870C>G	9870	C	G	unlabeled	unlabeled_or_other	1.3502095654927708	1	0.6842407049734428	0	0	0	0.34489	0.0	0.0	0.0	0	0	1	12.0	1
m.9871A>T	9871	A	T	unlabeled	unlabeled_or_other	1.3502095654927708	1	0.6842407049734428	0	0	0	0.35947	0.0	0.0	0.0	0	0	1	12.0	1
m.9871A>C	9871	A	C	unlabeled	unlabeled_or_other	1.3502095654927708	1	0.6842407049734428	0	0	0	0.35947	0.0	0.0	0.0	0	0	1	12.0	1
m.9871A>G	9871	A	G	unlabeled	unlabeled_or_other	1.3502095654927708	1	0.6842407049734428	0	0	0	0.35947	0.0	0.0	0.0	0	0	1	12.0	1
m.9872A>T	9872	A	T	unlabeled	unlabeled_or_other	1.3502095654927708	1	0.6842407049734428	0	0	0	0.37474	0.0	0.0	0.0	0	0	1	12.0	1
m.9872A>C	9872	A	C	unlabeled	unlabeled_or_other	1.3502095654927708	1	0.6842407049734428	0	0	0	0.37474	0.0	0.0	0.0	0	0	1	12.0	1
m.9873C>G	9873	C	G	unlabeled	unlabeled_or_other	1.3502095654927708	1	0.6842407049734428	0	0	0	0.39218	0.0	0.0	0.0	0	0	1	12.0	1
m.9874T>C	9874	T	C	unlabeled	unlabeled_or_other	1.3502095654927708	1	0.6842407049734428	0	0	0	0.40829	0.0	0.0	0.0	0	0	1	12.0	1
m.9874T>A	9874	T	A	unlabeled	unlabeled_or_other	1.3502095654927708	1	0.6842407049734428	0	0	0	0.40829	0.0	0.0	0.0	0	0	1	12.0	1
m.9874T>G	9874	T	G	unlabeled	unlabeled_or_other	1.3502095654927708	1	0.6842407049734428	0	0	0	0.40829	0.0	0.0	0.0	0	0	1	12.0	1
m.9875A>T	9875	A	T	unlabeled	unlabeled_or_other	1.3502095654927708	1	0.6842407049734428	0	0	0	0.0	0.0	0.0	0.0	0	0	1	12.0	1
m.9867C>G	9867	C	G	unlabeled	unlabeled_or_other	1.3502095654927708	1	0.6842407049734428	0	0	0	0.29821	0.0	0.0	0.0	0	0	1	12.0	1
m.9865T>G	9865	T	G	unlabeled	unlabeled_or_other	1.3502095654927708	1	0.6842407049734428	0	0	0	0.26906	0.0	0.0	0.0	0	0	1	12.0	1
m.9894A>C	9894	A	C	unlabeled	unlabeled_or_other	1.3502095654927708	1	0.6842407049734428	0	0	0	0.42884	0.0	0.0	0.0	0	0	1	12.0	1
m.9865T>A	9865	T	A	unlabeled	unlabeled_or_other	1.3502095654927708	1	0.6842407049734428	0	0	0	0.26906	0.0	0.0	0.0	0	0	1	12.0	1
m.9856T>A	9856	T	A	unlabeled	unlabeled_or_other	1.3502095654927708	1	0.6842407049734428	0	0	0	0.18999	0.0	0.0	0.0	0	0	1	12.0	1
m.9857C>A	9857	C	A	neutral	neutral_reference	1.3502095654927708	1	0.6842407049734428	0	0	0	0.19615	0.0	0.0	0.0	0	0	1	12.0	1
m.9857C>G	9857	C	G	neutral	neutral_reference	1.3502095654927708	1	0.6842407049734428	0	0	0	0.19615	0.0	0.0	0.0	0	0	1	12.0	1
m.9858T>C	9858	T	C	unlabeled	unlabeled_or_other	1.3502095654927708	1	0.6842407049734428	0	0	0	0.20351	0.0	0.0	0.0	0	0	1	12.0	1
m.9858T>A	9858	T	A	unlabeled	unlabeled_or_other	1.3502095654927708	1	0.6842407049734428	0	0	0	0.20351	0.0	0.0	0.0	0	0	1	12.0	1
m.9858T>G	9858	T	G	unlabeled	unlabeled_or_other	1.3502095654927708	1	0.6842407049734428	0	0	0	0.20351	0.0	0.0	0.0	0	0	1	12.0	1
m.9859G>T	9859	G	T	unlabeled	unlabeled_or_other	1.3502095654927708	1	0.6842407049734428	0	0	0	0.21172	0.0	0.0	0.0	0	0	1	12.0	1
m.9859G>C	9859	G	C	unlabeled	unlabeled_or_other	1.3502095654927708	1	0.6842407049734428	0	0	0	0.21172	0.0	0.0	0.0	0	0	1	12.0	1
m.9860C>A	9860	C	A	unlabeled	unlabeled_or_other	1.3502095654927708	1	0.6842407049734428	0	0	0	0.21842	0.0	0.0	0.0	0	0	1	12.0	1
m.9860C>G	9860	C	G	unlabeled	unlabeled_or_other	1.3502095654927708	1	0.6842407049734428	0	0	0	0.21842	0.0	0.0	0.0	0	0	1	12.0	1
m.9861T>A	9861	T	A	unlabeled	unlabeled_or_other	1.3502095654927708	1	0.6842407049734428	0	0	0	0.22509	0.0	0.0	0.0	0	0	1	12.0	1
m.9862T>G	9862	T	G	unlabeled	unlabeled_or_other	1.3502095654927708	1	0.6842407049734428	0	0	0	0.23146	0.0	0.0	0.0	0	0	1	12.0	1
m.9863C>A	9863	C	A	neutral	neutral_reference	1.3502095654927708	1	0.6842407049734428	0	0	0	0.24504	0.0	0.0	0.0	0	0	1	12.0	1
m.9863C>G	9863	C	G	neutral	neutral_reference	1.3502095654927708	1	0.6842407049734428	0	0	0	0.24504	0.0	0.0	0.0	0	0	1	12.0	1
m.9864A>T	9864	A	T	neutral	neutral_reference	1.3502095654927708	1	0.6842407049734428	0	0	0	0.25892	0.0	0.0	0.0	0	0	1	12.0	1
m.9875A>C	9875	A	C	unlabeled	unlabeled_or_other	1.3502095654927708	1	0.6842407049734428	0	0	0	0.0	0.0	0.0	0.0	0	0	1	12.0	1
m.9876A>T	9876	A	T	unlabeled	unlabeled_or_other	1.3502095654927708	1	0.6842407049734428	0	0	0	0.43165	0.0	0.0	0.0	0	0	1	12.0	1
m.9876A>C	9876	A	C	unlabeled	unlabeled_or_other	1.3502095654927708	1	0.6842407049734428	0	0	0	0.43165	0.0	0.0	0.0	0	0	1	12.0	1
m.9877T>A	9877	T	A	unlabeled	unlabeled_or_other	1.3502095654927708	1	0.6842407049734428	0	0	0	0.43916	0.0	0.0	0.0	0	0	1	12.0	1
m.9886T>G	9886	T	G	unlabeled	unlabeled_or_other	1.3502095654927708	1	0.6842407049734428	0	0	0	0.47851	0.0	0.0	0.0	0	0	1	12.0	1
m.9887T>A	9887	T	A	neutral	neutral_reference	1.3502095654927708	1	0.6842407049734428	0	0	0	0.47329	0.0	0.0	0.0	0	0	1	12.0	1
m.9887T>G	9887	T	G	neutral	neutral_reference	1.3502095654927708	1	0.6842407049734428	0	0	0	0.47329	0.0	0.0	0.0	0	0	1	12.0	1
m.9888A>T	9888	A	T	unlabeled	unlabeled_or_other	1.3502095654927708	1	0.6842407049734428	0	0	0	0.46801	0.0	0.0	0.0	0	0	1	12.0	1
m.9888A>C	9888	A	C	unlabeled	unlabeled_or_other	1.3502095654927708	1	0.6842407049734428	0	0	0	0.46801	0.0	0.0	0.0	0	0	1	12.0	1
m.9889C>A	9889	C	A	unlabeled	unlabeled_or_other	1.3502095654927708	1	0.6842407049734428	0	0	0	0.45977	0.0	0.0	0.0	0	0	1	12.0	1
m.9889C>G	9889	C	G	unlabeled	unlabeled_or_other	1.3502095654927708	1	0.6842407049734428	0	0	0	1.0	0.0	0.0	0.0	0	0	1	12.0	1
m.9890A>T	9890	A	T	unlabeled	unlabeled_or_other	1.3502095654927708	1	0.6842407049734428	0	0	0	0.0	0.0	0.0	0.0	0	0	1	12.0	1
m.9890A>C	9890	A	C	unlabeled	unlabeled_or_other	1.3502095654927708	1	0.6842407049734428	0	0	0	0.0	0.0	0.0	0.0	0	0	1	12.0	1
m.9891T>A	9891	T	A	unlabeled	unlabeled_or_other	1.3502095654927708	1	0.6842407049734428	0	0	0	0.44776	0.0	0.0	0.0	0	0	1	12.0	1
m.9891T>G	9891	T	G	unlabeled	unlabeled_or_other	1.3502095654927708	1	0.6842407049734428	0	0	0	0.44776	0.0	0.0	0.0	0	0	1	12.0	1
m.9892C>T	9892	C	T	unlabeled	unlabeled_or_other	1.3502095654927708	1	0.6842407049734428	0	0	0	0.4445	0.0	0.0	0.0	0	0	1	12.0	1
m.9892C>A	9892	C	A	unlabeled	unlabeled_or_other	1.3502095654927708	1	0.6842407049734428	0	0	0	0.4445	0.0	0.0	0.0	0	0	1	12.0	1
m.9892C>G	9892	C	G	unlabeled	unlabeled_or_other	1.3502095654927708	1	0.6842407049734428	0	0	0	0.4445	0.0	0.0	0.0	0	0	1	12.0	1
m.9893C>G	9893	C	G	neutral	neutral_reference	1.3502095654927708	1	0.6842407049734428	0	0	0	0.0	0.0	0.0	0.0	0	0	1	12.0	1
m.9886T>A	9886	T	A	unlabeled	unlabeled_or_other	1.3502095654927708	1	0.6842407049734428	0	0	0	0.47851	0.0	0.0	0.0	0	0	1	12.0	1
m.9885T>G	9885	T	G	unlabeled	unlabeled_or_other	1.3502095654927708	1	0.6842407049734428	0	0	0	0.47993	0.0	0.0	0.0	0	0	1	12.0	1
m.9885T>A	9885	T	A	unlabeled	unlabeled_or_other	1.3502095654927708	1	0.6842407049734428	0	0	0	0.47993	0.0	0.0	0.0	0	0	1	12.0	1
m.9881T>A	9881	T	A	unlabeled	unlabeled_or_other	1.3502095654927708	1	0.6842407049734428	0	0	0	0.47275	0.0	0.0	0.0	0	0	1	12.0	1
m.9877T>G	9877	T	G	unlabeled	unlabeled_or_other	1.3502095654927708	1	0.6842407049734428	0	0	0	1.0	0.0	0.0	0.0	0	0	1	12.0	1
m.9878A>T	9878	A	T	unlabeled	unlabeled_or_other	1.3502095654927708	1	0.6842407049734428	0	0	0	0.44822	0.0	0.0	0.0	0	0	1	12.0	1
m.9878A>C	9878	A	C	unlabeled	unlabeled_or_other	1.3502095654927708	1	0.6842407049734428	0	0	0	0.44822	0.0	0.0	0.0	0	0	1	12.0	1
m.9879T>A	9879	T	A	unlabeled	unlabeled_or_other	1.3502095654927708	1	0.6842407049734428	0	0	0	0.45833	0.0	0.0	0.0	0	0	1	12.0	1
m.9879T>G	9879	T	G	unlabeled	unlabeled_or_other	1.3502095654927708	1	0.6842407049734428	0	0	0	0.45833	0.0	0.0	0.0	0	0	1	12.0	1
m.9880T>G	9880	T	G	unlabeled	unlabeled_or_other	1.3502095654927708	1	0.6842407049734428	0	0	0	0.46469	0.0	0.0	0.0	0	0	1	12.0	1
m.9882C>T	9882	C	T	unlabeled	unlabeled_or_other	1.3502095654927708	1	0.6842407049734428	0	0	0	0.478	0.0	0.0	0.0	0	0	1	12.0	1
m.9884C>G	9884	C	G	unlabeled	unlabeled_or_other	1.3502095654927708	1	0.6842407049734428	0	0	0	0.4806	0.0	0.0	0.0	0	0	1	12.0	1
m.9882C>A	9882	C	A	unlabeled	unlabeled_or_other	1.3502095654927708	1	0.6842407049734428	0	0	0	0.478	0.0	0.0	0.0	0	0	1	12.0	1
m.9882C>G	9882	C	G	unlabeled	unlabeled_or_other	1.3502095654927708	1	0.6842407049734428	0	0	0	0.478	0.0	0.0	0.0	0	0	1	12.0	1
m.9883A>T	9883	A	T	unlabeled	unlabeled_or_other	1.3502095654927708	1	0.6842407049734428	0	0	0	0.48132	0.0	0.0	0.0	0	0	1	12.0	1
m.9883A>C	9883	A	C	unlabeled	unlabeled_or_other	1.3502095654927708	1	0.6842407049734428	0	0	0	0.48132	0.0	0.0	0.0	0	0	1	12.0	1
m.9883A>G	9883	A	G	unlabeled	unlabeled_or_other	1.3502095654927708	1	0.6842407049734428	0	0	0	0.48132	0.0	0.0	0.0	0	0	1	12.0	1
m.9884C>A	9884	C	A	unlabeled	unlabeled_or_other	1.3502095654927708	1	0.6842407049734428	0	0	0	0.4806	0.0	0.0	0.0	0	0	1	12.0	1
m.9855A>C	9855	A	C	unlabeled	unlabeled_or_other	1.3502095654927708	1	0.6842407049734428	0	0	0	0.18667	0.0	0.0	0.0	0	0	1	12.0	1
m.9855A>T	9855	A	T	unlabeled	unlabeled_or_other	1.3502095654927708	1	0.6842407049734428	0	0	0	0.18667	0.0	0.0	0.0	0	0	1	12.0	1
m.9854T>G	9854	T	G	neutral	neutral_reference	1.3502095654927708	1	0.6842407049734428	0	0	0	0.0	0.0	0.0	0.0	0	0	1	12.0	1
m.9831A>C	9831	A	C	unlabeled	unlabeled_or_other	1.3502095654927708	1	0.6842407049734428	0	0	0	0.30943	0.0	0.0	0.0	0	0	1	12.0	1
m.9823T>G	9823	T	G	unlabeled	unlabeled_or_other	1.3502095654927708	1	0.6842407049734428	0	0	0	0.37184	0.0	0.0	0.0	0	0	1	12.0	1
m.9824T>G	9824	T	G	neutral	neutral_reference	1.3502095654927708	1	0.6842407049734428	0	0	0	0.0	0.0	0.0	0.0	0	0	1	12.0	1
m.9825C>T	9825	C	T	unlabeled	unlabeled_or_other	1.3502095654927708	1	0.6842407049734428	0	0	0	0.36013	0.0	0.0	0.0	0	0	1	12.0	1
m.9825C>A	9825	C	A	unlabeled	unlabeled_or_other	1.3502095654927708	1	0.6842407049734428	0	0	0	0.36013	0.0	0.0	0.0	0	0	1	12.0	1
m.9825C>G	9825	C	G	unlabeled	unlabeled_or_other	1.3502095654927708	1	0.6842407049734428	0	0	0	0.36013	0.0	0.0	0.0	0	0	1	12.0	1
m.9826A>T	9826	A	T	unlabeled	unlabeled_or_other	1.3502095654927708	1	0.6842407049734428	0	0	0	0.35274	0.0	0.0	0.0	0	0	1	12.0	1
m.9826A>C	9826	A	C	unlabeled	unlabeled_or_other	1.3502095654927708	1	0.6842407049734428	0	0	0	0.35274	0.0	0.0	0.0	0	0	1	12.0	1
m.9827C>A	9827	C	A	unlabeled	unlabeled_or_other	1.3502095654927708	1	0.6842407049734428	0	0	0	0.34145	0.0	0.0	0.0	0	0	1	12.0	1
m.9827C>G	9827	C	G	unlabeled	unlabeled_or_other	1.3502095654927708	1	0.6842407049734428	0	0	0	0.34145	0.0	0.0	0.0	0	0	1	12.0	1
m.9828G>T	9828	G	T	unlabeled	unlabeled_or_other	1.3502095654927708	1	0.6842407049734428	0	0	0	0.33149	0.0	0.0	0.0	0	0	1	12.0	1
m.9828G>C	9828	G	C	unlabeled	unlabeled_or_other	1.3502095654927708	1	0.6842407049734428	0	0	0	0.33149	0.0	0.0	0.0	0	0	1	12.0	1
m.9829T>A	9829	T	A	unlabeled	unlabeled_or_other	1.3502095654927708	1	0.6842407049734428	0	0	0	0.32374	0.0	0.0	0.0	0	0	1	12.0	1
m.9829T>G	9829	T	G	unlabeled	unlabeled_or_other	1.3502095654927708	1	0.6842407049734428	0	0	0	0.32374	0.0	0.0	0.0	0	0	1	12.0	1
m.9830C>A	9830	C	A	neutral	neutral_reference	1.3502095654927708	1	0.6842407049734428	0	0	0	0.0	0.0	0.0	0.0	0	0	1	12.0	1
m.9830C>G	9830	C	G	neutral	neutral_reference	1.3502095654927708	1	0.6842407049734428	0	0	0	0.0	0.0	0.0	0.0	0	0	1	12.0	1
m.9823T>A	9823	T	A	unlabeled	unlabeled_or_other	1.3502095654927708	1	0.6842407049734428	0	0	0	0.37184	0.0	0.0	0.0	0	0	1	12.0	1
m.9823T>C	9823	T	C	unlabeled	unlabeled_or_other	1.3502095654927708	1	0.6842407049734428	0	0	0	0.37184	0.0	0.0	0.0	0	0	1	12.0	1
m.9822C>G	9822	C	G	unlabeled	unlabeled_or_other	1.3502095654927708	1	0.6842407049734428	0	0	0	0.37513	0.0	0.0	0.0	0	0	1	12.0	1
m.9817A>T	9817	A	T	unlabeled	unlabeled_or_other	1.3502095654927708	1	0.6842407049734428	0	0	0	0.41671	0.0	0.0	0.0	0	0	1	12.0	1
m.9814T>A	9814	T	A	unlabeled	unlabeled_or_other	1.3502095654927708	1	0.6842407049734428	0	0	0	0.43916	0.0	0.0	0.0	0	0	1	12.0	1
m.9814T>G	9814	T	G	unlabeled	unlabeled_or_other	1.3502095654927708	1	0.6842407049734428	0	0	0	0.43916	0.0	0.0	0.0	0	0	1	12.0	1
m.9815C>G	9815	C	G	unlabeled	unlabeled_or_other	1.3502095654927708	1	0.6842407049734428	0	0	0	0.43159	0.0	0.0	0.0	0	0	1	12.0	1
m.9816C>T	9816	C	T	unlabeled	unlabeled_or_other	1.3502095654927708	1	0.6842407049734428	0	0	0	0.42459	0.0	0.0	0.0	0	0	1	12.0	1
