variant_id	position	reference	alternate	validation_label	analysis_group	directional_combined_score	directional_combined_rank	directional_combined_percentile	directional_combined_above_T90	directional_combined_above_T95	directional_combined_above_T99	mlc_score	pop_af_max	pop_af_hom_max	pop_af_het_max	gnomad_observed	helix_observed	not_observed_in_any_population_db	rarity_pop_af_max	no_homoplasmic_population_signal
m.3913G>A	3913	G	A	unlabeled	unlabeled_or_other	1.523948876081254	1	0.9853633510381459	1	1	1	1.0	0.0	0.0	0.0	0	0	1	12.0	1
m.9687C>T	9687	C	T	unlabeled	unlabeled_or_other	1.523948876081254	1	0.9853633510381459	1	1	1	1.0	0.0	0.0	0.0	0	0	1	12.0	1
m.9790C>A	9790	C	A	unlabeled	unlabeled_or_other	1.523948876081254	1	0.9853633510381459	1	1	1	1.0	0.0	0.0	0.0	0	0	1	12.0	1
m.9785C>G	9785	C	G	unlabeled	unlabeled_or_other	1.523948876081254	1	0.9853633510381459	1	1	1	1.0	0.0	0.0	0.0	0	0	1	12.0	1
m.9785C>A	9785	C	A	unlabeled	unlabeled_or_other	1.523948876081254	1	0.9853633510381459	1	1	1	1.0	0.0	0.0	0.0	0	0	1	12.0	1
m.3687C>A	3687	C	A	unlabeled	unlabeled_or_other	1.523948876081254	1	0.9853633510381459	1	1	1	1.0	0.0	0.0	0.0	0	0	1	12.0	1
m.3687C>G	3687	C	G	unlabeled	unlabeled_or_other	1.523948876081254	1	0.9853633510381459	1	1	1	1.0	0.0	0.0	0.0	0	0	1	12.0	1
m.9753G>T	9753	G	T	unlabeled	unlabeled_or_other	1.523948876081254	1	0.9853633510381459	1	1	1	1.0	0.0	0.0	0.0	0	0	1	12.0	1
m.9749C>G	9749	C	G	unlabeled	unlabeled_or_other	1.523948876081254	1	0.9853633510381459	1	1	1	1.0	0.0	0.0	0.0	0	0	1	12.0	1
m.9749C>A	9749	C	A	unlabeled	unlabeled_or_other	1.523948876081254	1	0.9853633510381459	1	1	1	1.0	0.0	0.0	0.0	0	0	1	12.0	1
m.9744G>T	9744	G	T	unlabeled	unlabeled_or_other	1.523948876081254	1	0.9853633510381459	1	1	1	1.0	0.0	0.0	0.0	0	0	1	12.0	1
m.12893T>A	12893	T	A	unlabeled	unlabeled_or_other	1.523948876081254	1	0.9853633510381459	1	1	1	1.0	0.0	0.0	0.0	0	0	1	12.0	1
m.12898T>A	12898	T	A	unlabeled	unlabeled_or_other	1.523948876081254	1	0.9853633510381459	1	1	1	1.0	0.0	0.0	0.0	0	0	1	12.0	1
m.12899G>A	12899	G	A	unlabeled	unlabeled_or_other	1.523948876081254	1	0.9853633510381459	1	1	1	1.0	0.0	0.0	0.0	0	0	1	12.0	1
m.12920C>A	12920	C	A	unlabeled	unlabeled_or_other	1.523948876081254	1	0.9853633510381459	1	1	1	1.0	0.0	0.0	0.0	0	0	1	12.0	1
m.12922T>A	12922	T	A	unlabeled	unlabeled_or_other	1.523948876081254	1	0.9853633510381459	1	1	1	1.0	0.0	0.0	0.0	0	0	1	12.0	1
m.12923G>A	12923	G	A	unlabeled	unlabeled_or_other	1.523948876081254	1	0.9853633510381459	1	1	1	1.0	0.0	0.0	0.0	0	0	1	12.0	1
m.12931C>T	12931	C	T	unlabeled	unlabeled_or_other	1.523948876081254	1	0.9853633510381459	1	1	1	1.0	0.0	0.0	0.0	0	0	1	12.0	1
m.12934C>T	12934	C	T	unlabeled	unlabeled_or_other	1.523948876081254	1	0.9853633510381459	1	1	1	1.0	0.0	0.0	0.0	0	0	1	12.0	1
m.12938T>G	12938	T	G	unlabeled	unlabeled_or_other	1.523948876081254	1	0.9853633510381459	1	1	1	1.0	0.0	0.0	0.0	0	0	1	12.0	1
m.12963C>A	12963	C	A	unlabeled	unlabeled_or_other	1.523948876081254	1	0.9853633510381459	1	1	1	1.0	0.0	0.0	0.0	0	0	1	12.0	1
m.12963C>G	12963	C	G	unlabeled	unlabeled_or_other	1.523948876081254	1	0.9853633510381459	1	1	1	1.0	0.0	0.0	0.0	0	0	1	12.0	1
m.9742C>A	9742	C	A	unlabeled	unlabeled_or_other	1.523948876081254	1	0.9853633510381459	1	1	1	1.0	0.0	0.0	0.0	0	0	1	12.0	1
m.9735C>T	9735	C	T	unlabeled	unlabeled_or_other	1.523948876081254	1	0.9853633510381459	1	1	1	1.0	0.0	0.0	0.0	0	0	1	12.0	1
m.9722T>G	9722	T	G	unlabeled	unlabeled_or_other	1.523948876081254	1	0.9853633510381459	1	1	1	1.0	0.0	0.0	0.0	0	0	1	12.0	1
m.9722T>A	9722	T	A	unlabeled	unlabeled_or_other	1.523948876081254	1	0.9853633510381459	1	1	1	1.0	0.0	0.0	0.0	0	0	1	12.0	1
m.9709T>A	9709	T	A	unlabeled	unlabeled_or_other	1.523948876081254	1	0.9853633510381459	1	1	1	1.0	0.0	0.0	0.0	0	0	1	12.0	1
m.3680C>A	3680	C	A	unlabeled	unlabeled_or_other	1.523948876081254	1	0.9853633510381459	1	1	1	1.0	0.0	0.0	0.0	0	0	1	12.0	1
m.9793C>G	9793	C	G	unlabeled	unlabeled_or_other	1.523948876081254	1	0.9853633510381459	1	1	1	1.0	0.0	0.0	0.0	0	0	1	12.0	1
m.6597C>T	6597	C	T	unlabeled	unlabeled_or_other	1.523948876081254	1	0.9853633510381459	1	1	1	1.0	0.0	0.0	0.0	0	0	1	12.0	1
m.3648C>G	3648	C	G	unlabeled	unlabeled_or_other	1.523948876081254	1	0.9853633510381459	1	1	1	1.0	0.0	0.0	0.0	0	0	1	12.0	1
m.4546G>A	4546	G	A	unlabeled	unlabeled_or_other	1.523948876081254	1	0.9853633510381459	1	1	1	1.0	0.0	0.0	0.0	0	0	1	12.0	1
m.4545T>A	4545	T	A	unlabeled	unlabeled_or_other	1.523948876081254	1	0.9853633510381459	1	1	1	1.0	0.0	0.0	0.0	0	0	1	12.0	1
m.4540C>A	4540	C	A	unlabeled	unlabeled_or_other	1.523948876081254	1	0.9853633510381459	1	1	1	1.0	0.0	0.0	0.0	0	0	1	12.0	1
m.4538C>G	4538	C	G	unlabeled	unlabeled_or_other	1.523948876081254	1	0.9853633510381459	1	1	1	1.0	0.0	0.0	0.0	0	0	1	12.0	1
m.4538C>A	4538	C	A	unlabeled	unlabeled_or_other	1.523948876081254	1	0.9853633510381459	1	1	1	1.0	0.0	0.0	0.0	0	0	1	12.0	1
m.3636C>A	3636	C	A	unlabeled	unlabeled_or_other	1.523948876081254	1	0.9853633510381459	1	1	1	1.0	0.0	0.0	0.0	0	0	1	12.0	1
m.12844C>T	12844	C	T	unlabeled	unlabeled_or_other	1.523948876081254	1	0.9853633510381459	1	1	1	1.0	0.0	0.0	0.0	0	0	1	12.0	1
m.3636C>G	3636	C	G	unlabeled	unlabeled_or_other	1.523948876081254	1	0.9853633510381459	1	1	1	1.0	0.0	0.0	0.0	0	0	1	12.0	1
m.4528C>G	4528	C	G	unlabeled	unlabeled_or_other	1.523948876081254	1	0.9853633510381459	1	1	1	1.0	0.0	0.0	0.0	0	0	1	12.0	1
m.4519C>G	4519	C	G	unlabeled	unlabeled_or_other	1.523948876081254	1	0.9853633510381459	1	1	1	1.0	0.0	0.0	0.0	0	0	1	12.0	1
m.3648C>A	3648	C	A	unlabeled	unlabeled_or_other	1.523948876081254	1	0.9853633510381459	1	1	1	1.0	0.0	0.0	0.0	0	0	1	12.0	1
m.4499C>G	4499	C	G	unlabeled	unlabeled_or_other	1.523948876081254	1	0.9853633510381459	1	1	1	1.0	0.0	0.0	0.0	0	0	1	12.0	1
m.6596C>G	6596	C	G	unlabeled	unlabeled_or_other	1.523948876081254	1	0.9853633510381459	1	1	1	1.0	0.0	0.0	0.0	0	0	1	12.0	1
m.4499C>A	4499	C	A	unlabeled	unlabeled_or_other	1.523948876081254	1	0.9853633510381459	1	1	1	1.0	0.0	0.0	0.0	0	0	1	12.0	1
m.3650C>A	3650	C	A	unlabeled	unlabeled_or_other	1.523948876081254	1	0.9853633510381459	1	1	1	1.0	0.0	0.0	0.0	0	0	1	12.0	1
m.4485C>T	4485	C	T	unlabeled	unlabeled_or_other	1.523948876081254	1	0.9853633510381459	1	1	1	1.0	0.0	0.0	0.0	0	0	1	12.0	1
m.3658T>A	3658	T	A	unlabeled	unlabeled_or_other	1.523948876081254	1	0.9853633510381459	1	1	1	1.0	0.0	0.0	0.0	0	0	1	12.0	1
m.3662C>A	3662	C	A	unlabeled	unlabeled_or_other	1.523948876081254	1	0.9853633510381459	1	1	1	1.0	0.0	0.0	0.0	0	0	1	12.0	1
m.3667T>A	3667	T	A	unlabeled	unlabeled_or_other	1.523948876081254	1	0.9853633510381459	1	1	1	1.0	0.0	0.0	0.0	0	0	1	12.0	1
m.3668G>A	3668	G	A	unlabeled	unlabeled_or_other	1.523948876081254	1	0.9853633510381459	1	1	1	1.0	0.0	0.0	0.0	0	0	1	12.0	1
m.3674C>A	3674	C	A	unlabeled	unlabeled_or_other	1.523948876081254	1	0.9853633510381459	1	1	1	1.0	0.0	0.0	0.0	0	0	1	12.0	1
m.12858C>A	12858	C	A	unlabeled	unlabeled_or_other	1.523948876081254	1	0.9853633510381459	1	1	1	1.0	0.0	0.0	0.0	0	0	1	12.0	1
m.12858C>G	12858	C	G	unlabeled	unlabeled_or_other	1.523948876081254	1	0.9853633510381459	1	1	1	1.0	0.0	0.0	0.0	0	0	1	12.0	1
m.6596C>A	6596	C	A	unlabeled	unlabeled_or_other	1.523948876081254	1	0.9853633510381459	1	1	1	1.0	0.0	0.0	0.0	0	0	1	12.0	1
m.9703C>G	9703	C	G	unlabeled	unlabeled_or_other	1.523948876081254	1	0.9853633510381459	1	1	1	1.0	0.0	0.0	0.0	0	0	1	12.0	1
m.9682T>G	9682	T	G	unlabeled	unlabeled_or_other	1.523948876081254	1	0.9853633510381459	1	1	1	1.0	0.0	0.0	0.0	0	0	1	12.0	1
m.13467C>G	13467	C	G	unlabeled	unlabeled_or_other	1.523948876081254	1	0.9853633510381459	1	1	1	1.0	0.0	0.0	0.0	0	0	1	12.0	1
m.9678C>T	9678	C	T	unlabeled	unlabeled_or_other	1.523948876081254	1	0.9853633510381459	1	1	1	1.0	0.0	0.0	0.0	0	0	1	12.0	1
m.9502G>A	9502	G	A	unlabeled	unlabeled_or_other	1.523948876081254	1	0.9853633510381459	1	1	1	1.0	0.0	0.0	0.0	0	0	1	12.0	1
m.9501T>A	9501	T	A	unlabeled	unlabeled_or_other	1.523948876081254	1	0.9853633510381459	1	1	1	1.0	0.0	0.0	0.0	0	0	1	12.0	1
m.9474G>T	9474	G	T	unlabeled	unlabeled_or_other	1.523948876081254	1	0.9853633510381459	1	1	1	1.0	0.0	0.0	0.0	0	0	1	12.0	1
m.9472C>A	9472	C	A	unlabeled	unlabeled_or_other	1.523948876081254	1	0.9853633510381459	1	1	1	1.0	0.0	0.0	0.0	0	0	1	12.0	1
m.9454T>G	9454	T	G	unlabeled	unlabeled_or_other	1.523948876081254	1	0.9853633510381459	1	1	1	1.0	0.0	0.0	0.0	0	0	1	12.0	1
m.9449C>G	9449	C	G	unlabeled	unlabeled_or_other	1.523948876081254	1	0.9853633510381459	1	1	1	1.0	0.0	0.0	0.0	0	0	1	12.0	1
m.9449C>A	9449	C	A	unlabeled	unlabeled_or_other	1.523948876081254	1	0.9853633510381459	1	1	1	1.0	0.0	0.0	0.0	0	0	1	12.0	1
m.9444C>A	9444	C	A	unlabeled	unlabeled_or_other	1.523948876081254	1	0.9853633510381459	1	1	1	1.0	0.0	0.0	0.0	0	0	1	12.0	1
m.13046T>G	13046	T	G	unlabeled	unlabeled_or_other	1.523948876081254	1	0.9853633510381459	1	1	1	1.0	0.0	0.0	0.0	0	0	1	12.0	1
m.9436A>G	9436	A	G	unlabeled	unlabeled_or_other	1.523948876081254	1	0.9853633510381459	1	1	1	1.0	0.0	0.0	0.0	0	0	1	12.0	1
m.9435A>T	9435	A	T	unlabeled	unlabeled_or_other	1.523948876081254	1	0.9853633510381459	1	1	1	1.0	0.0	0.0	0.0	0	0	1	12.0	1
m.13048G>T	13048	G	T	unlabeled	unlabeled_or_other	1.523948876081254	1	0.9853633510381459	1	1	1	1.0	0.0	0.0	0.0	0	0	1	12.0	1
m.9432C>T	9432	C	T	unlabeled	unlabeled_or_other	1.523948876081254	1	0.9853633510381459	1	1	1	1.0	0.0	0.0	0.0	0	0	1	12.0	1
m.9421C>G	9421	C	G	unlabeled	unlabeled_or_other	1.523948876081254	1	0.9853633510381459	1	1	1	1.0	0.0	0.0	0.0	0	0	1	12.0	1
m.6609T>A	6609	T	A	unlabeled	unlabeled_or_other	1.523948876081254	1	0.9853633510381459	1	1	1	1.0	0.0	0.0	0.0	0	0	1	12.0	1
m.9408C>T	9408	C	T	unlabeled	unlabeled_or_other	1.523948876081254	1	0.9853633510381459	1	1	1	1.0	0.0	0.0	0.0	0	0	1	12.0	1
m.9407C>G	9407	C	G	unlabeled	unlabeled_or_other	1.523948876081254	1	0.9853633510381459	1	1	1	1.0	0.0	0.0	0.0	0	0	1	12.0	1
m.9407C>A	9407	C	A	unlabeled	unlabeled_or_other	1.523948876081254	1	0.9853633510381459	1	1	1	1.0	0.0	0.0	0.0	0	0	1	12.0	1
m.9403C>G	9403	C	G	unlabeled	unlabeled_or_other	1.523948876081254	1	0.9853633510381459	1	1	1	1.0	0.0	0.0	0.0	0	0	1	12.0	1
m.9401C>G	9401	C	G	neutral	neutral_reference	1.523948876081254	1	0.9853633510381459	1	1	1	1.0	0.0	0.0	0.0	0	0	1	12.0	1
m.9401C>A	9401	C	A	neutral	neutral_reference	1.523948876081254	1	0.9853633510381459	1	1	1	1.0	0.0	0.0	0.0	0	0	1	12.0	1
m.9396G>T	9396	G	T	unlabeled	unlabeled_or_other	1.523948876081254	1	0.9853633510381459	1	1	1	1.0	0.0	0.0	0.0	0	0	1	12.0	1
m.9393C>A	9393	C	A	unlabeled	unlabeled_or_other	1.523948876081254	1	0.9853633510381459	1	1	1	1.0	0.0	0.0	0.0	0	0	1	12.0	1
m.9391C>G	9391	C	G	unlabeled	unlabeled_or_other	1.523948876081254	1	0.9853633510381459	1	1	1	1.0	0.0	0.0	0.0	0	0	1	12.0	1
m.9378T>A	9378	T	A	unlabeled	unlabeled_or_other	1.523948876081254	1	0.9853633510381459	1	1	1	1.0	0.0	0.0	0.0	0	0	1	12.0	1
m.9512C>A	9512	C	A	unlabeled	unlabeled_or_other	1.523948876081254	1	0.9853633510381459	1	1	1	1.0	0.0	0.0	0.0	0	0	1	12.0	1
m.13040C>A	13040	C	A	unlabeled	unlabeled_or_other	1.523948876081254	1	0.9853633510381459	1	1	1	1.0	0.0	0.0	0.0	0	0	1	12.0	1
m.13030T>A	13030	T	A	unlabeled	unlabeled_or_other	1.523948876081254	1	0.9853633510381459	1	1	1	1.0	0.0	0.0	0.0	0	0	1	12.0	1
m.9562C>G	9562	C	G	unlabeled	unlabeled_or_other	1.523948876081254	1	0.9853633510381459	1	1	1	1.0	0.0	0.0	0.0	0	0	1	12.0	1
m.9672C>A	9672	C	A	unlabeled	unlabeled_or_other	1.523948876081254	1	0.9853633510381459	1	1	1	1.0	0.0	0.0	0.0	0	0	1	12.0	1
m.9663G>T	9663	G	T	unlabeled	unlabeled_or_other	1.523948876081254	1	0.9853633510381459	1	1	1	1.0	0.0	0.0	0.0	0	0	1	12.0	1
m.9661T>G	9661	T	G	unlabeled	unlabeled_or_other	1.523948876081254	1	0.9853633510381459	1	1	1	1.0	0.0	0.0	0.0	0	0	1	12.0	1
m.9656T>G	9656	T	G	unlabeled	unlabeled_or_other	1.523948876081254	1	0.9853633510381459	1	1	1	1.0	0.0	0.0	0.0	0	0	1	12.0	1
m.9656T>A	9656	T	A	unlabeled	unlabeled_or_other	1.523948876081254	1	0.9853633510381459	1	1	1	1.0	0.0	0.0	0.0	0	0	1	12.0	1
m.9642T>A	9642	T	A	unlabeled	unlabeled_or_other	1.523948876081254	1	0.9853633510381459	1	1	1	1.0	0.0	0.0	0.0	0	0	1	12.0	1
m.9634C>A	9634	C	A	unlabeled	unlabeled_or_other	1.523948876081254	1	0.9853633510381459	1	1	1	1.0	0.0	0.0	0.0	0	0	1	12.0	1
m.9625C>A	9625	C	A	unlabeled	unlabeled_or_other	1.523948876081254	1	0.9853633510381459	1	1	1	1.0	0.0	0.0	0.0	0	0	1	12.0	1
m.9616T>A	9616	T	A	unlabeled	unlabeled_or_other	1.523948876081254	1	0.9853633510381459	1	1	1	1.0	0.0	0.0	0.0	0	0	1	12.0	1
m.9607C>G	9607	C	G	unlabeled	unlabeled_or_other	1.523948876081254	1	0.9853633510381459	1	1	1	1.0	0.0	0.0	0.0	0	0	1	12.0	1
m.9588G>T	9588	G	T	unlabeled	unlabeled_or_other	1.523948876081254	1	0.9853633510381459	1	1	1	1.0	0.0	0.0	0.0	0	0	1	12.0	1
m.9553G>A	9553	G	A	unlabeled	unlabeled_or_other	1.523948876081254	1	0.9853633510381459	1	1	1	1.0	0.0	0.0	0.0	0	0	1	12.0	1
