variant_id	position	reference	alternate	validation_label	is_neutral_dataset8	is_pathogenic_dataset9	is_disease_suspected_dataset3	analysis_group	neutral_split	mlc_score	rarity_soft	hom_rarity_soft	het_rarity_soft	no_homoplasmic_signal	pop_af_max	pop_af_hom_max	pop_af_het_max	isolation_forest_outlier_score	isolation_forest_rank	isolation_forest_percentile	isolation_forest_above_T90	isolation_forest_above_T95	isolation_forest_above_T99	elliptic_envelope_outlier_score	elliptic_envelope_rank	elliptic_envelope_percentile	elliptic_envelope_above_T90	elliptic_envelope_above_T95	elliptic_envelope_above_T99	model_name	top_rank
m.3010G>A	3010	G	A	neutral	1	0	0	neutral_reference	neutral_validation	0.86677	0.679284205827047	0.679284205827047	3.3617993002768407	0	0.20927325	0.20927325	0.00043371107	0.2391577579540909	1	1.0	1	1	1	149.94360892582657	6816	0.8628882987284725	1	1	0	isolation_forest	1
m.13105A>G	13105	A	G	neutral	1	0	0	neutral_reference	neutral_train	0.85213	0.8944966277459189	0.8944966277459189	3.266110294494502	0	0.127497	0.127497	0.00054086326	0.23735957428536847	2	0.9999798808948978	1	1	1	134.96637973879737	7543	0.8482617093191694	1	1	0	isolation_forest	2
m.7521G>A	7521	G	A	neutral	1	0	0	neutral_reference	neutral_train	0.64916	0.8206924245166972	0.8206924245166972	2.216599908339814	0	0.151114	0.151114	0.0060719554	0.23562342427656302	3	0.9999597617897956	1	1	1	-1.5573418988120409	15589	0.6863833896668277	1	1	0	isolation_forest	3
m.3019G>A	3019	G	A	unlabeled	0	0	0	unlabeled_or_other	not_neutral_reference	0.88792	3.082178290060857	6.0	3.082178290060857	1	0.00082660234	0.0	0.00082660234	0.23357076073975758	4	0.9999396426846934	1	1	1	718.7462980134646	2	0.9999798808948978	1	1	1	isolation_forest	4
m.3030A>G	3030	A	G	unlabeled	0	0	0	unlabeled_or_other	not_neutral_reference	0.94251	3.7335580060779945	6.0	3.7335580060779945	1	0.00018368941	0.0	0.00018368941	0.22933537195480813	5	0.9999195235795911	1	1	1	546.5463966687629	7	0.9998792853693867	1	1	1	isolation_forest	5
m.9984G>A	9984	G	A	unlabeled	0	0	0	unlabeled_or_other	not_neutral_reference	1.0	3.9691089572854694	6.0	3.9691089572854694	1	0.000106372	0.0	0.000106372	0.22863959874988027	6	0.999899404474489	1	1	1	533.6905065732791	8	0.9998591662642846	1	1	1	isolation_forest	6
m.7206G>A	7206	G	A	unlabeled	0	0	0	unlabeled_or_other	not_neutral_reference	1.0	4.72766167752418	6.0	4.72766167752418	1	1.77214e-05	0.0	1.77214e-05	0.22769498599905091	7	0.9998692258168357	1	1	1	369.86422559566745	24	0.9995372605826492	1	1	1	isolation_forest	7
m.9982G>A	9982	G	A	unlabeled	0	0	0	unlabeled_or_other	not_neutral_reference	1.0	4.727654718252935	6.0	4.727654718252935	1	1.77217e-05	0.0	1.77217e-05	0.22769498599905091	7	0.9998692258168357	1	1	1	369.86538496814467	23	0.9995573796877515	1	1	1	isolation_forest	8
m.7392G>A	7392	G	A	unlabeled	0	0	0	unlabeled_or_other	not_neutral_reference	1.0	4.727675596401231	6.0	4.727675596401231	1	1.77208e-05	0.0	1.77208e-05	0.22757610415506835	9	0.9998189280540801	1	1	1	369.86190681389417	25	0.9995070819249959	1	1	1	isolation_forest	9
m.9450G>A	9450	G	A	unlabeled	0	0	0	unlabeled_or_other	not_neutral_reference	1.0	4.727675596401231	6.0	4.727675596401231	1	1.77208e-05	0.0	1.77208e-05	0.22757610415506835	9	0.9998189280540801	1	1	1	369.86190681389417	25	0.9995070819249959	1	1	1	isolation_forest	10
m.6211G>A	6211	G	A	unlabeled	0	0	0	unlabeled_or_other	not_neutral_reference	1.0	4.727684875900433	6.0	4.727684875900433	1	1.77204e-05	0.0	1.77204e-05	0.22757610415506835	9	0.9998189280540801	1	1	1	369.86036093210464	27	0.9994769032673426	1	1	1	isolation_forest	11
m.302A>C	302	A	C	unlabeled	0	0	0	unlabeled_or_other	not_neutral_reference	0.04092	0.7148299031999236	6.0	0.7148299031999236	1	0.192827	0.0	0.192827	0.22755820388436432	12	0.9997786898438757	1	1	1	1588.0568272957123	1	1.0	1	1	1	isolation_forest	12
m.8564C>T	8564	C	T	unlabeled	0	0	0	unlabeled_or_other	not_neutral_reference	1.0	4.727691835654954	6.0	4.727691835654954	1	1.77201e-05	0.0	1.77201e-05	0.2274776572089552	13	0.9997183325285691	1	1	1	369.859201506443	28	0.9994165459520361	1	1	1	isolation_forest	13
m.6610G>A	6610	G	A	unlabeled	0	0	0	unlabeled_or_other	not_neutral_reference	1.0	4.727691835654954	6.0	4.727691835654954	1	1.77201e-05	0.0	1.77201e-05	0.2274776572089552	13	0.9997183325285691	1	1	1	369.859201506443	28	0.9994165459520361	1	1	1	isolation_forest	14
m.9307G>A	9307	G	A	unlabeled	0	0	0	unlabeled_or_other	not_neutral_reference	1.0	4.727691835654954	6.0	4.727691835654954	1	1.77201e-05	0.0	1.77201e-05	0.2274776572089552	13	0.9997183325285691	1	1	1	369.859201506443	28	0.9994165459520361	1	1	1	isolation_forest	15
m.7053G>A	7053	G	A	unlabeled	0	0	0	unlabeled_or_other	not_neutral_reference	1.0	4.727691835654954	6.0	4.727691835654954	1	1.77201e-05	0.0	1.77201e-05	0.2274776572089552	13	0.9997183325285691	1	1	1	369.859201506443	28	0.9994165459520361	1	1	1	isolation_forest	16
m.6576G>A	6576	G	A	unlabeled	0	0	0	unlabeled_or_other	not_neutral_reference	1.0	4.727691835654954	6.0	4.727691835654954	1	1.77201e-05	0.0	1.77201e-05	0.2274776572089552	13	0.9997183325285691	1	1	1	369.859201506443	28	0.9994165459520361	1	1	1	isolation_forest	17
m.3047G>A	3047	G	A	unlabeled	0	0	0	unlabeled_or_other	not_neutral_reference	0.98648	4.438276255575704	6.0	4.438276255575704	1	3.54522e-05	0.0	3.54522e-05	0.2274743510527263	18	0.9996579752132625	1	1	1	410.793295965831	14	0.9997384516336714	1	1	1	isolation_forest	18
m.14609T>C	14609	T	C	unlabeled	0	0	0	unlabeled_or_other	not_neutral_reference	1.0	4.72769879552101	6.0	4.72769879552101	1	1.77198e-05	0.0	1.77198e-05	0.22735881086947363	19	0.9996378561081604	1	1	1	369.85804206850685	33	0.9993561886367295	1	1	1	isolation_forest	19
m.3009C>T	3009	C	T	unlabeled	0	0	0	unlabeled_or_other	not_neutral_reference	0.87015	3.464875072509937	6.0	3.464875072509937	1	0.0003418664	0.0	0.0003418664	0.22714717740529933	20	0.9996177370030581	1	1	1	567.9547965698539	6	0.999899404474489	1	1	1	isolation_forest	20
m.5359T>C	5359	T	C	unlabeled	0	0	0	unlabeled_or_other	not_neutral_reference	0.98714	4.727654718252935	6.0	4.727654718252935	1	1.77217e-05	0.0	1.77217e-05	0.22705627641370119	21	0.9995976178979559	1	1	1	357.781016894411	42	0.9991751166908096	1	1	1	isolation_forest	21
m.8190C>T	8190	C	T	unlabeled	0	0	0	unlabeled_or_other	not_neutral_reference	0.98769	4.438426398953326	6.0	4.438426398953326	1	3.54396e-05	0.0	3.54396e-05	0.22697650958536164	22	0.9995774987928537	1	1	1	411.8950010947066	13	0.9997585707387735	1	1	1	isolation_forest	22
m.6810G>A	6810	G	A	unlabeled	0	0	0	unlabeled_or_other	not_neutral_reference	0.99173	4.438335830069127	6.0	4.438335830069127	1	3.54472e-05	0.0	3.54472e-05	0.22693570733284274	23	0.9995573796877515	1	1	1	415.7043974469001	11	0.999798808948978	1	1	1	isolation_forest	23
m.5358A>G	5358	A	G	unlabeled	0	0	0	unlabeled_or_other	not_neutral_reference	0.98576	4.727675596401231	6.0	4.727675596401231	1	1.77208e-05	0.0	1.77208e-05	0.22692290686870753	24	0.9995372605826492	1	1	1	356.49017003262236	43	0.9991549975857074	1	1	1	isolation_forest	24
m.6193T>C	6193	T	C	unlabeled	0	0	0	unlabeled_or_other	not_neutral_reference	0.98473	4.727691835654954	6.0	4.727691835654954	1	1.77201e-05	0.0	1.77201e-05	0.2268653443187454	25	0.9995171414775471	1	1	1	355.5277898710448	46	0.9990946402704007	1	1	1	isolation_forest	25
m.7221T>C	7221	T	C	unlabeled	0	0	0	unlabeled_or_other	not_neutral_reference	0.98552	4.727691835654954	6.0	4.727691835654954	1	1.77201e-05	0.0	1.77201e-05	0.2268245483054835	26	0.9994970223724449	1	1	1	356.2637619491368	44	0.9991348784806052	1	1	1	isolation_forest	26
m.9979G>A	9979	G	A	unlabeled	0	0	0	unlabeled_or_other	not_neutral_reference	1.0	4.266265216831566	6.0	4.266265216831566	1	5.3167e-05	0.0	5.3167e-05	0.2268066302841183	27	0.9994769032673426	1	1	1	460.58792792314273	9	0.9998390471591824	1	1	1	isolation_forest	27
m.6637T>C	6637	T	C	unlabeled	0	0	0	unlabeled_or_other	not_neutral_reference	0.99143	4.727668636906944	6.0	4.727668636906944	1	1.77211e-05	0.0	1.77211e-05	0.22679834383414932	28	0.9994567841622405	1	1	1	361.7923747668659	37	0.9992757122163206	1	1	1	isolation_forest	28
m.3053A>G	3053	A	G	unlabeled	0	0	0	unlabeled_or_other	not_neutral_reference	0.98902	4.72766167752418	6.0	4.72766167752418	1	1.77214e-05	0.0	1.77214e-05	0.2267407911479099	29	0.9994266055045872	1	1	1	359.5365985580727	40	0.999215354901014	1	1	1	isolation_forest	29
m.3054G>A	3054	G	A	unlabeled	0	0	0	unlabeled_or_other	not_neutral_reference	0.98914	4.7276408000449885	6.0	4.7276408000449885	1	1.77223e-05	0.0	1.77223e-05	0.2267407911479099	29	0.9994266055045872	1	1	1	359.65232191480266	39	0.9992354740061162	1	1	1	isolation_forest	30
m.7201T>C	7201	T	C	unlabeled	0	0	0	unlabeled_or_other	not_neutral_reference	0.99324	4.727684875900433	6.0	4.727684875900433	1	1.77204e-05	0.0	1.77204e-05	0.22667380214428867	31	0.9993964268469339	1	1	1	363.48836503102257	36	0.9992958313214229	1	1	1	isolation_forest	31
m.7219G>A	7219	G	A	unlabeled	0	0	0	unlabeled_or_other	not_neutral_reference	0.98926	4.727668636906944	6.0	4.727668636906944	1	1.77211e-05	0.0	1.77211e-05	0.22662206518852945	32	0.9993662481892805	1	1	1	359.7599477828859	38	0.9992555931112184	1	1	1	isolation_forest	32
m.6817T>C	6817	T	C	unlabeled	0	0	0	unlabeled_or_other	not_neutral_reference	0.98871	4.727675596401231	6.0	4.727675596401231	1	1.77208e-05	0.0	1.77208e-05	0.22662206518852945	32	0.9993662481892805	1	1	1	359.2443730722764	41	0.9991952357959119	1	1	1	isolation_forest	33
m.10288G>C	10288	G	C	unlabeled	0	0	0	unlabeled_or_other	not_neutral_reference	0.98527	4.72769879552101	6.0	4.72769879552101	1	1.77198e-05	0.0	1.77198e-05	0.22660747947481386	34	0.9993360695316272	1	1	1	356.02963623662015	45	0.999114759375503	1	1	1	isolation_forest	34
m.10290G>A	10290	G	A	unlabeled	0	0	0	unlabeled_or_other	not_neutral_reference	0.9834	4.727494685785422	6.0	4.727494685785422	1	1.77286e-05	0.0	1.77286e-05	0.2265907225023226	35	0.999315950426525	1	1	1	354.32291554475046	47	0.9990745211652986	1	1	1	isolation_forest	35
m.3062T>C	3062	T	C	unlabeled	0	0	0	unlabeled_or_other	not_neutral_reference	0.98171	4.72766167752418	6.0	4.72766167752418	1	1.77214e-05	0.0	1.77214e-05	0.2264924088863367	36	0.9992958313214229	1	1	1	352.7248482893184	49	0.9990342829550941	1	1	1	isolation_forest	36
m.11529T>C	11529	T	C	unlabeled	0	0	0	unlabeled_or_other	not_neutral_reference	0.97317	4.43837396203411	6.0	4.43837396203411	1	3.5444e-05	0.0	3.5444e-05	0.22643309008339652	37	0.9992757122163206	1	1	1	398.4098257624412	16	0.9996982134234669	1	1	1	isolation_forest	37
m.6204A>G	6204	A	G	unlabeled	0	0	0	unlabeled_or_other	not_neutral_reference	0.97866	4.727654718252935	6.0	4.727654718252935	1	1.77217e-05	0.0	1.77217e-05	0.22641449421345916	38	0.9992555931112184	1	1	1	349.8990030861297	52	0.9989739256397876	1	1	1	isolation_forest	38
m.3065T>C	3065	T	C	unlabeled	0	0	0	unlabeled_or_other	not_neutral_reference	0.97459	4.727654718252935	6.0	4.727654718252935	1	1.77217e-05	0.0	1.77217e-05	0.2263162044425896	39	0.9992354740061162	1	1	1	346.1404314216643	61	0.9987928536938677	1	1	1	isolation_forest	39
m.10398A>G	10398	A	G	neutral	1	0	0	neutral_reference	neutral_validation	0.57849	0.37832425519156715	0.37832425519156715	2.831026144061779	0	0.41848	0.41848	0.0014746177	0.22628182571172695	40	0.999215354901014	1	1	1	-40.04443592922496	18344	0.6309552551102527	1	0	0	isolation_forest	40
m.6183T>C	6183	T	C	unlabeled	0	0	0	unlabeled_or_other	not_neutral_reference	0.97803	4.72766167752418	6.0	4.72766167752418	1	1.77214e-05	0.0	1.77214e-05	0.22621792797112295	41	0.9991851762433607	1	1	1	349.3150150600925	55	0.998913568324481	1	1	1	isolation_forest	41
m.3037T>C	3037	T	C	unlabeled	0	0	0	unlabeled_or_other	not_neutral_reference	0.97266	4.727654718252935	6.0	4.727654718252935	1	1.77217e-05	0.0	1.77217e-05	0.22621792797112295	41	0.9991851762433607	1	1	1	344.363648171225	65	0.9987123772734589	1	1	1	isolation_forest	42
m.8193A>G	8193	A	G	unlabeled	0	0	0	unlabeled_or_other	not_neutral_reference	0.98325	4.72769879552101	6.0	4.72769879552101	1	1.77198e-05	0.0	1.77198e-05	0.22615678931440997	43	0.9991549975857074	1	1	1	354.1494546373473	48	0.9990544020601964	1	1	1	isolation_forest	43
m.7224T>C	7224	T	C	unlabeled	0	0	0	unlabeled_or_other	not_neutral_reference	0.97773	4.727675596401231	6.0	4.727675596401231	1	1.77208e-05	0.0	1.77208e-05	0.2260992874306884	44	0.999124818928054	1	1	1	349.03529416967535	56	0.9988934492193787	1	1	1	isolation_forest	44
m.5353G>A	5353	G	A	unlabeled	0	0	0	unlabeled_or_other	not_neutral_reference	0.97809	4.727684875900433	6.0	4.727684875900433	1	1.77204e-05	0.0	1.77204e-05	0.2260992874306884	44	0.999124818928054	1	1	1	349.3666457743168	54	0.9989336874295831	1	1	1	isolation_forest	45
m.7188C>T	7188	C	T	unlabeled	0	0	0	unlabeled_or_other	not_neutral_reference	0.96898	4.669384671494912	6.0	4.669384671494912	1	2.0409934e-05	0.0	2.0409934e-05	0.2259114274092896	46	0.9990946402704007	1	1	1	350.899484424314	51	0.9989940447448897	1	1	1	isolation_forest	46
m.6178T>C	6178	T	C	unlabeled	0	0	0	unlabeled_or_other	not_neutral_reference	0.97335	4.727691835654954	6.0	4.727691835654954	1	1.77201e-05	0.0	1.77201e-05	0.22590280648264816	47	0.9990745211652986	1	1	1	344.9922866596447	62	0.9987727345887655	1	1	1	isolation_forest	47
m.11423G>A	11423	G	A	unlabeled	0	0	0	unlabeled_or_other	not_neutral_reference	0.97317	4.72769879552101	6.0	4.72769879552101	1	1.77198e-05	0.0	1.77198e-05	0.22588243520185247	48	0.999024223402543	1	1	1	344.8254812652692	63	0.9987526154836633	1	1	1	isolation_forest	48
m.6645C>A	6645	C	A	unlabeled	0	0	0	unlabeled_or_other	not_neutral_reference	0.97815	4.72769879552101	6.0	4.72769879552101	1	1.77198e-05	0.0	1.77198e-05	0.22588243520185247	48	0.999024223402543	1	1	1	349.4198240632529	53	0.9989538065346854	1	1	1	isolation_forest	49
m.6535C>T	6535	C	T	unlabeled	0	0	0	unlabeled_or_other	not_neutral_reference	0.97737	4.72769879552101	6.0	4.72769879552101	1	1.77198e-05	0.0	1.77198e-05	0.22588243520185247	48	0.999024223402543	1	1	1	348.69866178484926	57	0.9988733301142765	1	1	1	isolation_forest	50
m.6181C>T	6181	C	T	unlabeled	0	0	0	unlabeled_or_other	not_neutral_reference	0.97722	4.72769879552101	6.0	4.72769879552101	1	1.77198e-05	0.0	1.77198e-05	0.22588243520185247	48	0.999024223402543	1	1	1	348.56004343319603	58	0.9988532110091743	1	1	1	isolation_forest	51
m.1573A>G	1573	A	G	unlabeled	0	0	0	unlabeled_or_other	not_neutral_reference	0.96119	4.727566577134939	6.0	4.727566577134939	1	1.77255e-05	0.0	1.77255e-05	0.22545255340718062	52	0.9989739256397876	1	1	1	333.8923633246511	79	0.998430709802028	1	1	1	isolation_forest	52
m.11759T>C	11759	T	C	unlabeled	0	0	0	unlabeled_or_other	not_neutral_reference	0.96385	4.727675596401231	6.0	4.727675596401231	1	1.77208e-05	0.0	1.77208e-05	0.22523589432784485	53	0.9989437469821343	1	1	1	336.29481711921756	72	0.9985715435377435	1	1	1	isolation_forest	53
m.11762G>A	11762	G	A	unlabeled	0	0	0	unlabeled_or_other	not_neutral_reference	0.96684	4.727684875900433	6.0	4.727684875900433	1	1.77204e-05	0.0	1.77204e-05	0.22523589432784485	53	0.9989437469821343	1	1	1	339.02223105013945	68	0.9986520199581522	1	1	1	isolation_forest	54
m.3069A>G	3069	A	G	unlabeled	0	0	0	unlabeled_or_other	not_neutral_reference	0.96303	4.727691835654954	6.0	4.727691835654954	1	1.77201e-05	0.0	1.77201e-05	0.22513776403109598	55	0.998913568324481	1	1	1	335.54520082080114	78	0.9984508289071302	1	1	1	isolation_forest	55
m.5350T>C	5350	T	C	unlabeled	0	0	0	unlabeled_or_other	not_neutral_reference	0.96548	4.72769879552101	6.0	4.72769879552101	1	1.77198e-05	0.0	1.77198e-05	0.22501929995454195	56	0.9988934492193787	1	1	1	337.7775913602769	70	0.9986117817479478	1	1	1	isolation_forest	56
m.1575T>C	1575	T	C	unlabeled	0	0	0	unlabeled_or_other	not_neutral_reference	0.95986	4.438365620380676	6.0	4.438365620380676	1	3.54447e-05	0.0	3.54447e-05	0.2247842686365199	57	0.9988733301142765	1	1	1	386.2174180304247	18	0.9996579752132625	1	1	1	isolation_forest	57
m.11535A>G	11535	A	G	unlabeled	0	0	0	unlabeled_or_other	not_neutral_reference	0.97625	4.7876139443864885	6.0	4.7876139443864885	1	1.530745e-05	0.0	1.530745e-05	0.22471715312901508	58	0.9988532110091743	1	1	1	337.9282107971186	69	0.9986319008530501	1	1	1	isolation_forest	58
m.3033T>C	3033	T	C	unlabeled	0	0	0	unlabeled_or_other	not_neutral_reference	0.9583	4.727582812312622	6.0	4.727582812312622	1	1.77248e-05	0.0	1.77248e-05	0.22456959488843298	59	0.9988330919040721	1	1	1	331.2674503131377	83	0.9983502333816192	1	1	1	isolation_forest	59
m.1576G>A	1576	G	A	unlabeled	0	0	0	unlabeled_or_other	not_neutral_reference	0.95962	4.727684875900433	6.0	4.727684875900433	1	1.77204e-05	0.0	1.77204e-05	0.22445122363235548	60	0.9988129727989699	1	1	1	332.4471784467394	80	0.9984105906969258	1	1	1	isolation_forest	60
m.1578A>G	1578	A	G	unlabeled	0	0	0	unlabeled_or_other	not_neutral_reference	0.95718	4.727573534993915	6.0	4.727573534993915	1	1.77252e-05	0.0	1.77252e-05	0.22437352787199427	61	0.9987928536938677	1	1	1	330.25491913890426	84	0.998330114276517	1	1	1	isolation_forest	61
m.6787T>C	6787	T	C	unlabeled	0	0	0	unlabeled_or_other	not_neutral_reference	0.99994	4.95058941817747	6.0	4.95058941817747	1	1.0204967e-05	0.0	1.0204967e-05	0.22423728009388244	62	0.9987526154836633	1	1	1	335.9043310813297	77	0.9984709480122325	1	1	1	isolation_forest	62
m.15170G>A	15170	G	A	unlabeled	0	0	0	unlabeled_or_other	not_neutral_reference	1.0	4.95058941817747	6.0	4.95058941817747	1	1.0204967e-05	0.0	1.0204967e-05	0.22423728009388244	62	0.9987526154836633	1	1	1	335.96097093549565	75	0.9985011266698858	1	1	1	isolation_forest	63
m.8517G>A	8517	G	A	unlabeled	0	0	0	unlabeled_or_other	not_neutral_reference	1.0	4.95058941817747	6.0	4.95058941817747	1	1.0204967e-05	0.0	1.0204967e-05	0.22423728009388244	62	0.9987526154836633	1	1	1	335.96097093549565	75	0.9985011266698858	1	1	1	isolation_forest	64
m.11757A>G	11757	A	G	unlabeled	0	0	0	unlabeled_or_other	not_neutral_reference	0.9592	4.72769879552101	6.0	4.72769879552101	1	1.77198e-05	0.0	1.77198e-05	0.22423486360384826	65	0.9987123772734589	1	1	1	332.0639161944988	82	0.9983703524867213	1	1	1	isolation_forest	65
m.5239T>C	5239	T	C	unlabeled	0	0	0	unlabeled_or_other	not_neutral_reference	0.97012	4.7876139443864885	6.0	4.7876139443864885	1	1.530745e-05	0.0	1.530745e-05	0.2240513302751841	66	0.9986922581683567	1	1	1	332.2904147739571	81	0.9983904715918236	1	1	1	isolation_forest	66
m.6564G>A	6564	G	A	unlabeled	0	0	0	unlabeled_or_other	not_neutral_reference	0.95069	4.43837396203411	6.0	4.43837396203411	1	3.5444e-05	0.0	3.5444e-05	0.22394275547674314	67	0.9986721390632545	1	1	1	377.9130829892705	20	0.9996177370030581	1	1	1	isolation_forest	67
m.6588A>G	6588	A	G	unlabeled	0	0	0	unlabeled_or_other	not_neutral_reference	0.98678	4.95058941817747	6.0	4.95058941817747	1	1.0204967e-05	0.0	1.0204967e-05	0.22388088140979312	68	0.9986520199581522	1	1	1	323.5645092604884	91	0.9981892805408016	1	1	1	isolation_forest	68
m.6589T>C	6589	T	C	unlabeled	0	0	0	unlabeled_or_other	not_neutral_reference	0.98787	4.95058941817747	6.0	4.95058941817747	1	1.0204967e-05	0.0	1.0204967e-05	0.22367921835711702	69	0.9986319008530501	1	1	1	324.5802858882138	90	0.9982093996459037	1	1	1	isolation_forest	69
m.13093G>A	13093	G	A	unlabeled	0	0	0	unlabeled_or_other	not_neutral_reference	0.94291	4.669384671494912	6.0	4.669384671494912	1	2.0409934e-05	0.0	2.0409934e-05	0.22352077937766424	70	0.9986117817479478	1	1	1	327.32754836019694	87	0.9982697569612103	1	1	1	isolation_forest	70
m.6210T>C	6210	T	C	unlabeled	0	0	0	unlabeled_or_other	not_neutral_reference	0.9497	4.72769879552101	6.0	4.72769879552101	1	1.77198e-05	0.0	1.77198e-05	0.22349188265042075	71	0.9985916626428456	1	1	1	323.49229719925574	92	0.9981691614356993	1	1	1	isolation_forest	71
m.11379T>C	11379	T	C	unlabeled	0	0	0	unlabeled_or_other	not_neutral_reference	0.94903	4.727633841108281	6.0	4.727633841108281	1	1.77226e-05	0.0	1.77226e-05	0.22343459179158454	72	0.9985413648800902	1	1	1	322.9018246308344	94	0.998128923225495	1	1	1	isolation_forest	72
m.3031G>A	3031	G	A	unlabeled	0	0	0	unlabeled_or_other	not_neutral_reference	0.94677	4.727668636906944	6.0	4.727668636906944	1	1.77211e-05	0.0	1.77211e-05	0.22343459179158454	72	0.9985413648800902	1	1	1	320.8710547252048	97	0.9980685659101883	1	1	1	isolation_forest	73
m.7026G>A	7026	G	A	unlabeled	0	0	0	unlabeled_or_other	not_neutral_reference	0.94737	4.727647759093206	6.0	4.727647759093206	1	1.7722e-05	0.0	1.7722e-05	0.22343459179158454	72	0.9985413648800902	1	1	1	321.4116549885191	96	0.9980886850152905	1	1	1	isolation_forest	74
m.6570G>A	6570	G	A	unlabeled	0	0	0	unlabeled_or_other	not_neutral_reference	0.94538	4.7276408000449885	6.0	4.7276408000449885	1	1.77223e-05	0.0	1.77223e-05	0.22343459179158454	72	0.9985413648800902	1	1	1	319.63264883165334	100	0.9980082085948817	1	1	1	isolation_forest	75
m.6825G>A	6825	G	A	unlabeled	0	0	0	unlabeled_or_other	not_neutral_reference	0.98274	4.95058941817747	6.0	4.95058941817747	1	1.0204967e-05	0.0	1.0204967e-05	0.22343188246638612	76	0.9984910671173346	1	1	1	319.8095221503132	99	0.998028327699984	1	1	1	isolation_forest	76
m.11766G>A	11766	G	A	unlabeled	0	0	0	unlabeled_or_other	not_neutral_reference	0.9541	4.727675596401231	6.0	4.727675596401231	1	1.77208e-05	0.0	1.77208e-05	0.22339398833259227	77	0.9984508289071302	1	1	1	327.45543663159344	86	0.9982898760663126	1	1	1	isolation_forest	77
m.6164C>A	6164	C	A	unlabeled	0	0	0	unlabeled_or_other	not_neutral_reference	0.95274	4.727684875900433	6.0	4.727684875900433	1	1.77204e-05	0.0	1.77204e-05	0.22339398833259227	77	0.9984508289071302	1	1	1	326.2281387071978	89	0.998229518751006	1	1	1	isolation_forest	78
m.6166G>A	6166	G	A	unlabeled	0	0	0	unlabeled_or_other	not_neutral_reference	0.95356	4.727684875900433	6.0	4.727684875900433	1	1.77204e-05	0.0	1.77204e-05	0.22339398833259227	77	0.9984508289071302	1	1	1	326.9669854452701	88	0.9982496378561082	1	1	1	isolation_forest	79
m.5374T>C	5374	T	C	unlabeled	0	0	0	unlabeled_or_other	not_neutral_reference	0.97866	4.95058941817747	6.0	4.95058941817747	1	1.0204967e-05	0.0	1.0204967e-05	0.22335429602806667	80	0.9984105906969258	1	1	1	316.0331978588579	104	0.9979277321744728	1	1	1	isolation_forest	80
m.6834A>G	6834	A	G	unlabeled	0	0	0	unlabeled_or_other	not_neutral_reference	0.94816	4.727684875900433	6.0	4.727684875900433	1	1.77204e-05	0.0	1.77204e-05	0.22331640595833335	81	0.9983904715918236	1	1	1	322.11323496412206	95	0.9981088041203927	1	1	1	isolation_forest	81
m.3901G>A	3901	G	A	unlabeled	0	0	0	unlabeled_or_other	not_neutral_reference	0.94951	4.727691835654954	6.0	4.727691835654954	1	1.77201e-05	0.0	1.77201e-05	0.2232185353839241	82	0.9983703524867213	1	1	1	323.32290172692444	93	0.9981490423305971	1	1	1	isolation_forest	82
m.6993G>A	6993	G	A	unlabeled	0	0	0	unlabeled_or_other	not_neutral_reference	0.94079	4.727691835654954	6.0	4.727691835654954	1	1.77201e-05	0.0	1.77201e-05	0.22316126617052723	83	0.9983502333816192	1	1	1	315.5326093316173	106	0.9978874939642685	1	1	1	isolation_forest	83
m.3039T>C	3039	T	C	unlabeled	0	0	0	unlabeled_or_other	not_neutral_reference	0.97857	4.95058941817747	6.0	4.95058941817747	1	1.0204967e-05	0.0	1.0204967e-05	0.223158557868957	84	0.998330114276517	1	1	1	315.9500760373121	105	0.9979076130693707	1	1	1	isolation_forest	84
m.11865T>C	11865	T	C	unlabeled	0	0	0	unlabeled_or_other	not_neutral_reference	0.94417	4.727691835654954	6.0	4.727691835654954	1	1.77201e-05	0.0	1.77201e-05	0.22312067805219715	85	0.9983099951714147	1	1	1	318.54361079705177	102	0.9979679703846773	1	1	1	isolation_forest	85
m.11642G>A	11642	G	A	unlabeled	0	0	0	unlabeled_or_other	not_neutral_reference	0.93578	4.438306041800897	6.0	4.438306041800897	1	3.54497e-05	0.0	3.54497e-05	0.22290423450686137	86	0.9982898760663126	1	1	1	364.5988899878282	34	0.9993360695316272	1	1	1	isolation_forest	86
m.6168G>A	6168	G	A	unlabeled	0	0	0	unlabeled_or_other	not_neutral_reference	0.95594	4.266235552373419	6.0	4.266235552373419	1	5.31707e-05	0.0	5.31707e-05	0.22279847195514968	87	0.9982697569612103	1	1	1	419.68437597958984	10	0.9998189280540801	1	1	1	isolation_forest	87
m.12725T>C	12725	T	C	unlabeled	0	0	0	unlabeled_or_other	not_neutral_reference	0.9347	4.438381112150293	6.0	4.438381112150293	1	3.54434e-05	0.0	3.54434e-05	0.2226108297976691	88	0.9982496378561082	1	1	1	363.6264418435471	35	0.999315950426525	1	1	1	isolation_forest	88
m.1147G>A	1147	G	A	unlabeled	0	0	0	unlabeled_or_other	not_neutral_reference	0.93503	4.669384671494912	6.0	4.669384671494912	1	2.0409934e-05	0.0	2.0409934e-05	0.22246258844145061	89	0.998229518751006	1	1	1	320.33053848528516	98	0.9980484468050861	1	1	1	isolation_forest	89
m.13096G>A	13096	G	A	unlabeled	0	0	0	unlabeled_or_other	not_neutral_reference	0.93587	4.727668636906944	6.0	4.727668636906944	1	1.77211e-05	0.0	1.77211e-05	0.22239679980011884	90	0.9981993400933526	1	1	1	311.17310981154947	110	0.9978070175438597	1	1	1	isolation_forest	90
m.1081T>C	1081	T	C	unlabeled	0	0	0	unlabeled_or_other	not_neutral_reference	0.93548	4.727589770431709	6.0	4.727589770431709	1	1.77245e-05	0.0	1.77245e-05	0.22239679980011884	90	0.9981993400933526	1	1	1	310.8413221429015	112	0.9977667793336552	1	1	1	isolation_forest	91
m.11540T>C	11540	T	C	unlabeled	0	0	0	unlabeled_or_other	not_neutral_reference	0.96699	4.95058941817747	6.0	4.95058941817747	1	1.0204967e-05	0.0	1.0204967e-05	0.22229866154081745	92	0.9981691614356993	1	1	1	305.3196848153465	121	0.9975857073877354	1	1	1	isolation_forest	92
m.3076A>G	3076	A	G	unlabeled	0	0	0	unlabeled_or_other	not_neutral_reference	0.93186	4.727522513283205	6.0	4.727522513283205	1	1.77274e-05	0.0	1.77274e-05	0.22172734193096988	93	0.9981490423305971	1	1	1	307.6581855864147	118	0.997646064703042	1	1	1	isolation_forest	93
m.4429G>A	4429	G	A	unlabeled	0	0	0	unlabeled_or_other	not_neutral_reference	0.94514	4.7876139443864885	6.0	4.7876139443864885	1	1.530745e-05	0.0	1.530745e-05	0.22164655570711922	94	0.998128923225495	1	1	1	309.68774949208876	114	0.9977265411234508	1	1	1	isolation_forest	94
m.1588G>A	1588	G	A	unlabeled	0	0	0	unlabeled_or_other	not_neutral_reference	0.93298	4.72769879552101	6.0	4.72769879552101	1	1.77198e-05	0.0	1.77198e-05	0.22119871600285834	95	0.9980987445678416	1	1	1	308.61586783925486	116	0.9976863029132464	1	1	1	isolation_forest	95
m.4431C>T	4431	C	T	unlabeled	0	0	0	unlabeled_or_other	not_neutral_reference	0.93222	4.72769879552101	6.0	4.72769879552101	1	1.77198e-05	0.0	1.77198e-05	0.22119871600285834	95	0.9980987445678416	1	1	1	307.94601862809213	117	0.9976661838081442	1	1	1	isolation_forest	96
m.6169C>T	6169	C	T	unlabeled	0	0	0	unlabeled_or_other	not_neutral_reference	0.95754	4.95058941817747	6.0	4.95058941817747	1	1.0204967e-05	0.0	1.0204967e-05	0.22112673955047624	97	0.9980685659101883	1	1	1	296.73964898837096	141	0.9971833252856913	1	1	1	isolation_forest	97
m.4417A>C	4417	A	C	unlabeled	0	0	0	unlabeled_or_other	not_neutral_reference	0.9356	4.283789280158283	6.0	4.283789280158283	1	5.1024836e-05	0.0	5.1024836e-05	0.22106657606855185	98	0.9980484468050861	1	1	1	397.4751257282056	17	0.9996780943183647	1	1	1	isolation_forest	98
m.13099G>A	13099	G	A	unlabeled	0	0	0	unlabeled_or_other	not_neutral_reference	0.92758	4.7276408000449885	6.0	4.7276408000449885	1	1.77223e-05	0.0	1.77223e-05	0.22065385721066944	99	0.9980182681474328	1	1	1	303.87802095967595	130	0.9974046354418156	1	1	1	isolation_forest	99
m.6840G>A	6840	G	A	unlabeled	0	0	0	unlabeled_or_other	not_neutral_reference	0.92821	4.727596728662279	6.0	4.727596728662279	1	1.77242e-05	0.0	1.77242e-05	0.22065385721066944	99	0.9980182681474328	1	1	1	304.4377729575334	122	0.9975655882826332	1	1	1	isolation_forest	100
m.302A>C	302	A	C	unlabeled	0	0	0	unlabeled_or_other	not_neutral_reference	0.04092	0.7148299031999236	6.0	0.7148299031999236	1	0.192827	0.0	0.192827	0.22755820388436432	12	0.9997786898438757	1	1	1	1588.0568272957123	1	1.0	1	1	1	elliptic_envelope	1
m.3019G>A	3019	G	A	unlabeled	0	0	0	unlabeled_or_other	not_neutral_reference	0.88792	3.082178290060857	6.0	3.082178290060857	1	0.00082660234	0.0	0.00082660234	0.23357076073975758	4	0.9999396426846934	1	1	1	718.7462980134646	2	0.9999798808948978	1	1	1	elliptic_envelope	2
m.323G>C	323	G	C	unlabeled	0	0	0	unlabeled_or_other	not_neutral_reference	0.06476	2.257511360476374	6.0	2.257511360476374	1	0.0055259895	0.0	0.0055259895	0.21181493477889557	212	0.9957548688234348	1	1	1	693.460864327536	3	0.9999597617897956	1	1	1	elliptic_envelope	3
m.326A>C	326	A	C	unlabeled	0	0	0	unlabeled_or_other	not_neutral_reference	0.06609	2.313948402111576	6.0	2.313948402111576	1	0.0048524616	0.0	0.0048524616	0.2109147360471656	238	0.9952317720907774	1	1	1	666.6400826476421	4	0.9999396426846934	1	1	1	elliptic_envelope	4
m.322G>C	322	G	C	unlabeled	0	0	0	unlabeled_or_other	not_neutral_reference	0.06361	2.331179074800303	6.0	2.331179074800303	1	0.00466367	0.0	0.00466367	0.2104024665055093	246	0.9950708192499598	1	1	1	658.3287381358356	5	0.9999195235795911	1	1	1	elliptic_envelope	5
m.3009C>T	3009	C	T	unlabeled	0	0	0	unlabeled_or_other	not_neutral_reference	0.87015	3.464875072509937	6.0	3.464875072509937	1	0.0003418664	0.0	0.0003418664	0.22714717740529933	20	0.9996177370030581	1	1	1	567.9547965698539	6	0.999899404474489	1	1	1	elliptic_envelope	6
m.3030A>G	3030	A	G	unlabeled	0	0	0	unlabeled_or_other	not_neutral_reference	0.94251	3.7335580060779945	6.0	3.7335580060779945	1	0.00018368941	0.0	0.00018368941	0.22933537195480813	5	0.9999195235795911	1	1	1	546.5463966687629	7	0.9998792853693867	1	1	1	elliptic_envelope	7
m.9984G>A	9984	G	A	unlabeled	0	0	0	unlabeled_or_other	not_neutral_reference	1.0	3.9691089572854694	6.0	3.9691089572854694	1	0.000106372	0.0	0.000106372	0.22863959874988027	6	0.999899404474489	1	1	1	533.6905065732791	8	0.9998591662642846	1	1	1	elliptic_envelope	8
m.9979G>A	9979	G	A	unlabeled	0	0	0	unlabeled_or_other	not_neutral_reference	1.0	4.266265216831566	6.0	4.266265216831566	1	5.3167e-05	0.0	5.3167e-05	0.2268066302841183	27	0.9994769032673426	1	1	1	460.58792792314273	9	0.9998390471591824	1	1	1	elliptic_envelope	9
m.6168G>A	6168	G	A	unlabeled	0	0	0	unlabeled_or_other	not_neutral_reference	0.95594	4.266235552373419	6.0	4.266235552373419	1	5.31707e-05	0.0	5.31707e-05	0.22279847195514968	87	0.9982697569612103	1	1	1	419.68437597958984	10	0.9998189280540801	1	1	1	elliptic_envelope	10
m.6810G>A	6810	G	A	unlabeled	0	0	0	unlabeled_or_other	not_neutral_reference	0.99173	4.438335830069127	6.0	4.438335830069127	1	3.54472e-05	0.0	3.54472e-05	0.22693570733284274	23	0.9995573796877515	1	1	1	415.7043974469001	11	0.999798808948978	1	1	1	elliptic_envelope	11
m.2492G>A	2492	G	A	unlabeled	0	0	0	unlabeled_or_other	not_neutral_reference	0.91557	4.1429939502765185	6.0	4.1429939502765185	1	7.09459e-05	0.0	7.09459e-05	0.2185833976616547	116	0.9976863029132464	1	1	1	412.6691753636592	12	0.9997786898438757	1	1	1	elliptic_envelope	12
m.8190C>T	8190	C	T	unlabeled	0	0	0	unlabeled_or_other	not_neutral_reference	0.98769	4.438426398953326	6.0	4.438426398953326	1	3.54396e-05	0.0	3.54396e-05	0.22697650958536164	22	0.9995774987928537	1	1	1	411.8950010947066	13	0.9997585707387735	1	1	1	elliptic_envelope	13
m.3047G>A	3047	G	A	unlabeled	0	0	0	unlabeled_or_other	not_neutral_reference	0.98648	4.438276255575704	6.0	4.438276255575704	1	3.54522e-05	0.0	3.54522e-05	0.2274743510527263	18	0.9996579752132625	1	1	1	410.793295965831	14	0.9997384516336714	1	1	1	elliptic_envelope	14
m.3006T>C	3006	T	C	unlabeled	0	0	0	unlabeled_or_other	not_neutral_reference	0.8732	4.032242864020843	6.0	4.032242864020843	1	9.1844704e-05	0.0	9.1844704e-05	0.21608136280452828	148	0.9970424915499758	1	1	1	404.2375938674385	15	0.9997183325285691	1	1	1	elliptic_envelope	15
m.11529T>C	11529	T	C	unlabeled	0	0	0	unlabeled_or_other	not_neutral_reference	0.97317	4.43837396203411	6.0	4.43837396203411	1	3.5444e-05	0.0	3.5444e-05	0.22643309008339652	37	0.9992757122163206	1	1	1	398.4098257624412	16	0.9996982134234669	1	1	1	elliptic_envelope	16
m.4417A>C	4417	A	C	unlabeled	0	0	0	unlabeled_or_other	not_neutral_reference	0.9356	4.283789280158283	6.0	4.283789280158283	1	5.1024836e-05	0.0	5.1024836e-05	0.22106657606855185	98	0.9980484468050861	1	1	1	397.4751257282056	17	0.9996780943183647	1	1	1	elliptic_envelope	17
m.1575T>C	1575	T	C	unlabeled	0	0	0	unlabeled_or_other	not_neutral_reference	0.95986	4.438365620380676	6.0	4.438365620380676	1	3.54447e-05	0.0	3.54447e-05	0.2247842686365199	57	0.9988733301142765	1	1	1	386.2174180304247	18	0.9996579752132625	1	1	1	elliptic_envelope	18
m.3460G>A	3460	G	A	pathogenic_confirmed	0	1	1	article_pathogenic_posthoc	not_neutral_reference	0.8751	4.1400529145443095	6.0	4.1400529145443095	1	7.143477e-05	0.0	7.143477e-05	0.2150998800323234	156	0.9968815387091582	1	1	1	378.9612852388186	19	0.9996378561081604	1	1	1	elliptic_envelope	19
m.6564G>A	6564	G	A	unlabeled	0	0	0	unlabeled_or_other	not_neutral_reference	0.95069	4.43837396203411	6.0	4.43837396203411	1	3.5444e-05	0.0	3.5444e-05	0.22394275547674314	67	0.9986721390632545	1	1	1	377.9130829892705	20	0.9996177370030581	1	1	1	elliptic_envelope	20
m.6720A>G	6720	A	G	unlabeled	0	0	0	unlabeled_or_other	not_neutral_reference	0.87114	4.143214334912047	6.0	4.143214334912047	1	7.09094e-05	0.0	7.09094e-05	0.21442284322479666	165	0.9967004667632384	1	1	1	374.9128105815927	21	0.9995976178979559	1	1	1	elliptic_envelope	21
m.3009C>A	3009	C	A	unlabeled	0	0	0	unlabeled_or_other	not_neutral_reference	0.87015	4.1400529145443095	6.0	4.1400529145443095	1	7.143477e-05	0.0	7.143477e-05	0.21451952350968495	164	0.9967205858683406	1	1	1	374.8587474575929	22	0.9995774987928537	1	1	1	elliptic_envelope	22
m.9982G>A	9982	G	A	unlabeled	0	0	0	unlabeled_or_other	not_neutral_reference	1.0	4.727654718252935	6.0	4.727654718252935	1	1.77217e-05	0.0	1.77217e-05	0.22769498599905091	7	0.9998692258168357	1	1	1	369.86538496814467	23	0.9995573796877515	1	1	1	elliptic_envelope	23
m.7206G>A	7206	G	A	unlabeled	0	0	0	unlabeled_or_other	not_neutral_reference	1.0	4.72766167752418	6.0	4.72766167752418	1	1.77214e-05	0.0	1.77214e-05	0.22769498599905091	7	0.9998692258168357	1	1	1	369.86422559566745	24	0.9995372605826492	1	1	1	elliptic_envelope	24
m.9450G>A	9450	G	A	unlabeled	0	0	0	unlabeled_or_other	not_neutral_reference	1.0	4.727675596401231	6.0	4.727675596401231	1	1.77208e-05	0.0	1.77208e-05	0.22757610415506835	9	0.9998189280540801	1	1	1	369.86190681389417	25	0.9995070819249959	1	1	1	elliptic_envelope	25
m.7392G>A	7392	G	A	unlabeled	0	0	0	unlabeled_or_other	not_neutral_reference	1.0	4.727675596401231	6.0	4.727675596401231	1	1.77208e-05	0.0	1.77208e-05	0.22757610415506835	9	0.9998189280540801	1	1	1	369.86190681389417	25	0.9995070819249959	1	1	1	elliptic_envelope	26
m.6211G>A	6211	G	A	unlabeled	0	0	0	unlabeled_or_other	not_neutral_reference	1.0	4.727684875900433	6.0	4.727684875900433	1	1.77204e-05	0.0	1.77204e-05	0.22757610415506835	9	0.9998189280540801	1	1	1	369.86036093210464	27	0.9994769032673426	1	1	1	elliptic_envelope	27
m.6610G>A	6610	G	A	unlabeled	0	0	0	unlabeled_or_other	not_neutral_reference	1.0	4.727691835654954	6.0	4.727691835654954	1	1.77201e-05	0.0	1.77201e-05	0.2274776572089552	13	0.9997183325285691	1	1	1	369.859201506443	28	0.9994165459520361	1	1	1	elliptic_envelope	28
m.6576G>A	6576	G	A	unlabeled	0	0	0	unlabeled_or_other	not_neutral_reference	1.0	4.727691835654954	6.0	4.727691835654954	1	1.77201e-05	0.0	1.77201e-05	0.2274776572089552	13	0.9997183325285691	1	1	1	369.859201506443	28	0.9994165459520361	1	1	1	elliptic_envelope	29
m.8564C>T	8564	C	T	unlabeled	0	0	0	unlabeled_or_other	not_neutral_reference	1.0	4.727691835654954	6.0	4.727691835654954	1	1.77201e-05	0.0	1.77201e-05	0.2274776572089552	13	0.9997183325285691	1	1	1	369.859201506443	28	0.9994165459520361	1	1	1	elliptic_envelope	30
m.9307G>A	9307	G	A	unlabeled	0	0	0	unlabeled_or_other	not_neutral_reference	1.0	4.727691835654954	6.0	4.727691835654954	1	1.77201e-05	0.0	1.77201e-05	0.2274776572089552	13	0.9997183325285691	1	1	1	369.859201506443	28	0.9994165459520361	1	1	1	elliptic_envelope	31
m.7053G>A	7053	G	A	unlabeled	0	0	0	unlabeled_or_other	not_neutral_reference	1.0	4.727691835654954	6.0	4.727691835654954	1	1.77201e-05	0.0	1.77201e-05	0.2274776572089552	13	0.9997183325285691	1	1	1	369.859201506443	28	0.9994165459520361	1	1	1	elliptic_envelope	32
m.14609T>C	14609	T	C	unlabeled	0	0	0	unlabeled_or_other	not_neutral_reference	1.0	4.72769879552101	6.0	4.72769879552101	1	1.77198e-05	0.0	1.77198e-05	0.22735881086947363	19	0.9996378561081604	1	1	1	369.85804206850685	33	0.9993561886367295	1	1	1	elliptic_envelope	33
m.11642G>A	11642	G	A	unlabeled	0	0	0	unlabeled_or_other	not_neutral_reference	0.93578	4.438306041800897	6.0	4.438306041800897	1	3.54497e-05	0.0	3.54497e-05	0.22290423450686137	86	0.9982898760663126	1	1	1	364.5988899878282	34	0.9993360695316272	1	1	1	elliptic_envelope	34
m.12725T>C	12725	T	C	unlabeled	0	0	0	unlabeled_or_other	not_neutral_reference	0.9347	4.438381112150293	6.0	4.438381112150293	1	3.54434e-05	0.0	3.54434e-05	0.2226108297976691	88	0.9982496378561082	1	1	1	363.6264418435471	35	0.999315950426525	1	1	1	elliptic_envelope	35
m.7201T>C	7201	T	C	unlabeled	0	0	0	unlabeled_or_other	not_neutral_reference	0.99324	4.727684875900433	6.0	4.727684875900433	1	1.77204e-05	0.0	1.77204e-05	0.22667380214428867	31	0.9993964268469339	1	1	1	363.48836503102257	36	0.9992958313214229	1	1	1	elliptic_envelope	36
m.6637T>C	6637	T	C	unlabeled	0	0	0	unlabeled_or_other	not_neutral_reference	0.99143	4.727668636906944	6.0	4.727668636906944	1	1.77211e-05	0.0	1.77211e-05	0.22679834383414932	28	0.9994567841622405	1	1	1	361.7923747668659	37	0.9992757122163206	1	1	1	elliptic_envelope	37
m.7219G>A	7219	G	A	unlabeled	0	0	0	unlabeled_or_other	not_neutral_reference	0.98926	4.727668636906944	6.0	4.727668636906944	1	1.77211e-05	0.0	1.77211e-05	0.22662206518852945	32	0.9993662481892805	1	1	1	359.7599477828859	38	0.9992555931112184	1	1	1	elliptic_envelope	38
m.3054G>A	3054	G	A	unlabeled	0	0	0	unlabeled_or_other	not_neutral_reference	0.98914	4.7276408000449885	6.0	4.7276408000449885	1	1.77223e-05	0.0	1.77223e-05	0.2267407911479099	29	0.9994266055045872	1	1	1	359.65232191480266	39	0.9992354740061162	1	1	1	elliptic_envelope	39
m.3053A>G	3053	A	G	unlabeled	0	0	0	unlabeled_or_other	not_neutral_reference	0.98902	4.72766167752418	6.0	4.72766167752418	1	1.77214e-05	0.0	1.77214e-05	0.2267407911479099	29	0.9994266055045872	1	1	1	359.5365985580727	40	0.999215354901014	1	1	1	elliptic_envelope	40
m.6817T>C	6817	T	C	unlabeled	0	0	0	unlabeled_or_other	not_neutral_reference	0.98871	4.727675596401231	6.0	4.727675596401231	1	1.77208e-05	0.0	1.77208e-05	0.22662206518852945	32	0.9993662481892805	1	1	1	359.2443730722764	41	0.9991952357959119	1	1	1	elliptic_envelope	41
m.5359T>C	5359	T	C	unlabeled	0	0	0	unlabeled_or_other	not_neutral_reference	0.98714	4.727654718252935	6.0	4.727654718252935	1	1.77217e-05	0.0	1.77217e-05	0.22705627641370119	21	0.9995976178979559	1	1	1	357.781016894411	42	0.9991751166908096	1	1	1	elliptic_envelope	42
m.5358A>G	5358	A	G	unlabeled	0	0	0	unlabeled_or_other	not_neutral_reference	0.98576	4.727675596401231	6.0	4.727675596401231	1	1.77208e-05	0.0	1.77208e-05	0.22692290686870753	24	0.9995372605826492	1	1	1	356.49017003262236	43	0.9991549975857074	1	1	1	elliptic_envelope	43
m.7221T>C	7221	T	C	unlabeled	0	0	0	unlabeled_or_other	not_neutral_reference	0.98552	4.727691835654954	6.0	4.727691835654954	1	1.77201e-05	0.0	1.77201e-05	0.2268245483054835	26	0.9994970223724449	1	1	1	356.2637619491368	44	0.9991348784806052	1	1	1	elliptic_envelope	44
m.10288G>C	10288	G	C	unlabeled	0	0	0	unlabeled_or_other	not_neutral_reference	0.98527	4.72769879552101	6.0	4.72769879552101	1	1.77198e-05	0.0	1.77198e-05	0.22660747947481386	34	0.9993360695316272	1	1	1	356.02963623662015	45	0.999114759375503	1	1	1	elliptic_envelope	45
m.6193T>C	6193	T	C	unlabeled	0	0	0	unlabeled_or_other	not_neutral_reference	0.98473	4.727691835654954	6.0	4.727691835654954	1	1.77201e-05	0.0	1.77201e-05	0.2268653443187454	25	0.9995171414775471	1	1	1	355.5277898710448	46	0.9990946402704007	1	1	1	elliptic_envelope	46
m.10290G>A	10290	G	A	unlabeled	0	0	0	unlabeled_or_other	not_neutral_reference	0.9834	4.727494685785422	6.0	4.727494685785422	1	1.77286e-05	0.0	1.77286e-05	0.2265907225023226	35	0.999315950426525	1	1	1	354.32291554475046	47	0.9990745211652986	1	1	1	elliptic_envelope	47
m.8193A>G	8193	A	G	unlabeled	0	0	0	unlabeled_or_other	not_neutral_reference	0.98325	4.72769879552101	6.0	4.72769879552101	1	1.77198e-05	0.0	1.77198e-05	0.22615678931440997	43	0.9991549975857074	1	1	1	354.1494546373473	48	0.9990544020601964	1	1	1	elliptic_envelope	48
m.3062T>C	3062	T	C	unlabeled	0	0	0	unlabeled_or_other	not_neutral_reference	0.98171	4.72766167752418	6.0	4.72766167752418	1	1.77214e-05	0.0	1.77214e-05	0.2264924088863367	36	0.9992958313214229	1	1	1	352.7248482893184	49	0.9990342829550941	1	1	1	elliptic_envelope	49
m.2916G>A	2916	G	A	unlabeled	0	0	0	unlabeled_or_other	not_neutral_reference	0.81284	4.047384312525556	6.0	4.047384312525556	1	8.86635e-05	0.0	8.86635e-05	0.21156156917224145	216	0.9956743924030259	1	1	1	352.01213421041416	50	0.999014163849992	1	1	1	elliptic_envelope	50
m.7188C>T	7188	C	T	unlabeled	0	0	0	unlabeled_or_other	not_neutral_reference	0.96898	4.669384671494912	6.0	4.669384671494912	1	2.0409934e-05	0.0	2.0409934e-05	0.2259114274092896	46	0.9990946402704007	1	1	1	350.899484424314	51	0.9989940447448897	1	1	1	elliptic_envelope	51
m.6204A>G	6204	A	G	unlabeled	0	0	0	unlabeled_or_other	not_neutral_reference	0.97866	4.727654718252935	6.0	4.727654718252935	1	1.77217e-05	0.0	1.77217e-05	0.22641449421345916	38	0.9992555931112184	1	1	1	349.8990030861297	52	0.9989739256397876	1	1	1	elliptic_envelope	52
m.6645C>A	6645	C	A	unlabeled	0	0	0	unlabeled_or_other	not_neutral_reference	0.97815	4.72769879552101	6.0	4.72769879552101	1	1.77198e-05	0.0	1.77198e-05	0.22588243520185247	48	0.999024223402543	1	1	1	349.4198240632529	53	0.9989538065346854	1	1	1	elliptic_envelope	53
m.5353G>A	5353	G	A	unlabeled	0	0	0	unlabeled_or_other	not_neutral_reference	0.97809	4.727684875900433	6.0	4.727684875900433	1	1.77204e-05	0.0	1.77204e-05	0.2260992874306884	44	0.999124818928054	1	1	1	349.3666457743168	54	0.9989336874295831	1	1	1	elliptic_envelope	54
m.6183T>C	6183	T	C	unlabeled	0	0	0	unlabeled_or_other	not_neutral_reference	0.97803	4.72766167752418	6.0	4.72766167752418	1	1.77214e-05	0.0	1.77214e-05	0.22621792797112295	41	0.9991851762433607	1	1	1	349.3150150600925	55	0.998913568324481	1	1	1	elliptic_envelope	55
m.7224T>C	7224	T	C	unlabeled	0	0	0	unlabeled_or_other	not_neutral_reference	0.97773	4.727675596401231	6.0	4.727675596401231	1	1.77208e-05	0.0	1.77208e-05	0.2260992874306884	44	0.999124818928054	1	1	1	349.03529416967535	56	0.9988934492193787	1	1	1	elliptic_envelope	56
m.6535C>T	6535	C	T	unlabeled	0	0	0	unlabeled_or_other	not_neutral_reference	0.97737	4.72769879552101	6.0	4.72769879552101	1	1.77198e-05	0.0	1.77198e-05	0.22588243520185247	48	0.999024223402543	1	1	1	348.69866178484926	57	0.9988733301142765	1	1	1	elliptic_envelope	57
m.6181C>T	6181	C	T	unlabeled	0	0	0	unlabeled_or_other	not_neutral_reference	0.97722	4.72769879552101	6.0	4.72769879552101	1	1.77198e-05	0.0	1.77198e-05	0.22588243520185247	48	0.999024223402543	1	1	1	348.56004343319603	58	0.9988532110091743	1	1	1	elliptic_envelope	58
m.2510T>C	2510	T	C	unlabeled	0	0	0	unlabeled_or_other	not_neutral_reference	0.9175	4.438328680698412	6.0	4.438328680698412	1	3.54478e-05	0.0	3.54478e-05	0.219405667773384	114	0.9977265411234508	1	1	1	348.5439005220346	59	0.9988330919040721	1	1	1	elliptic_envelope	59
m.2022G>A	2022	G	A	unlabeled	0	0	0	unlabeled_or_other	not_neutral_reference	0.91484	4.438365620380676	6.0	4.438365620380676	1	3.54447e-05	0.0	3.54447e-05	0.21930832635355968	115	0.9977064220183486	1	1	1	346.2274557520109	60	0.9988129727989699	1	1	1	elliptic_envelope	60
m.3065T>C	3065	T	C	unlabeled	0	0	0	unlabeled_or_other	not_neutral_reference	0.97459	4.727654718252935	6.0	4.727654718252935	1	1.77217e-05	0.0	1.77217e-05	0.2263162044425896	39	0.9992354740061162	1	1	1	346.1404314216643	61	0.9987928536938677	1	1	1	elliptic_envelope	61
m.6178T>C	6178	T	C	unlabeled	0	0	0	unlabeled_or_other	not_neutral_reference	0.97335	4.727691835654954	6.0	4.727691835654954	1	1.77201e-05	0.0	1.77201e-05	0.22590280648264816	47	0.9990745211652986	1	1	1	344.9922866596447	62	0.9987727345887655	1	1	1	elliptic_envelope	62
m.11423G>A	11423	G	A	unlabeled	0	0	0	unlabeled_or_other	not_neutral_reference	0.97317	4.72769879552101	6.0	4.72769879552101	1	1.77198e-05	0.0	1.77198e-05	0.22588243520185247	48	0.999024223402543	1	1	1	344.8254812652692	63	0.9987526154836633	1	1	1	elliptic_envelope	63
m.2573G>A	2573	G	A	unlabeled	0	0	0	unlabeled_or_other	not_neutral_reference	0.91309	4.438119018167349	6.0	4.438119018167349	1	3.54654e-05	0.0	3.54654e-05	0.219503022366074	112	0.9977667793336552	1	1	1	344.76231716054474	64	0.9987324963785611	1	1	1	elliptic_envelope	64
m.3037T>C	3037	T	C	unlabeled	0	0	0	unlabeled_or_other	not_neutral_reference	0.97266	4.727654718252935	6.0	4.727654718252935	1	1.77217e-05	0.0	1.77217e-05	0.22621792797112295	41	0.9991851762433607	1	1	1	344.363648171225	65	0.9987123772734589	1	1	1	elliptic_envelope	65
m.2542G>A	2542	G	A	unlabeled	0	0	0	unlabeled_or_other	not_neutral_reference	0.82829	4.143206483675307	6.0	4.143206483675307	1	7.09107e-05	0.0	7.09107e-05	0.2112596823803785	229	0.9954128440366973	1	1	1	340.34070967122807	66	0.9986922581683567	1	1	1	elliptic_envelope	66
m.6844T>C	6844	T	C	unlabeled	0	0	0	unlabeled_or_other	not_neutral_reference	0.90739	4.438321531445387	6.0	4.438321531445387	1	3.54484e-05	0.0	3.54484e-05	0.21830384957471283	119	0.9976259455979398	1	1	1	339.8057184217706	67	0.9986721390632545	1	1	1	elliptic_envelope	67
m.11762G>A	11762	G	A	unlabeled	0	0	0	unlabeled_or_other	not_neutral_reference	0.96684	4.727684875900433	6.0	4.727684875900433	1	1.77204e-05	0.0	1.77204e-05	0.22523589432784485	53	0.9989437469821343	1	1	1	339.02223105013945	68	0.9986520199581522	1	1	1	elliptic_envelope	68
m.11535A>G	11535	A	G	unlabeled	0	0	0	unlabeled_or_other	not_neutral_reference	0.97625	4.7876139443864885	6.0	4.7876139443864885	1	1.530745e-05	0.0	1.530745e-05	0.22471715312901508	58	0.9988532110091743	1	1	1	337.9282107971186	69	0.9986319008530501	1	1	1	elliptic_envelope	69
m.5350T>C	5350	T	C	unlabeled	0	0	0	unlabeled_or_other	not_neutral_reference	0.96548	4.72769879552101	6.0	4.72769879552101	1	1.77198e-05	0.0	1.77198e-05	0.22501929995454195	56	0.9988934492193787	1	1	1	337.7775913602769	70	0.9986117817479478	1	1	1	elliptic_envelope	70
m.3683A>G	3683	A	G	unlabeled	0	0	0	unlabeled_or_other	not_neutral_reference	0.90407	4.438426398953326	6.0	4.438426398953326	1	3.54396e-05	0.0	3.54396e-05	0.2181094780558469	122	0.9975655882826332	1	1	1	336.93570994438926	71	0.9985916626428456	1	1	1	elliptic_envelope	71
m.11759T>C	11759	T	C	unlabeled	0	0	0	unlabeled_or_other	not_neutral_reference	0.96385	4.727675596401231	6.0	4.727675596401231	1	1.77208e-05	0.0	1.77208e-05	0.22523589432784485	53	0.9989437469821343	1	1	1	336.29481711921756	72	0.9985715435377435	1	1	1	elliptic_envelope	72
m.9387G>A	9387	G	A	unlabeled	0	0	0	unlabeled_or_other	not_neutral_reference	0.85886	4.266258000966064	6.0	4.266258000966064	1	5.31679e-05	0.0	5.31679e-05	0.2133371913570552	185	0.9962980846611943	1	1	1	336.09083244581427	73	0.9985514244326412	1	1	1	elliptic_envelope	73
m.2623A>G	2623	A	G	neutral	1	0	0	neutral_reference	neutral_train	0.58561	3.5706175928333055	6.0	3.5706175928333055	1	0.000267771	0.0	0.000267771	0.2046386594178865	391	0.9921535490101401	1	1	1	336.0390346755628	74	0.998531305327539	1	1	1	elliptic_envelope	74
m.8517G>A	8517	G	A	unlabeled	0	0	0	unlabeled_or_other	not_neutral_reference	1.0	4.95058941817747	6.0	4.95058941817747	1	1.0204967e-05	0.0	1.0204967e-05	0.22423728009388244	62	0.9987526154836633	1	1	1	335.96097093549565	75	0.9985011266698858	1	1	1	elliptic_envelope	75
m.15170G>A	15170	G	A	unlabeled	0	0	0	unlabeled_or_other	not_neutral_reference	1.0	4.95058941817747	6.0	4.95058941817747	1	1.0204967e-05	0.0	1.0204967e-05	0.22423728009388244	62	0.9987526154836633	1	1	1	335.96097093549565	75	0.9985011266698858	1	1	1	elliptic_envelope	76
m.6787T>C	6787	T	C	unlabeled	0	0	0	unlabeled_or_other	not_neutral_reference	0.99994	4.95058941817747	6.0	4.95058941817747	1	1.0204967e-05	0.0	1.0204967e-05	0.22423728009388244	62	0.9987526154836633	1	1	1	335.9043310813297	77	0.9984709480122325	1	1	1	elliptic_envelope	77
m.3069A>G	3069	A	G	unlabeled	0	0	0	unlabeled_or_other	not_neutral_reference	0.96303	4.727691835654954	6.0	4.727691835654954	1	1.77201e-05	0.0	1.77201e-05	0.22513776403109598	55	0.998913568324481	1	1	1	335.54520082080114	78	0.9984508289071302	1	1	1	elliptic_envelope	78
m.1573A>G	1573	A	G	unlabeled	0	0	0	unlabeled_or_other	not_neutral_reference	0.96119	4.727566577134939	6.0	4.727566577134939	1	1.77255e-05	0.0	1.77255e-05	0.22545255340718062	52	0.9989739256397876	1	1	1	333.8923633246511	79	0.998430709802028	1	1	1	elliptic_envelope	79
m.1576G>A	1576	G	A	unlabeled	0	0	0	unlabeled_or_other	not_neutral_reference	0.95962	4.727684875900433	6.0	4.727684875900433	1	1.77204e-05	0.0	1.77204e-05	0.22445122363235548	60	0.9988129727989699	1	1	1	332.4471784467394	80	0.9984105906969258	1	1	1	elliptic_envelope	80
m.5239T>C	5239	T	C	unlabeled	0	0	0	unlabeled_or_other	not_neutral_reference	0.97012	4.7876139443864885	6.0	4.7876139443864885	1	1.530745e-05	0.0	1.530745e-05	0.2240513302751841	66	0.9986922581683567	1	1	1	332.2904147739571	81	0.9983904715918236	1	1	1	elliptic_envelope	81
m.11757A>G	11757	A	G	unlabeled	0	0	0	unlabeled_or_other	not_neutral_reference	0.9592	4.72769879552101	6.0	4.72769879552101	1	1.77198e-05	0.0	1.77198e-05	0.22423486360384826	65	0.9987123772734589	1	1	1	332.0639161944988	82	0.9983703524867213	1	1	1	elliptic_envelope	82
m.3033T>C	3033	T	C	unlabeled	0	0	0	unlabeled_or_other	not_neutral_reference	0.9583	4.727582812312622	6.0	4.727582812312622	1	1.77248e-05	0.0	1.77248e-05	0.22456959488843298	59	0.9988330919040721	1	1	1	331.2674503131377	83	0.9983502333816192	1	1	1	elliptic_envelope	83
m.1578A>G	1578	A	G	unlabeled	0	0	0	unlabeled_or_other	not_neutral_reference	0.95718	4.727573534993915	6.0	4.727573534993915	1	1.77252e-05	0.0	1.77252e-05	0.22437352787199427	61	0.9987928536938677	1	1	1	330.25491913890426	84	0.998330114276517	1	1	1	elliptic_envelope	84
m.1560T>C	1560	T	C	unlabeled	0	0	0	unlabeled_or_other	not_neutral_reference	0.89571	4.43837396203411	6.0	4.43837396203411	1	3.5444e-05	0.0	3.5444e-05	0.21677046432624825	137	0.9972638017061001	1	1	1	329.8199142660395	85	0.9983099951714147	1	1	1	elliptic_envelope	85
m.11766G>A	11766	G	A	unlabeled	0	0	0	unlabeled_or_other	not_neutral_reference	0.9541	4.727675596401231	6.0	4.727675596401231	1	1.77208e-05	0.0	1.77208e-05	0.22339398833259227	77	0.9984508289071302	1	1	1	327.45543663159344	86	0.9982898760663126	1	1	1	elliptic_envelope	86
m.13093G>A	13093	G	A	unlabeled	0	0	0	unlabeled_or_other	not_neutral_reference	0.94291	4.669384671494912	6.0	4.669384671494912	1	2.0409934e-05	0.0	2.0409934e-05	0.22352077937766424	70	0.9986117817479478	1	1	1	327.32754836019694	87	0.9982697569612103	1	1	1	elliptic_envelope	87
m.6166G>A	6166	G	A	unlabeled	0	0	0	unlabeled_or_other	not_neutral_reference	0.95356	4.727684875900433	6.0	4.727684875900433	1	1.77204e-05	0.0	1.77204e-05	0.22339398833259227	77	0.9984508289071302	1	1	1	326.9669854452701	88	0.9982496378561082	1	1	1	elliptic_envelope	88
m.6164C>A	6164	C	A	unlabeled	0	0	0	unlabeled_or_other	not_neutral_reference	0.95274	4.727684875900433	6.0	4.727684875900433	1	1.77204e-05	0.0	1.77204e-05	0.22339398833259227	77	0.9984508289071302	1	1	1	326.2281387071978	89	0.998229518751006	1	1	1	elliptic_envelope	89
m.6589T>C	6589	T	C	unlabeled	0	0	0	unlabeled_or_other	not_neutral_reference	0.98787	4.95058941817747	6.0	4.95058941817747	1	1.0204967e-05	0.0	1.0204967e-05	0.22367921835711702	69	0.9986319008530501	1	1	1	324.5802858882138	90	0.9982093996459037	1	1	1	elliptic_envelope	90
m.6588A>G	6588	A	G	unlabeled	0	0	0	unlabeled_or_other	not_neutral_reference	0.98678	4.95058941817747	6.0	4.95058941817747	1	1.0204967e-05	0.0	1.0204967e-05	0.22388088140979312	68	0.9986520199581522	1	1	1	323.5645092604884	91	0.9981892805408016	1	1	1	elliptic_envelope	91
m.6210T>C	6210	T	C	unlabeled	0	0	0	unlabeled_or_other	not_neutral_reference	0.9497	4.72769879552101	6.0	4.72769879552101	1	1.77198e-05	0.0	1.77198e-05	0.22349188265042075	71	0.9985916626428456	1	1	1	323.49229719925574	92	0.9981691614356993	1	1	1	elliptic_envelope	92
m.3901G>A	3901	G	A	unlabeled	0	0	0	unlabeled_or_other	not_neutral_reference	0.94951	4.727691835654954	6.0	4.727691835654954	1	1.77201e-05	0.0	1.77201e-05	0.2232185353839241	82	0.9983703524867213	1	1	1	323.32290172692444	93	0.9981490423305971	1	1	1	elliptic_envelope	93
m.11379T>C	11379	T	C	unlabeled	0	0	0	unlabeled_or_other	not_neutral_reference	0.94903	4.727633841108281	6.0	4.727633841108281	1	1.77226e-05	0.0	1.77226e-05	0.22343459179158454	72	0.9985413648800902	1	1	1	322.9018246308344	94	0.998128923225495	1	1	1	elliptic_envelope	94
m.6834A>G	6834	A	G	unlabeled	0	0	0	unlabeled_or_other	not_neutral_reference	0.94816	4.727684875900433	6.0	4.727684875900433	1	1.77204e-05	0.0	1.77204e-05	0.22331640595833335	81	0.9983904715918236	1	1	1	322.11323496412206	95	0.9981088041203927	1	1	1	elliptic_envelope	95
m.7026G>A	7026	G	A	unlabeled	0	0	0	unlabeled_or_other	not_neutral_reference	0.94737	4.727647759093206	6.0	4.727647759093206	1	1.7722e-05	0.0	1.7722e-05	0.22343459179158454	72	0.9985413648800902	1	1	1	321.4116549885191	96	0.9980886850152905	1	1	1	elliptic_envelope	96
m.3031G>A	3031	G	A	unlabeled	0	0	0	unlabeled_or_other	not_neutral_reference	0.94677	4.727668636906944	6.0	4.727668636906944	1	1.77211e-05	0.0	1.77211e-05	0.22343459179158454	72	0.9985413648800902	1	1	1	320.8710547252048	97	0.9980685659101883	1	1	1	elliptic_envelope	97
m.1147G>A	1147	G	A	unlabeled	0	0	0	unlabeled_or_other	not_neutral_reference	0.93503	4.669384671494912	6.0	4.669384671494912	1	2.0409934e-05	0.0	2.0409934e-05	0.22246258844145061	89	0.998229518751006	1	1	1	320.33053848528516	98	0.9980484468050861	1	1	1	elliptic_envelope	98
m.6825G>A	6825	G	A	unlabeled	0	0	0	unlabeled_or_other	not_neutral_reference	0.98274	4.95058941817747	6.0	4.95058941817747	1	1.0204967e-05	0.0	1.0204967e-05	0.22343188246638612	76	0.9984910671173346	1	1	1	319.8095221503132	99	0.998028327699984	1	1	1	elliptic_envelope	99
m.6570G>A	6570	G	A	unlabeled	0	0	0	unlabeled_or_other	not_neutral_reference	0.94538	4.7276408000449885	6.0	4.7276408000449885	1	1.77223e-05	0.0	1.77223e-05	0.22343459179158454	72	0.9985413648800902	1	1	1	319.63264883165334	100	0.9980082085948817	1	1	1	elliptic_envelope	100
