variant_id	position	reference	alternate	validation_label	is_neutral_dataset8	is_pathogenic_dataset9	is_disease_suspected_dataset3	analysis_group	neutral_split	position_mod3	codon_position_simple	mlc_score	rarity_soft	hom_rarity_soft	het_rarity_soft	no_homoplasmic_signal	codon_pos1_any	codon_pos2_any	codon_pos3_any	pop_af_max	pop_af_hom_max	pop_af_het_max	isolation_forest_outlier_score	isolation_forest_rank	isolation_forest_percentile	isolation_forest_above_T95	elliptic_envelope_outlier_score	elliptic_envelope_rank	elliptic_envelope_percentile	elliptic_envelope_above_T95	model_name	top_rank
m.9984G>A	9984	G	A	unlabeled	0	0	0	unlabeled_or_other	not_neutral_reference	0	pos3	1.0	3.9691089572854694	6.0	3.9691089572854694	1	0	0	1	0.000106372	0.0	0.000106372	0.20798582951427447	1.0	1.0	1	609.9903003084655	8.0	0.9998591662642846	1	isolation_forest	1
m.7521G>A	7521	G	A	neutral	1	0	0	neutral_reference	neutral_train	0	pos3	0.64916	0.8206924245166972	0.8206924245166972	2.216599908339814	0	0	0	1	0.151114	0.151114	0.0060719554	0.20694013346576112	2.0	0.9999798808948978	1	5.489358602948641	15259.0	0.6930226943505553	1	isolation_forest	2
m.3010G>A	3010	G	A	neutral	1	0	0	neutral_reference	neutral_validation	1	pos1	0.86677	0.679284205827047	0.679284205827047	3.3617993002768407	0	1	0	0	0.20927325	0.20927325	0.00043371107	0.20678845487766084	3.0	0.9999597617897956	1	126.12758780742018	6999.0	0.859206502494769	1	isolation_forest	3
m.13105A>G	13105	A	G	neutral	1	0	0	neutral_reference	neutral_train	1	pos1	0.85213	0.8944966277459189	0.8944966277459189	3.266110294494502	0	1	0	0	0.127497	0.127497	0.00054086326	0.20609529300331364	4.0	0.9999396426846934	1	113.56679057867075	7727.0	0.8445597939803637	1	isolation_forest	4
m.3030A>G	3030	A	G	unlabeled	0	0	0	unlabeled_or_other	not_neutral_reference	0	pos3	0.94251	3.7335580060779945	6.0	3.7335580060779945	1	0	0	1	0.00018368941	0.0	0.00018368941	0.2047658469267759	5.0	0.9999195235795911	1	662.0689388308858	7.0	0.9998792853693867	1	isolation_forest	5
m.3019G>A	3019	G	A	unlabeled	0	0	0	unlabeled_or_other	not_neutral_reference	1	pos1	0.88792	3.082178290060857	6.0	3.082178290060857	1	1	0	0	0.00082660234	0.0	0.00082660234	0.2033424260596025	6.0	0.999899404474489	1	947.057683259972	5.0	0.9999195235795911	1	isolation_forest	6
m.6810G>A	6810	G	A	unlabeled	0	0	0	unlabeled_or_other	not_neutral_reference	0	pos3	0.99173	4.438335830069127	6.0	4.438335830069127	1	0	0	1	3.54472e-05	0.0	3.54472e-05	0.20331456930382263	7.0	0.9998792853693867	1	442.64171249927176	19.0	0.9996378561081604	1	isolation_forest	7
m.8190C>T	8190	C	T	unlabeled	0	0	0	unlabeled_or_other	not_neutral_reference	0	pos3	0.98769	4.438426398953326	6.0	4.438426398953326	1	0	0	1	3.54396e-05	0.0	3.54396e-05	0.20321940514008863	8.0	0.9998591662642846	1	439.4397333367059	21.0	0.9995976178979559	1	isolation_forest	8
m.3009C>T	3009	C	T	unlabeled	0	0	0	unlabeled_or_other	not_neutral_reference	0	pos3	0.87015	3.464875072509937	6.0	3.464875072509937	1	0	0	1	0.0003418664	0.0	0.0003418664	0.20307595628854247	9.0	0.9998390471591824	1	732.8765763098321	6.0	0.999899404474489	1	isolation_forest	9
m.9979G>A	9979	G	A	unlabeled	0	0	0	unlabeled_or_other	not_neutral_reference	1	pos1	1.0	4.266265216831566	6.0	4.266265216831566	1	1	0	0	5.3167e-05	0.0	5.3167e-05	0.2024048186133306	10.0	0.9998189280540801	1	504.7123517743445	10.0	0.9998189280540801	1	isolation_forest	10
m.11529T>C	11529	T	C	unlabeled	0	0	0	unlabeled_or_other	not_neutral_reference	0	pos3	0.97317	4.43837396203411	6.0	4.43837396203411	1	0	0	1	3.5444e-05	0.0	3.5444e-05	0.20188845808610034	11.0	0.999798808948978	1	428.137441016916	22.0	0.9995774987928537	1	isolation_forest	11
m.6168G>A	6168	G	A	unlabeled	0	0	0	unlabeled_or_other	not_neutral_reference	0	pos3	0.95594	4.266235552373419	6.0	4.266235552373419	1	0	0	1	5.31707e-05	0.0	5.31707e-05	0.2004637114954998	12.0	0.9997786898438757	1	468.94413715989856	13.0	0.9997585707387735	1	isolation_forest	12
m.1575T>C	1575	T	C	unlabeled	0	0	0	unlabeled_or_other	not_neutral_reference	0	pos3	0.95986	4.438365620380676	6.0	4.438365620380676	1	0	0	1	3.54447e-05	0.0	3.54447e-05	0.20018094118728758	13.0	0.9997585707387735	1	417.9094313449076	24.0	0.9995372605826492	1	isolation_forest	13
m.6564G>A	6564	G	A	unlabeled	0	0	0	unlabeled_or_other	not_neutral_reference	0	pos3	0.95069	4.43837396203411	6.0	4.43837396203411	1	0	0	1	3.5444e-05	0.0	3.5444e-05	0.20008620102884533	14.0	0.9997384516336714	1	410.9588792219546	25.0	0.9995171414775471	1	isolation_forest	14
m.3006T>C	3006	T	C	unlabeled	0	0	0	unlabeled_or_other	not_neutral_reference	0	pos3	0.8732	4.032242864020843	6.0	4.032242864020843	1	0	0	1	9.1844704e-05	0.0	9.1844704e-05	0.19979307132714397	15.0	0.9997183325285691	1	491.2644447848793	11.0	0.999798808948978	1	isolation_forest	15
m.6576G>A	6576	G	A	unlabeled	0	0	0	unlabeled_or_other	not_neutral_reference	0	pos3	1.0	4.727691835654954	6.0	4.727691835654954	1	0	0	1	1.77201e-05	0.0	1.77201e-05	0.19975276960592514	16.0	0.9996881538709158	1	371.1440340885756	50.0	0.9990041042974408	1	isolation_forest	16
m.7053G>A	7053	G	A	unlabeled	0	0	0	unlabeled_or_other	not_neutral_reference	0	pos3	1.0	4.727691835654954	6.0	4.727691835654954	1	0	0	1	1.77201e-05	0.0	1.77201e-05	0.19975276960592514	16.0	0.9996881538709158	1	371.1440340885756	50.0	0.9990041042974408	1	isolation_forest	17
m.6720A>G	6720	A	G	unlabeled	0	0	0	unlabeled_or_other	not_neutral_reference	0	pos3	0.87114	4.143214334912047	6.0	4.143214334912047	1	0	0	1	7.09094e-05	0.0	7.09094e-05	0.19971466983734398	18.0	0.9996579752132625	1	449.429642084693	16.0	0.9996982134234669	1	isolation_forest	18
m.7206G>A	7206	G	A	unlabeled	0	0	0	unlabeled_or_other	not_neutral_reference	0	pos3	1.0	4.72766167752418	6.0	4.72766167752418	1	0	0	1	1.77214e-05	0.0	1.77214e-05	0.1996580873825694	19.0	0.9996378561081604	1	371.15133990098786	47.0	0.9990745211652986	1	isolation_forest	19
m.3009C>A	3009	C	A	unlabeled	0	0	0	unlabeled_or_other	not_neutral_reference	0	pos3	0.87015	4.1400529145443095	6.0	4.1400529145443095	1	0	0	1	7.143477e-05	0.0	7.143477e-05	0.19961999276919595	20.0	0.9996177370030581	1	449.86365178003336	15.0	0.9997183325285691	1	isolation_forest	20
m.9450G>A	9450	G	A	unlabeled	0	0	0	unlabeled_or_other	not_neutral_reference	0	pos3	1.0	4.727675596401231	6.0	4.727675596401231	1	0	0	1	1.77208e-05	0.0	1.77208e-05	0.19956341797048627	21.0	0.9995875583454048	1	371.14796802887656	48.0	0.9990443425076453	1	isolation_forest	21
m.7392G>A	7392	G	A	unlabeled	0	0	0	unlabeled_or_other	not_neutral_reference	0	pos3	1.0	4.727675596401231	6.0	4.727675596401231	1	0	0	1	1.77208e-05	0.0	1.77208e-05	0.19956341797048627	21.0	0.9995875583454048	1	371.14796802887656	48.0	0.9990443425076453	1	isolation_forest	22
m.2022G>A	2022	G	A	unlabeled	0	0	0	unlabeled_or_other	not_neutral_reference	0	pos3	0.91484	4.438365620380676	6.0	4.438365620380676	1	0	0	1	3.54447e-05	0.0	3.54447e-05	0.1988557448771171	23.0	0.9995573796877515	1	384.39140567585764	33.0	0.9993561886367295	1	isolation_forest	23
m.3054G>A	3054	G	A	unlabeled	0	0	0	unlabeled_or_other	not_neutral_reference	0	pos3	0.98914	4.7276408000449885	6.0	4.7276408000449885	1	0	0	1	1.77223e-05	0.0	1.77223e-05	0.19834030936838776	24.0	0.9995372605826492	1	362.5851457452916	59.0	0.9988330919040721	1	isolation_forest	24
m.1560T>C	1560	T	C	unlabeled	0	0	0	unlabeled_or_other	not_neutral_reference	0	pos3	0.89571	4.43837396203411	6.0	4.43837396203411	1	0	0	1	3.5444e-05	0.0	3.5444e-05	0.19800515770857408	25.0	0.9995171414775471	1	370.64009925459504	52.0	0.9989739256397876	1	isolation_forest	25
m.10398A>G	10398	A	G	neutral	1	0	0	neutral_reference	neutral_validation	0	pos3	0.57849	0.37832425519156715	0.37832425519156715	2.831026144061779	0	0	0	1	0.41848	0.41848	0.0014746177	0.19779104564055516	26.0	0.9994970223724449	1	-30.666843906692435	18445.0	0.62892322549493	0	isolation_forest	26
m.7221T>C	7221	T	C	unlabeled	0	0	0	unlabeled_or_other	not_neutral_reference	0	pos3	0.98552	4.727691835654954	6.0	4.727691835654954	1	0	0	1	1.77201e-05	0.0	1.77201e-05	0.1976791400592829	27.0	0.9994668437147916	1	359.73485096091224	66.0	0.9986922581683567	1	isolation_forest	27
m.8193A>G	8193	A	G	unlabeled	0	0	0	unlabeled_or_other	not_neutral_reference	0	pos3	0.98325	4.72769879552101	6.0	4.72769879552101	1	0	0	1	1.77198e-05	0.0	1.77198e-05	0.1976791400592829	27.0	0.9994668437147916	1	357.9589634556713	68.0	0.9986520199581522	1	isolation_forest	28
m.10290G>A	10290	G	A	unlabeled	0	0	0	unlabeled_or_other	not_neutral_reference	0	pos3	0.9834	4.727494685785422	6.0	4.727494685785422	1	0	0	1	1.77286e-05	0.0	1.77286e-05	0.19758473841481794	29.0	0.9994366650571382	1	358.131409899328	67.0	0.9986721390632545	1	isolation_forest	29
m.7188C>T	7188	C	T	unlabeled	0	0	0	unlabeled_or_other	not_neutral_reference	0	pos3	0.96898	4.669384671494912	6.0	4.669384671494912	1	0	0	1	2.0409934e-05	0.0	2.0409934e-05	0.19757073557651395	30.0	0.9994165459520361	1	361.32040825257025	61.0	0.9987928536938677	1	isolation_forest	30
m.6645C>A	6645	C	A	unlabeled	0	0	0	unlabeled_or_other	not_neutral_reference	0	pos3	0.97815	4.72769879552101	6.0	4.72769879552101	1	0	0	1	1.77198e-05	0.0	1.77198e-05	0.19749034954366096	31.0	0.9993863672943828	1	353.98801331931213	79.0	0.998430709802028	1	isolation_forest	31
m.5358A>G	5358	A	G	unlabeled	0	0	0	unlabeled_or_other	not_neutral_reference	0	pos3	0.98576	4.727675596401231	6.0	4.727675596401231	1	0	0	1	1.77208e-05	0.0	1.77208e-05	0.19749034954366096	31.0	0.9993863672943828	1	359.9266072452655	65.0	0.9987123772734589	1	isolation_forest	32
m.6183T>C	6183	T	C	unlabeled	0	0	0	unlabeled_or_other	not_neutral_reference	0	pos3	0.97803	4.72766167752418	6.0	4.72766167752418	1	0	0	1	1.77214e-05	0.0	1.77214e-05	0.19739597344408344	33.0	0.9993461290841783	1	353.9038192070228	80.0	0.9984105906969258	1	isolation_forest	33
m.6204A>G	6204	A	G	unlabeled	0	0	0	unlabeled_or_other	not_neutral_reference	0	pos3	0.97866	4.727654718252935	6.0	4.727654718252935	1	0	0	1	1.77217e-05	0.0	1.77217e-05	0.19739597344408344	33.0	0.9993461290841783	1	354.3948381901007	77.0	0.9984709480122325	1	isolation_forest	34
m.7224T>C	7224	T	C	unlabeled	0	0	0	unlabeled_or_other	not_neutral_reference	0	pos3	0.97773	4.727675596401231	6.0	4.727675596401231	1	0	0	1	1.77208e-05	0.0	1.77208e-05	0.19730161011435754	35.0	0.999315950426525	1	353.67345027823444	82.0	0.9983703524867213	1	isolation_forest	35
m.9307G>A	9307	G	A	unlabeled	0	0	0	unlabeled_or_other	not_neutral_reference	1	pos1	1.0	4.727691835654954	6.0	4.727691835654954	1	1	0	0	1.77201e-05	0.0	1.77201e-05	0.19684321185399134	36.0	0.9992555931112184	1	372.26222288734846	44.0	0.999124818928054	1	isolation_forest	36
m.9982G>A	9982	G	A	unlabeled	0	0	0	unlabeled_or_other	not_neutral_reference	1	pos1	1.0	4.727654718252935	6.0	4.727654718252935	1	1	0	0	1.77217e-05	0.0	1.77217e-05	0.19684321185399134	36.0	0.9992555931112184	1	372.27122859282167	42.0	0.9991751166908096	1	isolation_forest	37
m.6211G>A	6211	G	A	unlabeled	0	0	0	unlabeled_or_other	not_neutral_reference	1	pos1	1.0	4.727684875900433	6.0	4.727684875900433	1	1	0	0	1.77204e-05	0.0	1.77204e-05	0.19684321185399134	36.0	0.9992555931112184	1	372.26391149557435	43.0	0.9991549975857074	1	isolation_forest	38
m.7201T>C	7201	T	C	unlabeled	0	0	0	unlabeled_or_other	not_neutral_reference	1	pos1	0.99324	4.727684875900433	6.0	4.727684875900433	1	1	0	0	1.77204e-05	0.0	1.77204e-05	0.19684321185399134	36.0	0.9992555931112184	1	366.9125006746392	53.0	0.9989538065346854	1	isolation_forest	39
m.6610G>A	6610	G	A	unlabeled	0	0	0	unlabeled_or_other	not_neutral_reference	1	pos1	1.0	4.727691835654954	6.0	4.727691835654954	1	1	0	0	1.77201e-05	0.0	1.77201e-05	0.19684321185399134	36.0	0.9992555931112184	1	372.26222288734846	44.0	0.999124818928054	1	isolation_forest	40
m.6717G>A	6717	G	A	unlabeled	0	0	0	unlabeled_or_other	not_neutral_reference	0	pos3	0.88819	4.50010818755049	6.0	4.50010818755049	1	0	0	1	3.06149e-05	0.0	3.06149e-05	0.19648428357269476	41.0	0.9991952357959119	1	347.3371578632066	88.0	0.9982496378561082	1	isolation_forest	41
m.3069A>G	3069	A	G	unlabeled	0	0	0	unlabeled_or_other	not_neutral_reference	0	pos3	0.96303	4.727691835654954	6.0	4.727691835654954	1	0	0	1	1.77201e-05	0.0	1.77201e-05	0.19645291450511992	42.0	0.9991751166908096	1	342.34651187504437	95.0	0.9981088041203927	1	isolation_forest	42
m.11535A>G	11535	A	G	unlabeled	0	0	0	unlabeled_or_other	not_neutral_reference	0	pos3	0.97625	4.7876139443864885	6.0	4.7876139443864885	1	0	0	1	1.530745e-05	0.0	1.530745e-05	0.19634470055169229	43.0	0.9991549975857074	1	338.37179659917365	104.0	0.9979277321744728	1	isolation_forest	43
m.2492G>A	2492	G	A	unlabeled	0	0	0	unlabeled_or_other	not_neutral_reference	2	pos2	0.91557	4.1429939502765185	6.0	4.1429939502765185	1	0	1	0	7.09459e-05	0.0	7.09459e-05	0.19630987834569713	44.0	0.9991348784806052	1	485.19861442563194	12.0	0.9997786898438757	1	isolation_forest	44
m.2991T>C	2991	T	C	unlabeled	0	0	0	unlabeled_or_other	not_neutral_reference	0	pos3	0.87293	4.43839660447254	6.0	4.43839660447254	1	0	0	1	3.54421e-05	0.0	3.54421e-05	0.19630708789631957	45.0	0.999114759375503	1	354.6436371563989	74.0	0.998531305327539	1	isolation_forest	45
m.6637T>C	6637	T	C	unlabeled	0	0	0	unlabeled_or_other	not_neutral_reference	1	pos1	0.99143	4.727668636906944	6.0	4.727668636906944	1	1	0	0	1.77211e-05	0.0	1.77211e-05	0.195907306711115	46.0	0.9990946402704007	1	365.48984094322645	55.0	0.998913568324481	1	isolation_forest	46
m.5343T>C	5343	T	C	unlabeled	0	0	0	unlabeled_or_other	not_neutral_reference	0	pos3	0.8681	4.438365620380676	6.0	4.438365620380676	1	0	0	1	3.54447e-05	0.0	3.54447e-05	0.19585566344416871	47.0	0.9990745211652986	1	351.325433164458	84.0	0.998330114276517	1	isolation_forest	47
m.4417A>C	4417	A	C	unlabeled	0	0	0	unlabeled_or_other	not_neutral_reference	1	pos1	0.9356	4.283789280158283	6.0	4.283789280158283	1	1	0	0	5.1024836e-05	0.0	5.1024836e-05	0.19570272535651245	48.0	0.9990544020601964	1	449.33944869582615	17.0	0.9996780943183647	1	isolation_forest	48
m.3460G>A	3460	G	A	pathogenic_confirmed	0	1	1	article_pathogenic_posthoc	not_neutral_reference	1	pos1	0.8751	4.1400529145443095	6.0	4.1400529145443095	1	1	0	0	7.143477e-05	0.0	7.143477e-05	0.1956756411111168	49.0	0.9990342829550941	1	454.8168316703534	14.0	0.9997384516336714	1	isolation_forest	49
m.7219G>A	7219	G	A	unlabeled	0	0	0	unlabeled_or_other	not_neutral_reference	1	pos1	0.98926	4.727668636906944	6.0	4.727668636906944	1	1	0	0	1.77211e-05	0.0	1.77211e-05	0.19562485922885664	50.0	0.9990041042974408	1	363.78888272885706	57.0	0.9988733301142765	1	isolation_forest	50
m.6817T>C	6817	T	C	unlabeled	0	0	0	unlabeled_or_other	not_neutral_reference	1	pos1	0.98871	4.727675596401231	6.0	4.727675596401231	1	1	0	0	1.77208e-05	0.0	1.77208e-05	0.19562485922885664	50.0	0.9990041042974408	1	363.3551821309461	58.0	0.9988532110091743	1	isolation_forest	51
m.11757A>G	11757	A	G	unlabeled	0	0	0	unlabeled_or_other	not_neutral_reference	0	pos3	0.9592	4.72769879552101	6.0	4.72769879552101	1	0	0	1	1.77198e-05	0.0	1.77198e-05	0.1955111308246842	52.0	0.9989739256397876	1	339.4231597897104	101.0	0.9979880894897795	1	isolation_forest	52
m.1578A>G	1578	A	G	unlabeled	0	0	0	unlabeled_or_other	not_neutral_reference	0	pos3	0.95718	4.727573534993915	6.0	4.727573534993915	1	0	0	1	1.77252e-05	0.0	1.77252e-05	0.19541702252944704	53.0	0.9989336874295831	1	337.91730680392254	106.0	0.9978874939642685	1	isolation_forest	53
m.3033T>C	3033	T	C	unlabeled	0	0	0	unlabeled_or_other	not_neutral_reference	0	pos3	0.9583	4.727582812312622	6.0	4.727582812312622	1	0	0	1	1.77248e-05	0.0	1.77248e-05	0.19541702252944704	53.0	0.9989336874295831	1	338.76639415784496	103.0	0.9979478512795751	1	isolation_forest	54
m.6210T>C	6210	T	C	unlabeled	0	0	0	unlabeled_or_other	not_neutral_reference	0	pos3	0.9497	4.72769879552101	6.0	4.72769879552101	1	0	0	1	1.77198e-05	0.0	1.77198e-05	0.19541702252944704	53.0	0.9989336874295831	1	332.2447648011896	114.0	0.9977265411234508	1	isolation_forest	55
m.8517G>A	8517	G	A	unlabeled	0	0	0	unlabeled_or_other	not_neutral_reference	0	pos3	1.0	4.95058941817747	6.0	4.95058941817747	1	0	0	1	1.0204967e-05	0.0	1.0204967e-05	0.19538284668836303	56.0	0.9988934492193787	1	321.9889025621697	130.0	0.9974046354418156	1	isolation_forest	56
m.5359T>C	5359	T	C	unlabeled	0	0	0	unlabeled_or_other	not_neutral_reference	1	pos1	0.98714	4.727654718252935	6.0	4.727654718252935	1	1	0	0	1.77217e-05	0.0	1.77217e-05	0.195342526383389	57.0	0.9988733301142765	1	362.1283882357591	60.0	0.9988129727989699	1	isolation_forest	57
m.8564C>T	8564	C	T	unlabeled	0	0	0	unlabeled_or_other	not_neutral_reference	2	pos2	1.0	4.727691835654954	6.0	4.727691835654954	1	0	1	0	1.77201e-05	0.0	1.77201e-05	0.19532940569083446	58.0	0.9988532110091743	1	374.8807585856131	38.0	0.9992555931112184	1	isolation_forest	58
m.11379T>C	11379	T	C	unlabeled	0	0	0	unlabeled_or_other	not_neutral_reference	0	pos3	0.94903	4.727633841108281	6.0	4.727633841108281	1	0	0	1	1.77226e-05	0.0	1.77226e-05	0.19532292696782516	59.0	0.9988029132464188	1	331.75572527930626	115.0	0.9977064220183486	1	isolation_forest	59
m.6993G>A	6993	G	A	unlabeled	0	0	0	unlabeled_or_other	not_neutral_reference	0	pos3	0.94079	4.727691835654954	6.0	4.727691835654954	1	0	0	1	1.77201e-05	0.0	1.77201e-05	0.19532292696782516	59.0	0.9988029132464188	1	325.5634987893451	124.0	0.9975253500724288	1	isolation_forest	60
m.11865T>C	11865	T	C	unlabeled	0	0	0	unlabeled_or_other	not_neutral_reference	0	pos3	0.94417	4.727691835654954	6.0	4.727691835654954	1	0	0	1	1.77201e-05	0.0	1.77201e-05	0.19532292696782516	59.0	0.9988029132464188	1	328.0911394666947	121.0	0.9975857073877354	1	isolation_forest	61
m.11766G>A	11766	G	A	unlabeled	0	0	0	unlabeled_or_other	not_neutral_reference	0	pos3	0.9541	4.727675596401231	6.0	4.727675596401231	1	0	0	1	1.77208e-05	0.0	1.77208e-05	0.19532292696782516	59.0	0.9988029132464188	1	335.5566510494803	110.0	0.9978070175438597	1	isolation_forest	62
m.14609T>C	14609	T	C	unlabeled	0	0	0	unlabeled_or_other	not_neutral_reference	2	pos2	1.0	4.72769879552101	6.0	4.72769879552101	1	0	1	0	1.77198e-05	0.0	1.77198e-05	0.19523532198448135	63.0	0.9987526154836633	1	374.8790687550693	39.0	0.9992354740061162	1	isolation_forest	63
m.7026G>A	7026	G	A	unlabeled	0	0	0	unlabeled_or_other	not_neutral_reference	0	pos3	0.94737	4.727647759093206	6.0	4.727647759093206	1	0	0	1	1.7722e-05	0.0	1.7722e-05	0.19522884413809583	64.0	0.9987123772734589	1	330.5033205650934	118.0	0.997646064703042	1	isolation_forest	64
m.6570G>A	6570	G	A	unlabeled	0	0	0	unlabeled_or_other	not_neutral_reference	0	pos3	0.94538	4.7276408000449885	6.0	4.7276408000449885	1	0	0	1	1.77223e-05	0.0	1.77223e-05	0.19522884413809583	64.0	0.9987123772734589	1	329.0105916486838	120.0	0.9976058264928376	1	isolation_forest	65
m.6834A>G	6834	A	G	unlabeled	0	0	0	unlabeled_or_other	not_neutral_reference	0	pos3	0.94816	4.727684875900433	6.0	4.727684875900433	1	0	0	1	1.77204e-05	0.0	1.77204e-05	0.19522884413809583	64.0	0.9987123772734589	1	331.0884829047685	117.0	0.9976661838081442	1	isolation_forest	66
m.7236G>A	7236	G	A	unlabeled	0	0	0	unlabeled_or_other	not_neutral_reference	0	pos3	0.85672	4.438276255575704	6.0	4.438276255575704	1	0	0	1	3.54522e-05	0.0	3.54522e-05	0.1951968465291718	67.0	0.9986721390632545	1	343.5650438441635	92.0	0.9981691614356993	1	isolation_forest	67
m.2559T>A	2559	T	A	neutral	1	0	0	neutral_reference	neutral_train	0	pos3	0.85244	4.3286202268416645	6.0	4.3286202268416645	1	0	0	1	4.5922352e-05	0.0	4.5922352e-05	0.19512572220355018	68.0	0.9986520199581522	1	374.3624782068117	41.0	0.9991952357959119	1	isolation_forest	68
m.4431C>T	4431	C	T	unlabeled	0	0	0	unlabeled_or_other	not_neutral_reference	0	pos3	0.93222	4.72769879552101	6.0	4.72769879552101	1	0	0	1	1.77198e-05	0.0	1.77198e-05	0.19504071666742373	69.0	0.9986319008530501	1	319.20013788963234	134.0	0.9973241590214067	1	isolation_forest	69
m.9387G>A	9387	G	A	unlabeled	0	0	0	unlabeled_or_other	not_neutral_reference	0	pos3	0.85886	4.266258000966064	6.0	4.266258000966064	1	0	0	1	5.31679e-05	0.0	5.31679e-05	0.1948169200540315	70.0	0.9986117817479478	1	398.9239139313722	28.0	0.9994567841622405	1	isolation_forest	70
m.9939G>A	9939	G	A	unlabeled	0	0	0	unlabeled_or_other	not_neutral_reference	0	pos3	0.84737	4.438298892920536	6.0	4.438298892920536	1	0	0	1	3.54503e-05	0.0	3.54503e-05	0.19474059068727645	71.0	0.9985916626428456	1	337.23366239493913	107.0	0.9978673748591662	1	isolation_forest	71
m.15170G>A	15170	G	A	unlabeled	0	0	0	unlabeled_or_other	not_neutral_reference	2	pos2	1.0	4.95058941817747	6.0	4.95058941817747	1	0	1	0	1.0204967e-05	0.0	1.0204967e-05	0.19473111797009934	72.0	0.9985715435377435	1	325.48027399733337	125.0	0.9975052309673266	1	isolation_forest	72
m.6876G>A	6876	G	A	unlabeled	0	0	0	unlabeled_or_other	not_neutral_reference	0	pos3	0.85171	4.438358470519538	6.0	4.438358470519538	1	0	0	1	3.54453e-05	0.0	3.54453e-05	0.19462709252650912	73.0	0.9985413648800902	1	340.14292241281356	100.0	0.9980082085948817	1	isolation_forest	73
m.2682A>G	2682	A	G	unlabeled	0	0	0	unlabeled_or_other	not_neutral_reference	0	pos3	0.85228	4.438328680698412	6.0	4.438328680698412	1	0	0	1	3.54478e-05	0.0	3.54478e-05	0.19462709252650912	73.0	0.9985413648800902	1	340.5373178933741	99.0	0.998028327699984	1	isolation_forest	74
m.3047G>A	3047	G	A	unlabeled	0	0	0	unlabeled_or_other	not_neutral_reference	2	pos2	0.98648	4.438276255575704	6.0	4.438276255575704	1	0	1	0	3.54522e-05	0.0	3.54522e-05	0.19454144777957738	75.0	0.9985111862224368	1	442.5278240674385	20.0	0.9996177370030581	1	isolation_forest	75
m.6193T>C	6193	T	C	unlabeled	0	0	0	unlabeled_or_other	not_neutral_reference	1	pos1	0.98473	4.727691835654954	6.0	4.727691835654954	1	1	0	0	1.77201e-05	0.0	1.77201e-05	0.19449621520254867	76.0	0.9984810075647835	1	360.23230784496445	64.0	0.9987324963785611	1	isolation_forest	76
m.10288G>C	10288	G	C	unlabeled	0	0	0	unlabeled_or_other	not_neutral_reference	1	pos1	0.98527	4.72769879552101	6.0	4.72769879552101	1	1	0	0	1.77198e-05	0.0	1.77198e-05	0.19449621520254867	76.0	0.9984810075647835	1	360.6530434873298	62.0	0.9987727345887655	1	isolation_forest	77
m.9405T>C	9405	T	C	unlabeled	0	0	0	unlabeled_or_other	not_neutral_reference	0	pos3	0.85298	4.4351282566786	6.0	4.4351282566786	1	0	0	1	3.5717385e-05	0.0	3.5717385e-05	0.19434516464401608	78.0	0.9984508289071302	1	341.9569231719411	97.0	0.9980685659101883	1	isolation_forest	78
m.2916G>A	2916	G	A	unlabeled	0	0	0	unlabeled_or_other	not_neutral_reference	0	pos3	0.81284	4.047384312525556	6.0	4.047384312525556	1	0	0	1	8.86635e-05	0.0	8.86635e-05	0.1943435438715304	79.0	0.998430709802028	1	445.1455721371441	18.0	0.9996579752132625	1	isolation_forest	79
m.6840G>A	6840	G	A	unlabeled	0	0	0	unlabeled_or_other	not_neutral_reference	0	pos3	0.92821	4.727596728662279	6.0	4.727596728662279	1	0	0	1	1.77242e-05	0.0	1.77242e-05	0.1943082003455977	80.0	0.9984105906969258	1	316.26568591012295	140.0	0.9972034443907934	1	isolation_forest	80
m.2577C>T	2577	C	T	unlabeled	0	0	0	unlabeled_or_other	not_neutral_reference	0	pos3	0.92033	4.72769879552101	6.0	4.72769879552101	1	0	0	1	1.77198e-05	0.0	1.77198e-05	0.1942142548166078	81.0	0.9983904715918236	1	310.4696777704668	150.0	0.9970022533397714	1	isolation_forest	81
m.3053A>G	3053	A	G	unlabeled	0	0	0	unlabeled_or_other	not_neutral_reference	2	pos2	0.98902	4.72766167752418	6.0	4.72766167752418	1	0	1	0	1.77214e-05	0.0	1.77214e-05	0.19417341248138398	82.0	0.9983703524867213	1	366.17989929606233	54.0	0.9989336874295831	1	isolation_forest	82
m.6864T>C	6864	T	C	unlabeled	0	0	0	unlabeled_or_other	not_neutral_reference	0	pos3	0.91916	4.727668636906944	6.0	4.727668636906944	1	0	0	1	1.77211e-05	0.0	1.77211e-05	0.1941203219992097	83.0	0.9983502333816192	1	309.6234511080267	151.0	0.9969821342346692	1	isolation_forest	83
m.6987T>C	6987	T	C	unlabeled	0	0	0	unlabeled_or_other	not_neutral_reference	0	pos3	0.91647	4.727654718252935	6.0	4.727654718252935	1	0	0	1	1.77217e-05	0.0	1.77217e-05	0.1940264018916834	84.0	0.9983200547239659	1	307.6686329663775	155.0	0.9969016578142604	1	isolation_forest	84
m.11742G>A	11742	G	A	unlabeled	0	0	0	unlabeled_or_other	not_neutral_reference	0	pos3	0.91406	4.72766167752418	6.0	4.72766167752418	1	0	0	1	1.77214e-05	0.0	1.77214e-05	0.1940264018916834	84.0	0.9983200547239659	1	305.91754336059677	158.0	0.9968413004989538	1	isolation_forest	85
m.6588A>G	6588	A	G	unlabeled	0	0	0	unlabeled_or_other	not_neutral_reference	0	pos3	0.98678	4.95058941817747	6.0	4.95058941817747	1	0	0	1	1.0204967e-05	0.0	1.0204967e-05	0.1937914178766078	86.0	0.9982898760663126	1	311.58135203365316	149.0	0.9970223724448737	1	isolation_forest	86
m.6181C>T	6181	C	T	unlabeled	0	0	0	unlabeled_or_other	not_neutral_reference	1	pos1	0.97722	4.72769879552101	6.0	4.72769879552101	1	1	0	0	1.77198e-05	0.0	1.77198e-05	0.19374480337577638	87.0	0.9982496378561082	1	354.386061402755	78.0	0.9984508289071302	1	isolation_forest	87
m.6535C>T	6535	C	T	unlabeled	0	0	0	unlabeled_or_other	not_neutral_reference	1	pos1	0.97737	4.72769879552101	6.0	4.72769879552101	1	1	0	0	1.77198e-05	0.0	1.77198e-05	0.19374480337577638	87.0	0.9982496378561082	1	354.5024701034562	76.0	0.9984910671173346	1	isolation_forest	88
m.5353G>A	5353	G	A	unlabeled	0	0	0	unlabeled_or_other	not_neutral_reference	1	pos1	0.97809	4.727684875900433	6.0	4.727684875900433	1	1	0	0	1.77204e-05	0.0	1.77204e-05	0.19374480337577638	87.0	0.9982496378561082	1	355.05895482713106	72.0	0.9985715435377435	1	isolation_forest	89
m.4290T>C	4290	T	C	unlabeled	0	0	0	unlabeled_or_other	not_neutral_reference	0	pos3	0.88952	4.669384671494912	6.0	4.669384671494912	1	0	0	1	2.0409934e-05	0.0	2.0409934e-05	0.1936369246538121	90.0	0.9982093996459037	1	302.7688664353812	166.0	0.9966803476581362	1	isolation_forest	90
m.3037T>C	3037	T	C	unlabeled	0	0	0	unlabeled_or_other	not_neutral_reference	1	pos1	0.97266	4.727654718252935	6.0	4.727654718252935	1	1	0	0	1.77217e-05	0.0	1.77217e-05	0.19355707748342965	91.0	0.9981792209882504	1	350.86657766146254	85.0	0.9983099951714147	1	isolation_forest	91
m.6178T>C	6178	T	C	unlabeled	0	0	0	unlabeled_or_other	not_neutral_reference	1	pos1	0.97335	4.727691835654954	6.0	4.727691835654954	1	1	0	0	1.77201e-05	0.0	1.77201e-05	0.19355707748342965	91.0	0.9981792209882504	1	351.39067214051533	83.0	0.9983502333816192	1	isolation_forest	92
m.3062T>C	3062	T	C	unlabeled	0	0	0	unlabeled_or_other	not_neutral_reference	2	pos2	0.98171	4.72766167752418	6.0	4.72766167752418	1	0	1	0	1.77214e-05	0.0	1.77214e-05	0.1935161882751164	93.0	0.9981490423305971	1	360.4501033537015	63.0	0.9987526154836633	1	isolation_forest	93
m.6978G>A	6978	G	A	unlabeled	0	0	0	unlabeled_or_other	not_neutral_reference	0	pos3	0.90549	4.727691835654954	6.0	4.727691835654954	1	0	0	1	1.77201e-05	0.0	1.77201e-05	0.19336931687098002	94.0	0.9981088041203927	1	299.73314709869857	170.0	0.9965998712377273	1	isolation_forest	94
m.6711T>C	6711	T	C	unlabeled	0	0	0	unlabeled_or_other	not_neutral_reference	0	pos3	0.90232	4.727668636906944	6.0	4.727668636906944	1	0	0	1	1.77211e-05	0.0	1.77211e-05	0.19336931687098002	94.0	0.9981088041203927	1	297.4666844576774	179.0	0.9964187992918075	1	isolation_forest	95
m.2592G>A	2592	G	A	unlabeled	0	0	0	unlabeled_or_other	not_neutral_reference	0	pos3	0.89972	4.727522513283205	6.0	4.727522513283205	1	0	0	1	1.77274e-05	0.0	1.77274e-05	0.19336931687098002	94.0	0.9981088041203927	1	295.65043073260375	186.0	0.996277965556092	1	isolation_forest	96
m.11775G>A	11775	G	A	unlabeled	0	0	0	unlabeled_or_other	not_neutral_reference	0	pos3	0.90491	4.727647759093206	6.0	4.727647759093206	1	0	0	1	1.7722e-05	0.0	1.7722e-05	0.1932754983805367	97.0	0.9980484468050861	1	299.32748799018333	175.0	0.9964992757122163	1	isolation_forest	97
m.2571G>A	2571	G	A	unlabeled	0	0	0	unlabeled_or_other	not_neutral_reference	0	pos3	0.90603	4.727552661751396	6.0	4.727552661751396	1	0	0	1	1.77261e-05	0.0	1.77261e-05	0.1932754983805367	97.0	0.9980484468050861	1	300.16054935386813	168.0	0.9966401094479318	1	isolation_forest	98
m.6705T>C	6705	T	C	unlabeled	0	0	0	unlabeled_or_other	not_neutral_reference	0	pos3	0.90407	4.727668636906944	6.0	4.727668636906944	1	0	0	1	1.77211e-05	0.0	1.77211e-05	0.1932754983805367	97.0	0.9980484468050861	1	298.7199813928009	176.0	0.9964791566071142	1	isolation_forest	99
m.2478G>A	2478	G	A	unlabeled	0	0	0	unlabeled_or_other	not_neutral_reference	0	pos3	0.89489	4.72761064545788	6.0	4.72761064545788	1	0	0	1	1.77236e-05	0.0	1.77236e-05	0.1931816925844959	100.0	0.9979880894897795	1	292.19294496111576	196.0	0.99607677450507	1	isolation_forest	100
m.302A>C	302	A	C	unlabeled	0	0	0	unlabeled_or_other	not_neutral_reference	2	pos2	0.04092	0.7148299031999236	6.0	0.7148299031999236	1	0	1	0	0.192827	0.0	0.192827	0.18938372274010262	155.0	0.9969016578142604	1	2485.275125042044	1.0	1.0	1	elliptic_envelope	1
m.323G>C	323	G	C	unlabeled	0	0	0	unlabeled_or_other	not_neutral_reference	2	pos2	0.06476	2.257511360476374	6.0	2.257511360476374	1	0	1	0	0.0055259895	0.0	0.0055259895	0.17449244920033458	555.0	0.9888540157733784	1	1157.4648418613297	2.0	0.9999798808948978	1	elliptic_envelope	2
m.326A>C	326	A	C	unlabeled	0	0	0	unlabeled_or_other	not_neutral_reference	2	pos2	0.06609	2.313948402111576	6.0	2.313948402111576	1	0	1	0	0.0048524616	0.0	0.0048524616	0.17402927769347465	576.0	0.9884315145662321	1	1117.6135952290194	3.0	0.9999597617897956	1	elliptic_envelope	3
m.322G>C	322	G	C	unlabeled	0	0	0	unlabeled_or_other	not_neutral_reference	1	pos1	0.06361	2.331179074800303	6.0	2.331179074800303	1	1	0	0	0.00466367	0.0	0.00466367	0.17353876667871504	596.0	0.988029132464188	1	1104.3468813329857	4.0	0.9999396426846934	1	elliptic_envelope	4
m.3019G>A	3019	G	A	unlabeled	0	0	0	unlabeled_or_other	not_neutral_reference	1	pos1	0.88792	3.082178290060857	6.0	3.082178290060857	1	1	0	0	0.00082660234	0.0	0.00082660234	0.2033424260596025	6.0	0.999899404474489	1	947.057683259972	5.0	0.9999195235795911	1	elliptic_envelope	5
m.3009C>T	3009	C	T	unlabeled	0	0	0	unlabeled_or_other	not_neutral_reference	0	pos3	0.87015	3.464875072509937	6.0	3.464875072509937	1	0	0	1	0.0003418664	0.0	0.0003418664	0.20307595628854247	9.0	0.9998390471591824	1	732.8765763098321	6.0	0.999899404474489	1	elliptic_envelope	6
m.3030A>G	3030	A	G	unlabeled	0	0	0	unlabeled_or_other	not_neutral_reference	0	pos3	0.94251	3.7335580060779945	6.0	3.7335580060779945	1	0	0	1	0.00018368941	0.0	0.00018368941	0.2047658469267759	5.0	0.9999195235795911	1	662.0689388308858	7.0	0.9998792853693867	1	elliptic_envelope	7
m.9984G>A	9984	G	A	unlabeled	0	0	0	unlabeled_or_other	not_neutral_reference	0	pos3	1.0	3.9691089572854694	6.0	3.9691089572854694	1	0	0	1	0.000106372	0.0	0.000106372	0.20798582951427447	1.0	1.0	1	609.9903003084655	8.0	0.9998591662642846	1	elliptic_envelope	8
m.2623A>G	2623	A	G	neutral	1	0	0	neutral_reference	neutral_train	1	pos1	0.58561	3.5706175928333055	6.0	3.5706175928333055	1	1	0	0	0.000267771	0.0	0.000267771	0.1755871239785406	518.0	0.98959842266216	1	519.5034605746897	9.0	0.9998390471591824	1	elliptic_envelope	9
m.9979G>A	9979	G	A	unlabeled	0	0	0	unlabeled_or_other	not_neutral_reference	1	pos1	1.0	4.266265216831566	6.0	4.266265216831566	1	1	0	0	5.3167e-05	0.0	5.3167e-05	0.2024048186133306	10.0	0.9998189280540801	1	504.7123517743445	10.0	0.9998189280540801	1	elliptic_envelope	10
m.3006T>C	3006	T	C	unlabeled	0	0	0	unlabeled_or_other	not_neutral_reference	0	pos3	0.8732	4.032242864020843	6.0	4.032242864020843	1	0	0	1	9.1844704e-05	0.0	9.1844704e-05	0.19979307132714397	15.0	0.9997183325285691	1	491.2644447848793	11.0	0.999798808948978	1	elliptic_envelope	11
m.2492G>A	2492	G	A	unlabeled	0	0	0	unlabeled_or_other	not_neutral_reference	2	pos2	0.91557	4.1429939502765185	6.0	4.1429939502765185	1	0	1	0	7.09459e-05	0.0	7.09459e-05	0.19630987834569713	44.0	0.9991348784806052	1	485.19861442563194	12.0	0.9997786898438757	1	elliptic_envelope	12
m.6168G>A	6168	G	A	unlabeled	0	0	0	unlabeled_or_other	not_neutral_reference	0	pos3	0.95594	4.266235552373419	6.0	4.266235552373419	1	0	0	1	5.31707e-05	0.0	5.31707e-05	0.2004637114954998	12.0	0.9997786898438757	1	468.94413715989856	13.0	0.9997585707387735	1	elliptic_envelope	13
m.3460G>A	3460	G	A	pathogenic_confirmed	0	1	1	article_pathogenic_posthoc	not_neutral_reference	1	pos1	0.8751	4.1400529145443095	6.0	4.1400529145443095	1	1	0	0	7.143477e-05	0.0	7.143477e-05	0.1956756411111168	49.0	0.9990342829550941	1	454.8168316703534	14.0	0.9997384516336714	1	elliptic_envelope	14
m.3009C>A	3009	C	A	unlabeled	0	0	0	unlabeled_or_other	not_neutral_reference	0	pos3	0.87015	4.1400529145443095	6.0	4.1400529145443095	1	0	0	1	7.143477e-05	0.0	7.143477e-05	0.19961999276919595	20.0	0.9996177370030581	1	449.86365178003336	15.0	0.9997183325285691	1	elliptic_envelope	15
m.6720A>G	6720	A	G	unlabeled	0	0	0	unlabeled_or_other	not_neutral_reference	0	pos3	0.87114	4.143214334912047	6.0	4.143214334912047	1	0	0	1	7.09094e-05	0.0	7.09094e-05	0.19971466983734398	18.0	0.9996579752132625	1	449.429642084693	16.0	0.9996982134234669	1	elliptic_envelope	16
m.4417A>C	4417	A	C	unlabeled	0	0	0	unlabeled_or_other	not_neutral_reference	1	pos1	0.9356	4.283789280158283	6.0	4.283789280158283	1	1	0	0	5.1024836e-05	0.0	5.1024836e-05	0.19570272535651245	48.0	0.9990544020601964	1	449.33944869582615	17.0	0.9996780943183647	1	elliptic_envelope	17
m.2916G>A	2916	G	A	unlabeled	0	0	0	unlabeled_or_other	not_neutral_reference	0	pos3	0.81284	4.047384312525556	6.0	4.047384312525556	1	0	0	1	8.86635e-05	0.0	8.86635e-05	0.1943435438715304	79.0	0.998430709802028	1	445.1455721371441	18.0	0.9996579752132625	1	elliptic_envelope	18
m.6810G>A	6810	G	A	unlabeled	0	0	0	unlabeled_or_other	not_neutral_reference	0	pos3	0.99173	4.438335830069127	6.0	4.438335830069127	1	0	0	1	3.54472e-05	0.0	3.54472e-05	0.20331456930382263	7.0	0.9998792853693867	1	442.64171249927176	19.0	0.9996378561081604	1	elliptic_envelope	19
m.3047G>A	3047	G	A	unlabeled	0	0	0	unlabeled_or_other	not_neutral_reference	2	pos2	0.98648	4.438276255575704	6.0	4.438276255575704	1	0	1	0	3.54522e-05	0.0	3.54522e-05	0.19454144777957738	75.0	0.9985111862224368	1	442.5278240674385	20.0	0.9996177370030581	1	elliptic_envelope	20
m.8190C>T	8190	C	T	unlabeled	0	0	0	unlabeled_or_other	not_neutral_reference	0	pos3	0.98769	4.438426398953326	6.0	4.438426398953326	1	0	0	1	3.54396e-05	0.0	3.54396e-05	0.20321940514008863	8.0	0.9998591662642846	1	439.4397333367059	21.0	0.9995976178979559	1	elliptic_envelope	21
m.11529T>C	11529	T	C	unlabeled	0	0	0	unlabeled_or_other	not_neutral_reference	0	pos3	0.97317	4.43837396203411	6.0	4.43837396203411	1	0	0	1	3.5444e-05	0.0	3.5444e-05	0.20188845808610034	11.0	0.999798808948978	1	428.137441016916	22.0	0.9995774987928537	1	elliptic_envelope	22
m.2542G>A	2542	G	A	unlabeled	0	0	0	unlabeled_or_other	not_neutral_reference	1	pos1	0.82829	4.143206483675307	6.0	4.143206483675307	1	1	0	0	7.09107e-05	0.0	7.09107e-05	0.19111501425234867	131.0	0.9973845163367133	1	421.99884557528867	23.0	0.9995573796877515	1	elliptic_envelope	23
m.1575T>C	1575	T	C	unlabeled	0	0	0	unlabeled_or_other	not_neutral_reference	0	pos3	0.95986	4.438365620380676	6.0	4.438365620380676	1	0	0	1	3.54447e-05	0.0	3.54447e-05	0.20018094118728758	13.0	0.9997585707387735	1	417.9094313449076	24.0	0.9995372605826492	1	elliptic_envelope	24
m.6564G>A	6564	G	A	unlabeled	0	0	0	unlabeled_or_other	not_neutral_reference	0	pos3	0.95069	4.43837396203411	6.0	4.43837396203411	1	0	0	1	3.5444e-05	0.0	3.5444e-05	0.20008620102884533	14.0	0.9997384516336714	1	410.9588792219546	25.0	0.9995171414775471	1	elliptic_envelope	25
m.11642G>A	11642	G	A	unlabeled	0	0	0	unlabeled_or_other	not_neutral_reference	2	pos2	0.93578	4.438306041800897	6.0	4.438306041800897	1	0	1	0	3.54497e-05	0.0	3.54497e-05	0.1912404052632869	127.0	0.9974649927571222	1	403.64703764335377	26.0	0.9994970223724449	1	elliptic_envelope	26
m.12725T>C	12725	T	C	unlabeled	0	0	0	unlabeled_or_other	not_neutral_reference	2	pos2	0.9347	4.438381112150293	6.0	4.438381112150293	1	0	1	0	3.54434e-05	0.0	3.54434e-05	0.19095985193352727	132.0	0.9973643972316112	1	402.82014600295463	27.0	0.9994769032673426	1	elliptic_envelope	27
m.9387G>A	9387	G	A	unlabeled	0	0	0	unlabeled_or_other	not_neutral_reference	0	pos3	0.85886	4.266258000966064	6.0	4.266258000966064	1	0	0	1	5.31679e-05	0.0	5.31679e-05	0.1948169200540315	70.0	0.9986117817479478	1	398.9239139313722	28.0	0.9994567841622405	1	elliptic_envelope	28
m.6121T>C	6121	T	C	unlabeled	0	0	0	unlabeled_or_other	not_neutral_reference	1	pos1	0.66977	3.9691494068167237	6.0	3.9691494068167237	1	1	0	0	0.000106362	0.0	0.000106362	0.174299039180574	562.0	0.988713182037663	1	392.1405101585517	29.0	0.9994366650571382	1	elliptic_envelope	29
m.2510T>C	2510	T	C	unlabeled	0	0	0	unlabeled_or_other	not_neutral_reference	2	pos2	0.9175	4.438328680698412	6.0	4.438328680698412	1	0	1	0	3.54478e-05	0.0	3.54478e-05	0.1893528531055927	156.0	0.9968815387091582	1	390.1290031699376	30.0	0.9994165459520361	1	elliptic_envelope	30
m.2573G>A	2573	G	A	unlabeled	0	0	0	unlabeled_or_other	not_neutral_reference	2	pos2	0.91309	4.438119018167349	6.0	4.438119018167349	1	0	1	0	3.54654e-05	0.0	3.54654e-05	0.18916631566580022	168.0	0.9966401094479318	1	386.97726057159684	31.0	0.9993964268469339	1	elliptic_envelope	31
m.3238G>A	3238	G	A	unlabeled	0	0	0	unlabeled_or_other	not_neutral_reference	1	pos1	0.83753	4.266144166509612	6.0	4.266144166509612	1	1	0	0	5.31821e-05	0.0	5.31821e-05	0.18901356189124086	173.0	0.9965395139224207	1	386.0171206052215	32.0	0.9993763077418316	1	elliptic_envelope	32
m.2022G>A	2022	G	A	unlabeled	0	0	0	unlabeled_or_other	not_neutral_reference	0	pos3	0.91484	4.438365620380676	6.0	4.438365620380676	1	0	0	1	3.54447e-05	0.0	3.54447e-05	0.1988557448771171	23.0	0.9995573796877515	1	384.39140567585764	33.0	0.9993561886367295	1	elliptic_envelope	33
m.564G>A	564	G	A	unlabeled	0	0	0	unlabeled_or_other	not_neutral_reference	0	pos3	0.09409	3.582982502358507	6.0	3.582982502358507	1	0	0	1	0.00026022666	0.0	0.00026022666	0.15866702209820005	1265.0	0.9745694511508128	1	380.4689810767079	34.0	0.9993360695316272	1	elliptic_envelope	34
m.3683A>G	3683	A	G	unlabeled	0	0	0	unlabeled_or_other	not_neutral_reference	2	pos2	0.90407	4.438426398953326	6.0	4.438426398953326	1	0	1	0	3.54396e-05	0.0	3.54396e-05	0.1886070061516366	181.0	0.996378561081603	1	380.3602475715818	35.0	0.999315950426525	1	elliptic_envelope	35
m.6844T>C	6844	T	C	unlabeled	0	0	0	unlabeled_or_other	not_neutral_reference	1	pos1	0.90739	4.438321531445387	6.0	4.438321531445387	1	1	0	0	3.54484e-05	0.0	3.54484e-05	0.19183423270190192	120.0	0.9976058264928376	1	380.340127429822	36.0	0.9992958313214229	1	elliptic_envelope	36
m.2558A>C	2558	A	C	unlabeled	0	0	0	unlabeled_or_other	not_neutral_reference	2	pos2	0.84942	4.3286202268416645	6.0	4.3286202268416645	1	0	1	0	4.5922352e-05	0.0	4.5922352e-05	0.18449780394004467	257.0	0.9948495090938355	1	376.0357172581886	37.0	0.9992757122163206	1	elliptic_envelope	37
m.8564C>T	8564	C	T	unlabeled	0	0	0	unlabeled_or_other	not_neutral_reference	2	pos2	1.0	4.727691835654954	6.0	4.727691835654954	1	0	1	0	1.77201e-05	0.0	1.77201e-05	0.19532940569083446	58.0	0.9988532110091743	1	374.8807585856131	38.0	0.9992555931112184	1	elliptic_envelope	38
m.14609T>C	14609	T	C	unlabeled	0	0	0	unlabeled_or_other	not_neutral_reference	2	pos2	1.0	4.72769879552101	6.0	4.72769879552101	1	0	1	0	1.77198e-05	0.0	1.77198e-05	0.19523532198448135	63.0	0.9987526154836633	1	374.8790687550693	39.0	0.9992354740061162	1	elliptic_envelope	39
m.2002G>A	2002	G	A	unlabeled	0	0	0	unlabeled_or_other	not_neutral_reference	1	pos1	0.75333	4.143290438869817	6.0	4.143290438869817	1	1	0	0	7.08968e-05	0.0	7.08968e-05	0.18656272938224983	223.0	0.9955335586673105	1	374.86565942895436	40.0	0.999215354901014	1	elliptic_envelope	40
m.2559T>A	2559	T	A	neutral	1	0	0	neutral_reference	neutral_train	0	pos3	0.85244	4.3286202268416645	6.0	4.3286202268416645	1	0	0	1	4.5922352e-05	0.0	4.5922352e-05	0.19512572220355018	68.0	0.9986520199581522	1	374.3624782068117	41.0	0.9991952357959119	1	elliptic_envelope	41
m.9982G>A	9982	G	A	unlabeled	0	0	0	unlabeled_or_other	not_neutral_reference	1	pos1	1.0	4.727654718252935	6.0	4.727654718252935	1	1	0	0	1.77217e-05	0.0	1.77217e-05	0.19684321185399134	36.0	0.9992555931112184	1	372.27122859282167	42.0	0.9991751166908096	1	elliptic_envelope	42
m.6211G>A	6211	G	A	unlabeled	0	0	0	unlabeled_or_other	not_neutral_reference	1	pos1	1.0	4.727684875900433	6.0	4.727684875900433	1	1	0	0	1.77204e-05	0.0	1.77204e-05	0.19684321185399134	36.0	0.9992555931112184	1	372.26391149557435	43.0	0.9991549975857074	1	elliptic_envelope	43
m.6610G>A	6610	G	A	unlabeled	0	0	0	unlabeled_or_other	not_neutral_reference	1	pos1	1.0	4.727691835654954	6.0	4.727691835654954	1	1	0	0	1.77201e-05	0.0	1.77201e-05	0.19684321185399134	36.0	0.9992555931112184	1	372.26222288734846	44.0	0.999124818928054	1	elliptic_envelope	44
m.9307G>A	9307	G	A	unlabeled	0	0	0	unlabeled_or_other	not_neutral_reference	1	pos1	1.0	4.727691835654954	6.0	4.727691835654954	1	1	0	0	1.77201e-05	0.0	1.77201e-05	0.19684321185399134	36.0	0.9992555931112184	1	372.26222288734846	44.0	0.999124818928054	1	elliptic_envelope	45
m.2541C>T	2541	C	T	unlabeled	0	0	0	unlabeled_or_other	not_neutral_reference	0	pos3	0.82742	4.283789280158283	6.0	4.283789280158283	1	0	0	1	5.1024836e-05	0.0	5.1024836e-05	0.19248427375258115	112.0	0.9977667793336552	1	372.1214147158969	46.0	0.9990946402704007	1	elliptic_envelope	46
m.7206G>A	7206	G	A	unlabeled	0	0	0	unlabeled_or_other	not_neutral_reference	0	pos3	1.0	4.72766167752418	6.0	4.72766167752418	1	0	0	1	1.77214e-05	0.0	1.77214e-05	0.1996580873825694	19.0	0.9996378561081604	1	371.15133990098786	47.0	0.9990745211652986	1	elliptic_envelope	47
m.7392G>A	7392	G	A	unlabeled	0	0	0	unlabeled_or_other	not_neutral_reference	0	pos3	1.0	4.727675596401231	6.0	4.727675596401231	1	0	0	1	1.77208e-05	0.0	1.77208e-05	0.19956341797048627	21.0	0.9995875583454048	1	371.14796802887656	48.0	0.9990443425076453	1	elliptic_envelope	48
m.9450G>A	9450	G	A	unlabeled	0	0	0	unlabeled_or_other	not_neutral_reference	0	pos3	1.0	4.727675596401231	6.0	4.727675596401231	1	0	0	1	1.77208e-05	0.0	1.77208e-05	0.19956341797048627	21.0	0.9995875583454048	1	371.14796802887656	48.0	0.9990443425076453	1	elliptic_envelope	49
m.6576G>A	6576	G	A	unlabeled	0	0	0	unlabeled_or_other	not_neutral_reference	0	pos3	1.0	4.727691835654954	6.0	4.727691835654954	1	0	0	1	1.77201e-05	0.0	1.77201e-05	0.19975276960592514	16.0	0.9996881538709158	1	371.1440340885756	50.0	0.9990041042974408	1	elliptic_envelope	50
m.7053G>A	7053	G	A	unlabeled	0	0	0	unlabeled_or_other	not_neutral_reference	0	pos3	1.0	4.727691835654954	6.0	4.727691835654954	1	0	0	1	1.77201e-05	0.0	1.77201e-05	0.19975276960592514	16.0	0.9996881538709158	1	371.1440340885756	50.0	0.9990041042974408	1	elliptic_envelope	51
m.1560T>C	1560	T	C	unlabeled	0	0	0	unlabeled_or_other	not_neutral_reference	0	pos3	0.89571	4.43837396203411	6.0	4.43837396203411	1	0	0	1	3.5444e-05	0.0	3.5444e-05	0.19800515770857408	25.0	0.9995171414775471	1	370.64009925459504	52.0	0.9989739256397876	1	elliptic_envelope	52
m.7201T>C	7201	T	C	unlabeled	0	0	0	unlabeled_or_other	not_neutral_reference	1	pos1	0.99324	4.727684875900433	6.0	4.727684875900433	1	1	0	0	1.77204e-05	0.0	1.77204e-05	0.19684321185399134	36.0	0.9992555931112184	1	366.9125006746392	53.0	0.9989538065346854	1	elliptic_envelope	53
m.3053A>G	3053	A	G	unlabeled	0	0	0	unlabeled_or_other	not_neutral_reference	2	pos2	0.98902	4.72766167752418	6.0	4.72766167752418	1	0	1	0	1.77214e-05	0.0	1.77214e-05	0.19417341248138398	82.0	0.9983703524867213	1	366.17989929606233	54.0	0.9989336874295831	1	elliptic_envelope	54
m.6637T>C	6637	T	C	unlabeled	0	0	0	unlabeled_or_other	not_neutral_reference	1	pos1	0.99143	4.727668636906944	6.0	4.727668636906944	1	1	0	0	1.77211e-05	0.0	1.77211e-05	0.195907306711115	46.0	0.9990946402704007	1	365.48984094322645	55.0	0.998913568324481	1	elliptic_envelope	55
m.3250T>C	3250	T	C	unlabeled	0	0	0	unlabeled_or_other	not_neutral_reference	1	pos1	0.80548	4.266287666957653	6.0	4.266287666957653	1	1	0	0	5.31642e-05	0.0	5.31642e-05	0.1880625282343329	195.0	0.9960968936101722	1	365.0623288243768	56.0	0.9988934492193787	1	elliptic_envelope	56
m.7219G>A	7219	G	A	unlabeled	0	0	0	unlabeled_or_other	not_neutral_reference	1	pos1	0.98926	4.727668636906944	6.0	4.727668636906944	1	1	0	0	1.77211e-05	0.0	1.77211e-05	0.19562485922885664	50.0	0.9990041042974408	1	363.78888272885706	57.0	0.9988733301142765	1	elliptic_envelope	57
m.6817T>C	6817	T	C	unlabeled	0	0	0	unlabeled_or_other	not_neutral_reference	1	pos1	0.98871	4.727675596401231	6.0	4.727675596401231	1	1	0	0	1.77208e-05	0.0	1.77208e-05	0.19562485922885664	50.0	0.9990041042974408	1	363.3551821309461	58.0	0.9988532110091743	1	elliptic_envelope	58
m.3054G>A	3054	G	A	unlabeled	0	0	0	unlabeled_or_other	not_neutral_reference	0	pos3	0.98914	4.7276408000449885	6.0	4.7276408000449885	1	0	0	1	1.77223e-05	0.0	1.77223e-05	0.19834030936838776	24.0	0.9995372605826492	1	362.5851457452916	59.0	0.9988330919040721	1	elliptic_envelope	59
m.5359T>C	5359	T	C	unlabeled	0	0	0	unlabeled_or_other	not_neutral_reference	1	pos1	0.98714	4.727654718252935	6.0	4.727654718252935	1	1	0	0	1.77217e-05	0.0	1.77217e-05	0.195342526383389	57.0	0.9988733301142765	1	362.1283882357591	60.0	0.9988129727989699	1	elliptic_envelope	60
m.7188C>T	7188	C	T	unlabeled	0	0	0	unlabeled_or_other	not_neutral_reference	0	pos3	0.96898	4.669384671494912	6.0	4.669384671494912	1	0	0	1	2.0409934e-05	0.0	2.0409934e-05	0.19757073557651395	30.0	0.9994165459520361	1	361.32040825257025	61.0	0.9987928536938677	1	elliptic_envelope	61
m.10288G>C	10288	G	C	unlabeled	0	0	0	unlabeled_or_other	not_neutral_reference	1	pos1	0.98527	4.72769879552101	6.0	4.72769879552101	1	1	0	0	1.77198e-05	0.0	1.77198e-05	0.19449621520254867	76.0	0.9984810075647835	1	360.6530434873298	62.0	0.9987727345887655	1	elliptic_envelope	62
m.3062T>C	3062	T	C	unlabeled	0	0	0	unlabeled_or_other	not_neutral_reference	2	pos2	0.98171	4.72766167752418	6.0	4.72766167752418	1	0	1	0	1.77214e-05	0.0	1.77214e-05	0.1935161882751164	93.0	0.9981490423305971	1	360.4501033537015	63.0	0.9987526154836633	1	elliptic_envelope	63
m.6193T>C	6193	T	C	unlabeled	0	0	0	unlabeled_or_other	not_neutral_reference	1	pos1	0.98473	4.727691835654954	6.0	4.727691835654954	1	1	0	0	1.77201e-05	0.0	1.77201e-05	0.19449621520254867	76.0	0.9984810075647835	1	360.23230784496445	64.0	0.9987324963785611	1	elliptic_envelope	64
m.5358A>G	5358	A	G	unlabeled	0	0	0	unlabeled_or_other	not_neutral_reference	0	pos3	0.98576	4.727675596401231	6.0	4.727675596401231	1	0	0	1	1.77208e-05	0.0	1.77208e-05	0.19749034954366096	31.0	0.9993863672943828	1	359.9266072452655	65.0	0.9987123772734589	1	elliptic_envelope	65
m.7221T>C	7221	T	C	unlabeled	0	0	0	unlabeled_or_other	not_neutral_reference	0	pos3	0.98552	4.727691835654954	6.0	4.727691835654954	1	0	0	1	1.77201e-05	0.0	1.77201e-05	0.1976791400592829	27.0	0.9994668437147916	1	359.73485096091224	66.0	0.9986922581683567	1	elliptic_envelope	66
m.10290G>A	10290	G	A	unlabeled	0	0	0	unlabeled_or_other	not_neutral_reference	0	pos3	0.9834	4.727494685785422	6.0	4.727494685785422	1	0	0	1	1.77286e-05	0.0	1.77286e-05	0.19758473841481794	29.0	0.9994366650571382	1	358.131409899328	67.0	0.9986721390632545	1	elliptic_envelope	67
m.8193A>G	8193	A	G	unlabeled	0	0	0	unlabeled_or_other	not_neutral_reference	0	pos3	0.98325	4.72769879552101	6.0	4.72769879552101	1	0	0	1	1.77198e-05	0.0	1.77198e-05	0.1976791400592829	27.0	0.9994668437147916	1	357.9589634556713	68.0	0.9986520199581522	1	elliptic_envelope	68
m.2992G>A	2992	G	A	unlabeled	0	0	0	unlabeled_or_other	not_neutral_reference	1	pos1	0.87561	4.438313190798937	6.0	4.438313190798937	1	1	0	0	3.54491e-05	0.0	3.54491e-05	0.19052483377585927	138.0	0.9972436826009979	1	357.841230891686	69.0	0.9986319008530501	1	elliptic_envelope	69
m.2678A>G	2678	A	G	unlabeled	0	0	0	unlabeled_or_other	not_neutral_reference	2	pos2	0.87163	4.438410905568222	6.0	4.438410905568222	1	0	1	0	3.54409e-05	0.0	3.54409e-05	0.18496112586723323	250.0	0.9949903428295509	1	357.4123341409894	70.0	0.9986117817479478	1	elliptic_envelope	70
m.4296G>A	4296	G	A	unlabeled	0	0	0	unlabeled_or_other	not_neutral_reference	0	pos3	0.8015	4.283789280158283	6.0	4.283789280158283	1	0	0	1	5.1024836e-05	0.0	5.1024836e-05	0.19014560484626164	146.0	0.9970827297601803	1	355.3645676660889	71.0	0.9985916626428456	1	elliptic_envelope	71
m.5353G>A	5353	G	A	unlabeled	0	0	0	unlabeled_or_other	not_neutral_reference	1	pos1	0.97809	4.727684875900433	6.0	4.727684875900433	1	1	0	0	1.77204e-05	0.0	1.77204e-05	0.19374480337577638	87.0	0.9982496378561082	1	355.05895482713106	72.0	0.9985715435377435	1	elliptic_envelope	72
m.3065T>C	3065	T	C	unlabeled	0	0	0	unlabeled_or_other	not_neutral_reference	2	pos2	0.97459	4.727654718252935	6.0	4.727654718252935	1	0	1	0	1.77217e-05	0.0	1.77217e-05	0.19295334851711987	106.0	0.9978874939642685	1	354.91231493495536	73.0	0.9985514244326412	1	elliptic_envelope	73
m.2991T>C	2991	T	C	unlabeled	0	0	0	unlabeled_or_other	not_neutral_reference	0	pos3	0.87293	4.43839660447254	6.0	4.43839660447254	1	0	0	1	3.54421e-05	0.0	3.54421e-05	0.19630708789631957	45.0	0.999114759375503	1	354.6436371563989	74.0	0.998531305327539	1	elliptic_envelope	74
m.2924T>C	2924	T	C	unlabeled	0	0	0	unlabeled_or_other	not_neutral_reference	2	pos2	0.89314	4.50010818755049	6.0	4.50010818755049	1	0	1	0	3.06149e-05	0.0	3.06149e-05	0.187861966168561	200.0	0.9959962980846612	1	354.5219591428553	75.0	0.9985111862224368	1	elliptic_envelope	75
m.6535C>T	6535	C	T	unlabeled	0	0	0	unlabeled_or_other	not_neutral_reference	1	pos1	0.97737	4.72769879552101	6.0	4.72769879552101	1	1	0	0	1.77198e-05	0.0	1.77198e-05	0.19374480337577638	87.0	0.9982496378561082	1	354.5024701034562	76.0	0.9984910671173346	1	elliptic_envelope	76
m.6204A>G	6204	A	G	unlabeled	0	0	0	unlabeled_or_other	not_neutral_reference	0	pos3	0.97866	4.727654718252935	6.0	4.727654718252935	1	0	0	1	1.77217e-05	0.0	1.77217e-05	0.19739597344408344	33.0	0.9993461290841783	1	354.3948381901007	77.0	0.9984709480122325	1	elliptic_envelope	77
m.6181C>T	6181	C	T	unlabeled	0	0	0	unlabeled_or_other	not_neutral_reference	1	pos1	0.97722	4.72769879552101	6.0	4.72769879552101	1	1	0	0	1.77198e-05	0.0	1.77198e-05	0.19374480337577638	87.0	0.9982496378561082	1	354.386061402755	78.0	0.9984508289071302	1	elliptic_envelope	78
m.6645C>A	6645	C	A	unlabeled	0	0	0	unlabeled_or_other	not_neutral_reference	0	pos3	0.97815	4.72769879552101	6.0	4.72769879552101	1	0	0	1	1.77198e-05	0.0	1.77198e-05	0.19749034954366096	31.0	0.9993863672943828	1	353.98801331931213	79.0	0.998430709802028	1	elliptic_envelope	79
m.6183T>C	6183	T	C	unlabeled	0	0	0	unlabeled_or_other	not_neutral_reference	0	pos3	0.97803	4.72766167752418	6.0	4.72766167752418	1	0	0	1	1.77214e-05	0.0	1.77214e-05	0.19739597344408344	33.0	0.9993461290841783	1	353.9038192070228	80.0	0.9984105906969258	1	elliptic_envelope	80
m.11423G>A	11423	G	A	unlabeled	0	0	0	unlabeled_or_other	not_neutral_reference	2	pos2	0.97317	4.72769879552101	6.0	4.72769879552101	1	0	1	0	1.77198e-05	0.0	1.77198e-05	0.19248466433506084	111.0	0.9977868984387575	1	353.80172104338146	81.0	0.9983904715918236	1	elliptic_envelope	81
m.7224T>C	7224	T	C	unlabeled	0	0	0	unlabeled_or_other	not_neutral_reference	0	pos3	0.97773	4.727675596401231	6.0	4.727675596401231	1	0	0	1	1.77208e-05	0.0	1.77208e-05	0.19730161011435754	35.0	0.999315950426525	1	353.67345027823444	82.0	0.9983703524867213	1	elliptic_envelope	82
m.6178T>C	6178	T	C	unlabeled	0	0	0	unlabeled_or_other	not_neutral_reference	1	pos1	0.97335	4.727691835654954	6.0	4.727691835654954	1	1	0	0	1.77201e-05	0.0	1.77201e-05	0.19355707748342965	91.0	0.9981792209882504	1	351.39067214051533	83.0	0.9983502333816192	1	elliptic_envelope	83
m.5343T>C	5343	T	C	unlabeled	0	0	0	unlabeled_or_other	not_neutral_reference	0	pos3	0.8681	4.438365620380676	6.0	4.438365620380676	1	0	0	1	3.54447e-05	0.0	3.54447e-05	0.19585566344416871	47.0	0.9990745211652986	1	351.325433164458	84.0	0.998330114276517	1	elliptic_envelope	84
m.3037T>C	3037	T	C	unlabeled	0	0	0	unlabeled_or_other	not_neutral_reference	1	pos1	0.97266	4.727654718252935	6.0	4.727654718252935	1	1	0	0	1.77217e-05	0.0	1.77217e-05	0.19355707748342965	91.0	0.9981792209882504	1	350.86657766146254	85.0	0.9983099951714147	1	elliptic_envelope	85
m.1139A>T	1139	A	T	unlabeled	0	0	0	unlabeled_or_other	not_neutral_reference	2	pos2	0.86061	4.438426398953326	6.0	4.438426398953326	1	0	1	0	3.54396e-05	0.0	3.54396e-05	0.1842200305529761	261.0	0.9947690326734266	1	349.7916155803209	86.0	0.9982898760663126	1	elliptic_envelope	86
m.11762G>A	11762	G	A	unlabeled	0	0	0	unlabeled_or_other	not_neutral_reference	2	pos2	0.96684	4.727684875900433	6.0	4.727684875900433	1	0	1	0	1.77204e-05	0.0	1.77204e-05	0.1922036059986162	116.0	0.9976762433606953	1	348.90097180494035	87.0	0.9982697569612103	1	elliptic_envelope	87
m.6717G>A	6717	G	A	unlabeled	0	0	0	unlabeled_or_other	not_neutral_reference	0	pos3	0.88819	4.50010818755049	6.0	4.50010818755049	1	0	0	1	3.06149e-05	0.0	3.06149e-05	0.19648428357269476	41.0	0.9991952357959119	1	347.3371578632066	88.0	0.9982496378561082	1	elliptic_envelope	88
m.11759T>C	11759	T	C	unlabeled	0	0	0	unlabeled_or_other	not_neutral_reference	2	pos2	0.96385	4.727675596401231	6.0	4.727675596401231	1	0	1	0	1.77208e-05	0.0	1.77208e-05	0.1922036059986162	116.0	0.9976762433606953	1	346.6078032309307	89.0	0.998229518751006	1	elliptic_envelope	89
m.5350T>C	5350	T	C	unlabeled	0	0	0	unlabeled_or_other	not_neutral_reference	1	pos1	0.96548	4.72769879552101	6.0	4.72769879552101	1	1	0	0	1.77198e-05	0.0	1.77198e-05	0.19253939428699673	109.0	0.9978170770964108	1	345.342515346112	90.0	0.9982093996459037	1	elliptic_envelope	90
m.2540C>A	2540	C	A	unlabeled	0	0	0	unlabeled_or_other	not_neutral_reference	2	pos2	0.82682	4.378617321551116	6.0	4.378617321551116	1	0	1	0	4.081987e-05	0.0	4.081987e-05	0.18198595660815586	329.0	0.9934009335264767	1	345.2538186175967	91.0	0.9981892805408016	1	elliptic_envelope	91
m.7236G>A	7236	G	A	unlabeled	0	0	0	unlabeled_or_other	not_neutral_reference	0	pos3	0.85672	4.438276255575704	6.0	4.438276255575704	1	0	0	1	3.54522e-05	0.0	3.54522e-05	0.1951968465291718	67.0	0.9986721390632545	1	343.5650438441635	92.0	0.9981691614356993	1	elliptic_envelope	92
m.13216A>G	13216	A	G	unlabeled	0	0	0	unlabeled_or_other	not_neutral_reference	1	pos1	0.85446	4.438381112150293	6.0	4.438381112150293	1	1	0	0	3.54434e-05	0.0	3.54434e-05	0.18802036964405267	197.0	0.9960566553999678	1	343.29580423858204	93.0	0.9981490423305971	1	elliptic_envelope	93
m.13093G>A	13093	G	A	unlabeled	0	0	0	unlabeled_or_other	not_neutral_reference	1	pos1	0.94291	4.669384671494912	6.0	4.669384671494912	1	1	0	0	2.0409934e-05	0.0	2.0409934e-05	0.19191433466495766	119.0	0.9976259455979398	1	342.72207871565774	94.0	0.998128923225495	1	elliptic_envelope	94
m.3069A>G	3069	A	G	unlabeled	0	0	0	unlabeled_or_other	not_neutral_reference	0	pos3	0.96303	4.727691835654954	6.0	4.727691835654954	1	0	0	1	1.77201e-05	0.0	1.77201e-05	0.19645291450511992	42.0	0.9991751166908096	1	342.34651187504437	95.0	0.9981088041203927	1	elliptic_envelope	95
m.1573A>G	1573	A	G	unlabeled	0	0	0	unlabeled_or_other	not_neutral_reference	1	pos1	0.96119	4.727566577134939	6.0	4.727566577134939	1	1	0	0	1.77255e-05	0.0	1.77255e-05	0.19253939428699673	109.0	0.9978170770964108	1	342.0994401609422	96.0	0.9980886850152905	1	elliptic_envelope	96
m.9405T>C	9405	T	C	unlabeled	0	0	0	unlabeled_or_other	not_neutral_reference	0	pos3	0.85298	4.4351282566786	6.0	4.4351282566786	1	0	0	1	3.5717385e-05	0.0	3.5717385e-05	0.19434516464401608	78.0	0.9984508289071302	1	341.9569231719411	97.0	0.9980685659101883	1	elliptic_envelope	97
m.1576G>A	1576	G	A	unlabeled	0	0	0	unlabeled_or_other	not_neutral_reference	1	pos1	0.95962	4.727684875900433	6.0	4.727684875900433	1	1	0	0	1.77204e-05	0.0	1.77204e-05	0.19169649483770523	122.0	0.9975555287300821	1	340.8737145927178	98.0	0.9980484468050861	1	elliptic_envelope	98
m.2682A>G	2682	A	G	unlabeled	0	0	0	unlabeled_or_other	not_neutral_reference	0	pos3	0.85228	4.438328680698412	6.0	4.438328680698412	1	0	0	1	3.54478e-05	0.0	3.54478e-05	0.19462709252650912	73.0	0.9985413648800902	1	340.5373178933741	99.0	0.998028327699984	1	elliptic_envelope	99
m.6876G>A	6876	G	A	unlabeled	0	0	0	unlabeled_or_other	not_neutral_reference	0	pos3	0.85171	4.438358470519538	6.0	4.438358470519538	1	0	0	1	3.54453e-05	0.0	3.54453e-05	0.19462709252650912	73.0	0.9985413648800902	1	340.14292241281356	100.0	0.9980082085948817	1	elliptic_envelope	100
