variant_id	target_order	analysis_group	saved_above_T95	reconstructed_above_T95	observed_outlier_score	feature	observed_feature_value	neutral_train_median	mean_observed_minus_counterfactual_score	sd_observed_minus_counterfactual_score	fraction_replacements_lowering_score	fraction_replacements_inside_T95
m.8517G>A	1	unlabeled_or_other	1	1	0.2218713810394607	mlc_score	1.0	0.0	0.03447717061839703	0.005344895560483568	1.0	0.0
m.8517G>A	1	unlabeled_or_other	1	1	0.2218713810394607	rarity_soft	4.95058941817747	4.047689082125635	0.006132972505287051	0.003619739356754948	0.965	0.0
m.8517G>A	1	unlabeled_or_other	1	1	0.2218713810394607	hom_rarity_soft	6.0	4.047689082125635	0.010967123603040778	0.008230647901188489	0.69	0.0
m.8517G>A	1	unlabeled_or_other	1	1	0.2218713810394607	het_rarity_soft	4.95058941817747	5.214493379045403	0.0031078909177823587	0.0037913640353544127	0.84	0.0
m.8517G>A	1	unlabeled_or_other	1	1	0.2218713810394607	no_homoplasmic_signal	1.0	0.0	0.026616518513705962	0.017053343209716892	0.71	0.0
m.8517G>A	1	unlabeled_or_other	1	1	0.2218713810394607	codon_pos1_any	0.0	0.0	-0.0007727325171100307	0.0016534395486147086	0.0	0.0
m.8517G>A	1	unlabeled_or_other	1	1	0.2218713810394607	codon_pos2_any	1.0	0.0	0.03034137236741846	0.00956586480373398	0.91	0.0
m.8517G>A	1	unlabeled_or_other	1	1	0.2218713810394607	codon_pos3_any	0.0	1.0	0.005313653077675011	0.003612365178123308	0.685	0.0
m.8517G>A	1	unlabeled_or_other	1	1	0.2218713810394607	phyloP100way	7.51165	-8.10937	0.017638012878728196	0.005280498137504579	1.0	0.0
m.6589T>C	2	unlabeled_or_other	1	1	0.2212855289421659	mlc_score	0.98787	0.0	0.034637328747633304	0.004304584002318145	0.995	0.0
m.6589T>C	2	unlabeled_or_other	1	1	0.2212855289421659	rarity_soft	4.95058941817747	4.047689082125635	0.006030867718454802	0.0036596778718426537	0.97	0.0
m.6589T>C	2	unlabeled_or_other	1	1	0.2212855289421659	hom_rarity_soft	6.0	4.047689082125635	0.010076505925158918	0.008005944335462018	0.665	0.0
m.6589T>C	2	unlabeled_or_other	1	1	0.2212855289421659	het_rarity_soft	4.95058941817747	5.214493379045403	0.0032760533930241646	0.004017397734785441	0.87	0.0
m.6589T>C	2	unlabeled_or_other	1	1	0.2212855289421659	no_homoplasmic_signal	1.0	0.0	0.026754096556837092	0.016518708651569763	0.725	0.0
m.6589T>C	2	unlabeled_or_other	1	1	0.2212855289421659	codon_pos1_any	0.0	0.0	-0.0006791475659567159	0.0015044134019958082	0.0	0.0
m.6589T>C	2	unlabeled_or_other	1	1	0.2212855289421659	codon_pos2_any	1.0	0.0	0.030401458154478922	0.009584808327734352	0.91	0.0
m.6589T>C	2	unlabeled_or_other	1	1	0.2212855289421659	codon_pos3_any	0.0	1.0	0.005939989558599089	0.003621550897816452	0.73	0.0
m.6589T>C	2	unlabeled_or_other	1	1	0.2212855289421659	phyloP100way	7.53117	-8.10937	0.01784533964208741	0.005365242902822925	0.985	0.0
m.8852G>A	3	unlabeled_or_other	1	1	0.2207754066537193	mlc_score	1.0	0.0	0.033239853107873196	0.0070058489657283006	1.0	0.0
m.8852G>A	3	unlabeled_or_other	1	1	0.2207754066537193	rarity_soft	5.214493379045403	4.047689082125635	0.004483630065954824	0.00311380154574188	0.925	0.0
m.8852G>A	3	unlabeled_or_other	1	1	0.2207754066537193	hom_rarity_soft	6.0	4.047689082125635	0.009035556438773346	0.006849924321234179	0.69	0.0
m.8852G>A	3	unlabeled_or_other	1	1	0.2207754066537193	het_rarity_soft	5.214493379045403	5.214493379045403	0.0033629353380488993	0.005107793091351551	0.685	0.0
m.8852G>A	3	unlabeled_or_other	1	1	0.2207754066537193	no_homoplasmic_signal	1.0	0.0	0.02407868074089942	0.014122549379636515	0.745	0.0
m.8852G>A	3	unlabeled_or_other	1	1	0.2207754066537193	codon_pos1_any	0.0	0.0	-0.0006887241163589053	0.0017477323284549112	0.0	0.0
m.8852G>A	3	unlabeled_or_other	1	1	0.2207754066537193	codon_pos2_any	1.0	0.0	0.03191054900604402	0.009109247477863793	0.925	0.0
m.8852G>A	3	unlabeled_or_other	1	1	0.2207754066537193	codon_pos3_any	0.0	1.0	0.006554646272880915	0.004301791197538327	0.7	0.0
m.8852G>A	3	unlabeled_or_other	1	1	0.2207754066537193	phyloP100way	9.37685	-8.10937	0.019390884290288356	0.0057471161888742375	1.0	0.0
m.15150G>A	4	unlabeled_or_other	1	1	0.2207754066537193	mlc_score	1.0	0.0	0.033821126367954084	0.0053394231761743505	1.0	0.0
m.15150G>A	4	unlabeled_or_other	1	1	0.2207754066537193	rarity_soft	5.214493379045403	4.047689082125635	0.0043154477456148616	0.0032050440816118954	0.915	0.0
m.15150G>A	4	unlabeled_or_other	1	1	0.2207754066537193	hom_rarity_soft	6.0	4.047689082125635	0.009783902698807608	0.006963521974549141	0.725	0.0
m.15150G>A	4	unlabeled_or_other	1	1	0.2207754066537193	het_rarity_soft	5.214493379045403	5.214493379045403	0.003158539534804547	0.005262393412677111	0.655	0.0
m.15150G>A	4	unlabeled_or_other	1	1	0.2207754066537193	no_homoplasmic_signal	1.0	0.0	0.0221394581308941	0.015051002849729541	0.685	0.0
m.15150G>A	4	unlabeled_or_other	1	1	0.2207754066537193	codon_pos1_any	0.0	0.0	-0.0011223652266589567	0.002118647102267955	0.0	0.0
m.15150G>A	4	unlabeled_or_other	1	1	0.2207754066537193	codon_pos2_any	1.0	0.0	0.03225552791421747	0.008525963846580522	0.935	0.0
m.15150G>A	4	unlabeled_or_other	1	1	0.2207754066537193	codon_pos3_any	0.0	1.0	0.00618009505728772	0.004446835924147036	0.66	0.0
m.15150G>A	4	unlabeled_or_other	1	1	0.2207754066537193	phyloP100way	9.0425	-8.10937	0.01929861862982582	0.00563377881678623	0.995	0.0
m.6781T>C	5	unlabeled_or_other	1	1	0.22009299641440772	mlc_score	0.99855	0.0	0.03298414055244944	0.007187367789150763	0.995	0.0
m.6781T>C	5	unlabeled_or_other	1	1	0.22009299641440772	rarity_soft	5.214493379045403	4.047689082125635	0.0044359497698567615	0.0028799269089119666	0.94	0.0
m.6781T>C	5	unlabeled_or_other	1	1	0.22009299641440772	hom_rarity_soft	6.0	4.047689082125635	0.008879969706083924	0.007191135653132824	0.67	0.0
m.6781T>C	5	unlabeled_or_other	1	1	0.22009299641440772	het_rarity_soft	5.214493379045403	5.214493379045403	0.003858494828375463	0.005322398175860432	0.715	0.0
m.6781T>C	5	unlabeled_or_other	1	1	0.22009299641440772	no_homoplasmic_signal	1.0	0.0	0.022829903712953997	0.01480501967716359	0.705	0.0
m.6781T>C	5	unlabeled_or_other	1	1	0.22009299641440772	codon_pos1_any	0.0	0.0	-0.0007180719989116824	0.0016494384081625969	0.0	0.0
m.6781T>C	5	unlabeled_or_other	1	1	0.22009299641440772	codon_pos2_any	1.0	0.0	0.03135261405812021	0.010477096918038711	0.9	0.0
m.6781T>C	5	unlabeled_or_other	1	1	0.22009299641440772	codon_pos3_any	0.0	1.0	0.006249645032864468	0.004347440077897997	0.675	0.0
m.6781T>C	5	unlabeled_or_other	1	1	0.22009299641440772	phyloP100way	7.53117	-8.10937	0.01870725246971197	0.005374949869227162	0.995	0.0
m.6205G>C	6	unlabeled_or_other	1	1	0.21999556199344528	mlc_score	0.97701	0.0	0.032628599888996315	0.006915015465404822	0.99	0.0
m.6205G>C	6	unlabeled_or_other	1	1	0.21999556199344528	rarity_soft	5.214493379045403	4.047689082125635	0.004303737662081022	0.0030981151806472717	0.89	0.0
m.6205G>C	6	unlabeled_or_other	1	1	0.21999556199344528	hom_rarity_soft	6.0	4.047689082125635	0.00891775150485162	0.006815779565717019	0.69	0.0
m.6205G>C	6	unlabeled_or_other	1	1	0.21999556199344528	het_rarity_soft	5.214493379045403	5.214493379045403	0.0033028493645751267	0.0054096184249636785	0.565	0.0
m.6205G>C	6	unlabeled_or_other	1	1	0.21999556199344528	no_homoplasmic_signal	1.0	0.0	0.024094368411439335	0.013759845976522703	0.755	0.0
m.6205G>C	6	unlabeled_or_other	1	1	0.21999556199344528	codon_pos1_any	0.0	0.0	-0.000738940353347281	0.0017988580739509536	0.0	0.0
m.6205G>C	6	unlabeled_or_other	1	1	0.21999556199344528	codon_pos2_any	1.0	0.0	0.03244505025945398	0.010229101062863288	0.91	0.0
m.6205G>C	6	unlabeled_or_other	1	1	0.21999556199344528	codon_pos3_any	0.0	1.0	0.006987289719022793	0.004585733563121965	0.7	0.0
m.6205G>C	6	unlabeled_or_other	1	1	0.21999556199344528	phyloP100way	9.39769	-8.10937	0.019004199335614574	0.0057821536369225225	1.0	0.0
m.15240G>A	7	unlabeled_or_other	1	1	0.2198981407561501	mlc_score	1.0	0.0	0.03425257482730879	0.005439720112894533	0.99	0.0
m.15240G>A	7	unlabeled_or_other	1	1	0.2198981407561501	rarity_soft	5.214493379045403	4.047689082125635	0.004324124259735993	0.0030391953040292056	0.89	0.0
m.15240G>A	7	unlabeled_or_other	1	1	0.2198981407561501	hom_rarity_soft	6.0	4.047689082125635	0.009831128291083348	0.00709262168342218	0.72	0.0
m.15240G>A	7	unlabeled_or_other	1	1	0.2198981407561501	het_rarity_soft	5.214493379045403	5.214493379045403	0.003477292405696953	0.004987421276104827	0.68	0.0
m.15240G>A	7	unlabeled_or_other	1	1	0.2198981407561501	no_homoplasmic_signal	1.0	0.0	0.024025659177540723	0.014276921964184413	0.74	0.0
m.15240G>A	7	unlabeled_or_other	1	1	0.2198981407561501	codon_pos1_any	0.0	0.0	-0.0009599751585484029	0.0018952001770877944	0.0	0.0
m.15240G>A	7	unlabeled_or_other	1	1	0.2198981407561501	codon_pos2_any	1.0	0.0	0.032911458691884506	0.008335800063603445	0.94	0.0
m.15240G>A	7	unlabeled_or_other	1	1	0.2198981407561501	codon_pos3_any	0.0	1.0	0.005845239750534026	0.004539065124644354	0.625	0.0
m.15240G>A	7	unlabeled_or_other	1	1	0.2198981407561501	phyloP100way	7.19854	-8.10937	0.018278793145020993	0.006331536347521896	0.985	0.0
m.6211G>A	8	unlabeled_or_other	1	1	0.21976276025809616	mlc_score	1.0	0.0	0.032128637361154386	0.005460877850362372	0.99	0.0
m.6211G>A	8	unlabeled_or_other	1	1	0.21976276025809616	rarity_soft	4.727684875900433	4.047689082125635	0.003715917402905104	0.003543989047151552	0.865	0.0
m.6211G>A	8	unlabeled_or_other	1	1	0.21976276025809616	hom_rarity_soft	6.0	4.047689082125635	0.011690718500712344	0.008019676298767108	0.745	0.0
m.6211G>A	8	unlabeled_or_other	1	1	0.21976276025809616	het_rarity_soft	4.727684875900433	5.214493379045403	0.00209553432927338	0.003995954609615711	0.52	0.0
m.6211G>A	8	unlabeled_or_other	1	1	0.21976276025809616	no_homoplasmic_signal	1.0	0.0	0.027536375171139903	0.01742868572810381	0.715	0.0
m.6211G>A	8	unlabeled_or_other	1	1	0.21976276025809616	codon_pos1_any	0.0	0.0	-0.0007863378984572661	0.0019142414825309973	0.0	0.0
m.6211G>A	8	unlabeled_or_other	1	1	0.21976276025809616	codon_pos2_any	1.0	0.0	0.029982420779123692	0.0061354939699501225	0.96	0.0
m.6211G>A	8	unlabeled_or_other	1	1	0.21976276025809616	codon_pos3_any	0.0	1.0	0.0030552121881635445	0.0021252970118235317	0.675	0.0
m.6211G>A	8	unlabeled_or_other	1	1	0.21976276025809616	phyloP100way	9.39769	-8.10937	0.01765596503941647	0.004776288947570462	1.0	0.0
m.6610G>A	9	unlabeled_or_other	1	1	0.21976276025809616	mlc_score	1.0	0.0	0.032371540086659184	0.004665134652477145	1.0	0.0
m.6610G>A	9	unlabeled_or_other	1	1	0.21976276025809616	rarity_soft	4.727691835654954	4.047689082125635	0.004207851684592916	0.0037934651738949325	0.86	0.0
m.6610G>A	9	unlabeled_or_other	1	1	0.21976276025809616	hom_rarity_soft	6.0	4.047689082125635	0.011485703938512759	0.008125741706291512	0.735	0.0
m.6610G>A	9	unlabeled_or_other	1	1	0.21976276025809616	het_rarity_soft	4.727691835654954	5.214493379045403	0.0022476792881502543	0.003916746745035812	0.53	0.0
m.6610G>A	9	unlabeled_or_other	1	1	0.21976276025809616	no_homoplasmic_signal	1.0	0.0	0.02792149929940759	0.01723949493349852	0.725	0.0
m.6610G>A	9	unlabeled_or_other	1	1	0.21976276025809616	codon_pos1_any	0.0	0.0	-0.0007049925986168593	0.0018283568674412132	0.0	0.0
m.6610G>A	9	unlabeled_or_other	1	1	0.21976276025809616	codon_pos2_any	1.0	0.0	0.028576994805102274	0.008731803047841234	0.915	0.0
m.6610G>A	9	unlabeled_or_other	1	1	0.21976276025809616	codon_pos3_any	0.0	1.0	0.0030099497853759366	0.0021417032260971024	0.665	0.0
m.6610G>A	9	unlabeled_or_other	1	1	0.21976276025809616	phyloP100way	9.39769	-8.10937	0.017212280552823374	0.005247412443269802	1.0	0.0
m.9307G>A	10	unlabeled_or_other	1	1	0.21976276025809616	mlc_score	1.0	0.0	0.0316010563523378	0.0060171482637546795	0.995	0.0
m.9307G>A	10	unlabeled_or_other	1	1	0.21976276025809616	rarity_soft	4.727691835654954	4.047689082125635	0.0046881111957998555	0.0036583189302257495	0.905	0.0
m.9307G>A	10	unlabeled_or_other	1	1	0.21976276025809616	hom_rarity_soft	6.0	4.047689082125635	0.010116002827955132	0.008374570078122088	0.65	0.0
m.9307G>A	10	unlabeled_or_other	1	1	0.21976276025809616	het_rarity_soft	4.727691835654954	5.214493379045403	0.002134472094633871	0.004209452666018664	0.54	0.0
m.9307G>A	10	unlabeled_or_other	1	1	0.21976276025809616	no_homoplasmic_signal	1.0	0.0	0.0254181924656676	0.018289448679260342	0.66	0.0
m.9307G>A	10	unlabeled_or_other	1	1	0.21976276025809616	codon_pos1_any	0.0	0.0	-0.000976143598084882	0.0020886844987924656	0.0	0.0
m.9307G>A	10	unlabeled_or_other	1	1	0.21976276025809616	codon_pos2_any	1.0	0.0	0.029045470129776076	0.00798866879036668	0.93	0.0
m.9307G>A	10	unlabeled_or_other	1	1	0.21976276025809616	codon_pos3_any	0.0	1.0	0.003100474590951153	0.0021077865423816166	0.685	0.0
m.9307G>A	10	unlabeled_or_other	1	1	0.21976276025809616	phyloP100way	9.39769	-8.10937	0.017381894985122496	0.005179927320459391	1.0	0.0
m.6778T>C	11	unlabeled_or_other	1	1	0.21970333782542606	mlc_score	0.99526	0.0	0.03335718873067562	0.005496632644038675	0.995	0.0
m.6778T>C	11	unlabeled_or_other	1	1	0.21970333782542606	rarity_soft	5.214493379045403	4.047689082125635	0.004110014324027103	0.003222369722039613	0.905	0.0
m.6778T>C	11	unlabeled_or_other	1	1	0.21970333782542606	hom_rarity_soft	6.0	4.047689082125635	0.010094765799810897	0.006951357199389166	0.74	0.0
m.6778T>C	11	unlabeled_or_other	1	1	0.21970333782542606	het_rarity_soft	5.214493379045403	5.214493379045403	0.0034936915572575467	0.004884035197717516	0.52	0.0
m.6778T>C	11	unlabeled_or_other	1	1	0.21970333782542606	no_homoplasmic_signal	1.0	0.0	0.021851580970217645	0.014855296164403441	0.685	0.0
m.6778T>C	11	unlabeled_or_other	1	1	0.21970333782542606	codon_pos1_any	0.0	0.0	-0.0007897559107760465	0.0016898650279568962	0.0	0.0
m.6778T>C	11	unlabeled_or_other	1	1	0.21970333782542606	codon_pos2_any	1.0	0.0	0.03159360229925914	0.0102618371798167	0.905	0.0
m.6778T>C	11	unlabeled_or_other	1	1	0.21970333782542606	codon_pos3_any	0.0	1.0	0.005762041365423061	0.004618832546189999	0.61	0.0
m.6778T>C	11	unlabeled_or_other	1	1	0.21970333782542606	phyloP100way	7.53117	-8.10937	0.018545334064509655	0.005268044247913925	1.0	0.0
m.10983T>C	12	unlabeled_or_other	1	1	0.21970333782542606	mlc_score	0.99547	0.0	0.03322986315724938	0.005968718358864643	1.0	0.0
m.10983T>C	12	unlabeled_or_other	1	1	0.21970333782542606	rarity_soft	5.214493379045403	4.047689082125635	0.004809127165997964	0.0031526080338418346	0.925	0.0
m.10983T>C	12	unlabeled_or_other	1	1	0.21970333782542606	hom_rarity_soft	6.0	4.047689082125635	0.00896611960153627	0.006794149519859276	0.71	0.0
m.10983T>C	12	unlabeled_or_other	1	1	0.21970333782542606	het_rarity_soft	5.214493379045403	5.214493379045403	0.0034921769650611374	0.004714844125421963	0.53	0.0
m.10983T>C	12	unlabeled_or_other	1	1	0.21970333782542606	no_homoplasmic_signal	1.0	0.0	0.022649083925335076	0.014511387030784223	0.71	0.0
m.10983T>C	12	unlabeled_or_other	1	1	0.21970333782542606	codon_pos1_any	0.0	0.0	-0.0006581299256467055	0.001570593992291758	0.0	0.0
m.10983T>C	12	unlabeled_or_other	1	1	0.21970333782542606	codon_pos2_any	1.0	0.0	0.031419052010312955	0.0104992984755506	0.9	0.0
m.10983T>C	12	unlabeled_or_other	1	1	0.21970333782542606	codon_pos3_any	0.0	1.0	0.006328799532513854	0.004452760820068047	0.67	0.0
m.10983T>C	12	unlabeled_or_other	1	1	0.21970333782542606	phyloP100way	7.53117	-8.10937	0.018859781950709566	0.00569610421745529	1.0	0.0
m.9982G>A	13	unlabeled_or_other	1	1	0.21927594332981382	mlc_score	1.0	0.0	0.03283706522149224	0.0039642288890520275	1.0	0.0
m.9982G>A	13	unlabeled_or_other	1	1	0.21927594332981382	rarity_soft	4.727654718252935	4.047689082125635	0.004937142998030195	0.003619855117616666	0.935	0.0
m.9982G>A	13	unlabeled_or_other	1	1	0.21927594332981382	hom_rarity_soft	6.0	4.047689082125635	0.01159682863752729	0.008746385161746187	0.675	0.0
m.9982G>A	13	unlabeled_or_other	1	1	0.21927594332981382	het_rarity_soft	4.727654718252935	5.214493379045403	0.0022524073622322556	0.004204585683380665	0.56	0.0
m.9982G>A	13	unlabeled_or_other	1	1	0.21927594332981382	no_homoplasmic_signal	1.0	0.0	0.02921011634512763	0.016906788472312983	0.75	0.0
m.9982G>A	13	unlabeled_or_other	1	1	0.21927594332981382	codon_pos1_any	0.0	0.0	-0.0008835975657460549	0.0018906609051838072	0.0	0.0
m.9982G>A	13	unlabeled_or_other	1	1	0.21927594332981382	codon_pos2_any	1.0	0.0	0.02882262720890376	0.009361803845940698	0.905	0.0
m.9982G>A	13	unlabeled_or_other	1	1	0.21927594332981382	codon_pos3_any	0.0	1.0	0.003166225245597587	0.002077982445412548	0.7	0.0
m.9982G>A	13	unlabeled_or_other	1	1	0.21927594332981382	phyloP100way	7.53117	-8.10937	0.01612918029553001	0.0057977612376725945	0.99	0.0
m.10288G>C	14	unlabeled_or_other	1	1	0.21917861946275852	mlc_score	0.98527	0.0	0.03159480942155078	0.005181501811051415	1.0	0.0
m.10288G>C	14	unlabeled_or_other	1	1	0.21917861946275852	rarity_soft	4.72769879552101	4.047689082125635	0.004206071556938489	0.003691643171166343	0.865	0.0
m.10288G>C	14	unlabeled_or_other	1	1	0.21917861946275852	hom_rarity_soft	6.0	4.047689082125635	0.010833835616317837	0.008407341313855418	0.685	0.0
m.10288G>C	14	unlabeled_or_other	1	1	0.21917861946275852	het_rarity_soft	4.72769879552101	5.214493379045403	0.0014814258484951665	0.004143709854324725	0.38	0.0
m.10288G>C	14	unlabeled_or_other	1	1	0.21917861946275852	no_homoplasmic_signal	1.0	0.0	0.02636014906184486	0.01750627872559285	0.695	0.0
m.10288G>C	14	unlabeled_or_other	1	1	0.21917861946275852	codon_pos1_any	0.0	0.0	-0.000999282757067395	0.00203543616996783	0.0	0.0
m.10288G>C	14	unlabeled_or_other	1	1	0.21917861946275852	codon_pos2_any	1.0	0.0	0.029264966779225875	0.007735481787637425	0.935	0.0
m.10288G>C	14	unlabeled_or_other	1	1	0.21917861946275852	codon_pos3_any	0.0	1.0	0.003629299154172158	0.0022408282488551342	0.725	0.0
m.10288G>C	14	unlabeled_or_other	1	1	0.21917861946275852	phyloP100way	9.631	-8.10937	0.017391467839298305	0.005187141130209578	1.0	0.0
m.2497T>C	15	unlabeled_or_other	1	1	0.2190585977148124	mlc_score	0.93023	0.0	0.032252984389204216	0.004782305692162389	0.99	0.0
m.2497T>C	15	unlabeled_or_other	1	1	0.2190585977148124	rarity_soft	4.95058941817747	4.047689082125635	0.005627403752110587	0.0033812406422691695	0.97	0.0
m.2497T>C	15	unlabeled_or_other	1	1	0.2190585977148124	hom_rarity_soft	6.0	4.047689082125635	0.010465958312867334	0.0076076563028194145	0.725	0.0
m.2497T>C	15	unlabeled_or_other	1	1	0.2190585977148124	het_rarity_soft	4.95058941817747	5.214493379045403	0.0038476068318910057	0.0041277009294188585	0.885	0.0
m.2497T>C	15	unlabeled_or_other	1	1	0.2190585977148124	no_homoplasmic_signal	1.0	0.0	0.026686930452986424	0.01668398731311874	0.72	0.0
m.2497T>C	15	unlabeled_or_other	1	1	0.2190585977148124	codon_pos1_any	0.0	0.0	-0.0009740093939025113	0.0019229068162560585	0.0	0.0
m.2497T>C	15	unlabeled_or_other	1	1	0.2190585977148124	codon_pos2_any	1.0	0.0	0.03203167095669682	0.010404125140322924	0.905	0.0
m.2497T>C	15	unlabeled_or_other	1	1	0.2190585977148124	codon_pos3_any	0.0	1.0	0.005878784697115966	0.0042772527300483885	0.655	0.0
m.2497T>C	15	unlabeled_or_other	1	1	0.2190585977148124	phyloP100way	7.60056	-8.10937	0.01818680620576291	0.005484141832012096	1.0	0.0
m.1570G>A	16	unlabeled_or_other	1	1	0.21892465309256282	mlc_score	0.95899	0.0	0.033002957534193245	0.00510638609355819	0.995	0.0
m.1570G>A	16	unlabeled_or_other	1	1	0.21892465309256282	rarity_soft	5.214493379045403	4.047689082125635	0.004464836483824865	0.0032638153958886346	0.905	0.0
m.1570G>A	16	unlabeled_or_other	1	1	0.21892465309256282	hom_rarity_soft	6.0	4.047689082125635	0.010029314665478808	0.007205526767478378	0.72	0.0
m.1570G>A	16	unlabeled_or_other	1	1	0.21892465309256282	het_rarity_soft	5.214493379045403	5.214493379045403	0.0030753928699076465	0.005450283626160609	0.5	0.0
m.1570G>A	16	unlabeled_or_other	1	1	0.21892465309256282	no_homoplasmic_signal	1.0	0.0	0.023533292488134284	0.014348007803414416	0.73	0.0
m.1570G>A	16	unlabeled_or_other	1	1	0.21892465309256282	codon_pos1_any	0.0	0.0	-0.000878256986986351	0.0019454705396130842	0.0	0.0
m.1570G>A	16	unlabeled_or_other	1	1	0.21892465309256282	codon_pos2_any	1.0	0.0	0.03227642218113235	0.011082990959630909	0.895	0.0
m.1570G>A	16	unlabeled_or_other	1	1	0.21892465309256282	codon_pos3_any	0.0	1.0	0.008213289966622626	0.004500120786655038	0.77	0.0
m.1570G>A	16	unlabeled_or_other	1	1	0.21892465309256282	phyloP100way	7.3762	-8.10937	0.01802209409518647	0.006028544264156165	0.995	0.0
m.6997T>C	17	unlabeled_or_other	1	1	0.21892465309256282	mlc_score	0.95769	0.0	0.031677424608179086	0.007345568066814491	0.985	0.0
m.6997T>C	17	unlabeled_or_other	1	1	0.21892465309256282	rarity_soft	5.214493379045403	4.047689082125635	0.004431139163303531	0.003090064616889536	0.915	0.0
m.6997T>C	17	unlabeled_or_other	1	1	0.21892465309256282	hom_rarity_soft	6.0	4.047689082125635	0.009974153132770175	0.007016250098838297	0.73	0.0
m.6997T>C	17	unlabeled_or_other	1	1	0.21892465309256282	het_rarity_soft	5.214493379045403	5.214493379045403	0.003120240013309382	0.0051115767768525255	0.515	0.0
m.6997T>C	17	unlabeled_or_other	1	1	0.21892465309256282	no_homoplasmic_signal	1.0	0.0	0.023533292488134284	0.014348007803414416	0.73	0.0
m.6997T>C	17	unlabeled_or_other	1	1	0.21892465309256282	codon_pos1_any	0.0	0.0	-0.0006457771963134934	0.0017128533633006843	0.0	0.0
m.6997T>C	17	unlabeled_or_other	1	1	0.21892465309256282	codon_pos2_any	1.0	0.0	0.03317799821971147	0.009808209168076683	0.92	0.0
m.6997T>C	17	unlabeled_or_other	1	1	0.21892465309256282	codon_pos3_any	0.0	1.0	0.007733292501040784	0.0047747456345864385	0.725	0.0
m.6997T>C	17	unlabeled_or_other	1	1	0.21892465309256282	phyloP100way	7.53117	-8.10937	0.018432914297733943	0.005887399232943138	0.99	0.0
m.6193T>C	18	unlabeled_or_other	1	1	0.21878945566380337	mlc_score	0.98473	0.0	0.03157096453107659	0.006274593004438005	0.985	0.0
m.6193T>C	18	unlabeled_or_other	1	1	0.21878945566380337	rarity_soft	4.727691835654954	4.047689082125635	0.004714341924277351	0.0037576356782302446	0.885	0.0
m.6193T>C	18	unlabeled_or_other	1	1	0.21878945566380337	hom_rarity_soft	6.0	4.047689082125635	0.01229524251800377	0.008999755034164041	0.71	0.0
m.6193T>C	18	unlabeled_or_other	1	1	0.21878945566380337	het_rarity_soft	4.727691835654954	5.214493379045403	0.0021413592608553523	0.0037072292971921097	0.45	0.0
m.6193T>C	18	unlabeled_or_other	1	1	0.21878945566380337	no_homoplasmic_signal	1.0	0.0	0.02807604391306993	0.017117676897818127	0.73	0.0
m.6193T>C	18	unlabeled_or_other	1	1	0.21878945566380337	codon_pos1_any	0.0	0.0	-0.0005995378414414965	0.0015548661529795349	0.0	0.0
m.6193T>C	18	unlabeled_or_other	1	1	0.21878945566380337	codon_pos2_any	1.0	0.0	0.029781889981040113	0.009389474204015667	0.91	0.0
m.6193T>C	18	unlabeled_or_other	1	1	0.21878945566380337	codon_pos3_any	0.0	1.0	0.0035022547322534183	0.0022985174106310504	0.7	0.0
m.6193T>C	18	unlabeled_or_other	1	1	0.21878945566380337	phyloP100way	7.53117	-8.10937	0.016377834548280984	0.005468824587438906	0.995	0.0
m.6637T>C	19	unlabeled_or_other	1	1	0.21869219762247372	mlc_score	0.99143	0.0	0.0316677053432313	0.005208638753776658	1.0	0.0
m.6637T>C	19	unlabeled_or_other	1	1	0.21869219762247372	rarity_soft	4.727668636906944	4.047689082125635	0.005225370828566869	0.003835512259936301	0.89	0.0
m.6637T>C	19	unlabeled_or_other	1	1	0.21869219762247372	hom_rarity_soft	6.0	4.047689082125635	0.012606872250184937	0.008686556035160942	0.745	0.0
m.6637T>C	19	unlabeled_or_other	1	1	0.21869219762247372	het_rarity_soft	4.727668636906944	5.214493379045403	0.0019037289350553404	0.00473192338005729	0.475	0.0
m.6637T>C	19	unlabeled_or_other	1	1	0.21869219762247372	no_homoplasmic_signal	1.0	0.0	0.027429599401606834	0.017361103799872428	0.715	0.0
m.6637T>C	19	unlabeled_or_other	1	1	0.21869219762247372	codon_pos1_any	0.0	0.0	-0.0008069609680333406	0.001756503171824599	0.0	0.0
m.6637T>C	19	unlabeled_or_other	1	1	0.21869219762247372	codon_pos2_any	1.0	0.0	0.029840804321839883	0.007887690428676805	0.935	0.0
m.6637T>C	19	unlabeled_or_other	1	1	0.21869219762247372	codon_pos3_any	0.0	1.0	0.003208218261175536	0.0021306390552233486	0.695	0.0
m.6637T>C	19	unlabeled_or_other	1	1	0.21869219762247372	phyloP100way	7.53117	-8.10937	0.01554126019663625	0.005888473078270359	0.995	0.0
m.7201T>C	20	unlabeled_or_other	1	1	0.21869219762247372	mlc_score	0.99324	0.0	0.03152205916657133	0.005498777570435238	0.99	0.0
m.7201T>C	20	unlabeled_or_other	1	1	0.21869219762247372	rarity_soft	4.727684875900433	4.047689082125635	0.004653238715021713	0.003918114680710671	0.845	0.0
m.7201T>C	20	unlabeled_or_other	1	1	0.21869219762247372	hom_rarity_soft	6.0	4.047689082125635	0.012181859091025529	0.008832196173797791	0.705	0.0
m.7201T>C	20	unlabeled_or_other	1	1	0.21869219762247372	het_rarity_soft	4.727684875900433	5.214493379045403	0.0017149301086807245	0.004421781221337642	0.44	0.0
m.7201T>C	20	unlabeled_or_other	1	1	0.21869219762247372	no_homoplasmic_signal	1.0	0.0	0.026662337879883563	0.017706968094379476	0.695	0.0
m.7201T>C	20	unlabeled_or_other	1	1	0.21869219762247372	codon_pos1_any	0.0	0.0	-0.0007377928850590543	0.0016947380258942129	0.0	0.0
m.7201T>C	20	unlabeled_or_other	1	1	0.21869219762247372	codon_pos2_any	1.0	0.0	0.029521651334440527	0.008427308095191086	0.925	0.0
m.7201T>C	20	unlabeled_or_other	1	1	0.21869219762247372	codon_pos3_any	0.0	1.0	0.003277460381920332	0.002099886080907097	0.71	0.0
m.7201T>C	20	unlabeled_or_other	1	1	0.21869219762247372	phyloP100way	7.53117	-8.10937	0.015968990081988904	0.005634283985412973	0.985	0.0
m.750A>G	21	unlabeled_or_other	1	1	0.14931183587965202	mlc_score	0.1702	0.0	-0.006105013482341572	0.0074997391714789995	0.0	0.0
m.750A>G	21	unlabeled_or_other	1	1	0.14931183587965202	rarity_soft	0.0066921676933197	4.047689082125635	0.029161733972864225	0.012737579677503275	1.0	0.0
m.750A>G	21	unlabeled_or_other	1	1	0.14931183587965202	hom_rarity_soft	0.0066921676933197	4.047689082125635	0.036439474647229374	0.015049835013307476	1.0	0.315
m.750A>G	21	unlabeled_or_other	1	1	0.14931183587965202	het_rarity_soft	3.968712751123002	5.214493379045403	-0.006861476534213106	0.010803880754567185	0.385	0.0
m.750A>G	21	unlabeled_or_other	1	1	0.14931183587965202	no_homoplasmic_signal	0.0	0.0	-0.008872936038204406	0.015615153008523579	0.0	0.0
m.750A>G	21	unlabeled_or_other	1	1	0.14931183587965202	codon_pos1_any	1.0	0.0	0.01604023995884925	0.005057080642488371	0.91	0.0
m.750A>G	21	unlabeled_or_other	1	1	0.14931183587965202	codon_pos2_any	0.0	0.0	-0.0011731972548227915	0.005418198686129099	0.0	0.0
m.750A>G	21	unlabeled_or_other	1	1	0.14931183587965202	codon_pos3_any	0.0	1.0	-0.007461064386377624	0.004548934667407882	0.0	0.0
m.750A>G	21	unlabeled_or_other	1	1	0.14931183587965202	phyloP100way	6.79675	-8.10937	0.005788006619958093	0.014313272000767745	0.66	0.0
m.15326A>G	22	unlabeled_or_other	1	1	0.14184965727469334	mlc_score	0.17165	0.0	-0.0036449947042113216	0.006945515058218953	0.135	0.0
m.15326A>G	22	unlabeled_or_other	1	1	0.14184965727469334	rarity_soft	0.002865789320208	4.047689082125635	0.03016942301636061	0.013002147160106975	1.0	0.255
m.15326A>G	22	unlabeled_or_other	1	1	0.14184965727469334	hom_rarity_soft	0.002865789320208	4.047689082125635	0.04034924150953133	0.015854513503079724	1.0	0.53
m.15326A>G	22	unlabeled_or_other	1	1	0.14184965727469334	het_rarity_soft	3.6700451164479535	5.214493379045403	0.002779048092734419	0.009609269333435852	0.505	0.0
m.15326A>G	22	unlabeled_or_other	1	1	0.14184965727469334	no_homoplasmic_signal	0.0	0.0	-0.010671484885271525	0.015595265775009913	0.0	0.0
m.15326A>G	22	unlabeled_or_other	1	1	0.14184965727469334	codon_pos1_any	1.0	0.0	0.016906728565545107	0.008738645899048951	0.79	0.0
m.15326A>G	22	unlabeled_or_other	1	1	0.14184965727469334	codon_pos2_any	0.0	0.0	-0.003373720841117063	0.009620469439975849	0.0	0.0
m.15326A>G	22	unlabeled_or_other	1	1	0.14184965727469334	codon_pos3_any	0.0	1.0	-0.0026204685986819156	0.0016382500389790092	0.0	0.0
m.15326A>G	22	unlabeled_or_other	1	1	0.14184965727469334	phyloP100way	-5.47875	-8.10937	-0.008290151248585979	0.013866327217020883	0.34	0.0
m.16519T>C	23	unlabeled_or_other	1	1	0.1383576596277103	mlc_score	0.13175	0.0	-0.0028845161744597654	0.012074081439119822	0.695	0.0
m.16519T>C	23	unlabeled_or_other	1	1	0.1383576596277103	rarity_soft	0.182268083673266	4.047689082125635	0.03344311560553993	0.010529182485388498	1.0	0.4
m.16519T>C	23	unlabeled_or_other	1	1	0.1383576596277103	hom_rarity_soft	0.182268083673266	4.047689082125635	0.04005073455147084	0.012795560996158117	1.0	0.545
m.16519T>C	23	unlabeled_or_other	1	1	0.1383576596277103	het_rarity_soft	2.80058221743318	5.214493379045403	0.029269326432261263	0.010177867193913132	1.0	0.0
m.16519T>C	23	unlabeled_or_other	1	1	0.1383576596277103	no_homoplasmic_signal	0.0	0.0	-0.007107843995380714	0.013820706527469744	0.0	0.0
m.16519T>C	23	unlabeled_or_other	1	1	0.1383576596277103	codon_pos1_any	0.0	0.0	-0.0024470316614662434	0.00608013547315473	0.0	0.0
m.16519T>C	23	unlabeled_or_other	1	1	0.1383576596277103	codon_pos2_any	0.0	0.0	-0.0020965115605600304	0.007660871459139651	0.0	0.0
m.16519T>C	23	unlabeled_or_other	1	1	0.1383576596277103	codon_pos3_any	0.0	1.0	-0.008586924894267742	0.005973321882271642	0.0	0.0
m.16519T>C	23	unlabeled_or_other	1	1	0.1383576596277103	phyloP100way	-0.286465	-8.10937	-0.015057099859160405	0.011142658017925591	0.14	0.0
m.14149C>A	24	unlabeled_or_other	0	0	0.06322960610137818	mlc_score	0.7	0.0	0.07837133203864602	0.036343357242140134	0.935	0.98
m.14149C>A	24	unlabeled_or_other	0	0	0.06322960610137818	rarity_soft	6.0	4.047689082125635	-0.028660760560490463	0.020564066597204625	0.0	0.35
m.14149C>A	24	unlabeled_or_other	0	0	0.06322960610137818	hom_rarity_soft	6.0	4.047689082125635	-0.013124561968369301	0.011609312853524123	0.0	0.955
m.14149C>A	24	unlabeled_or_other	0	0	0.06322960610137818	het_rarity_soft	6.0	5.214493379045403	-0.02961400431113104	0.028837543807666746	0.0	0.47
m.14149C>A	24	unlabeled_or_other	0	0	0.06322960610137818	no_homoplasmic_signal	1.0	0.0	-0.014827082497951753	0.009846948827471336	0.0	1.0
m.14149C>A	24	unlabeled_or_other	0	0	0.06322960610137818	codon_pos1_any	0.0	0.0	-0.006243821999300783	0.014615089478204482	0.0	0.845
m.14149C>A	24	unlabeled_or_other	0	0	0.06322960610137818	codon_pos2_any	0.0	0.0	-0.008559461979969702	0.023237298661420984	0.0	0.88
m.14149C>A	24	unlabeled_or_other	0	0	0.06322960610137818	codon_pos3_any	1.0	1.0	-0.013592386438875876	0.023920739773187823	0.0	0.755
m.14149C>A	24	unlabeled_or_other	0	0	0.06322960610137818	phyloP100way	0.298205	-8.10937	0.02420330332149386	0.024050506535994703	0.83	1.0
