repeat	fold	method	kind	roc_auc	average_precision	recall_at_target_fpr	realised_fpr	n_pathogenic
0	0	isolation_forest	one_class	0.9422141119221411	0.13237676909261617	0.6111111111111112	0.05596107055961071	18
0	0	single: mlc_score	single_feature	0.8913557718302244	0.05759455377532996	0.3888888888888889	0.06690997566909976	18
0	0	single: phyloP100way	single_feature	0.9842862935928629	0.3548991858940065	1.0	0.04805352798053528	18
0	0	single: hom_rarity_soft	single_feature	0.8404467423628008	0.033177343129915535	0.0	0.0	18
0	0	single: cons_missense	single_feature	0.6554136253041363	0.019477662454873645	0.0	0.0	18
0	0	single: cons_synonymous	single_feature	0.8004866180048662	0.026706231454005934	0.0	0.0	18
0	0	single: cons_truncating	single_feature	0.5018248175182483	0.010869565217391304	0.0	0.0	18
0	0	single: cons_noncoding_rna	single_feature	0.6931265206812653	0.028374346128343036	0.0	0.0	18
0	0	single: cons_intergenic	single_feature	0.5462287104622872	0.011920529801324504	0.0	0.0	18
0	0	supervised model	supervised	0.9995606920789403	0.9572623478841231	1.0	0.052311435523114354	18
0	1	isolation_forest	one_class	0.9630756745790221	0.13672187678769915	0.7222222222222222	0.05356055995130858	18
0	1	single: mlc_score	single_feature	0.8925407452492055	0.06691607677292617	0.4444444444444444	0.051734631771150334	18
0	1	single: phyloP100way	single_feature	0.96070873064178	0.23780619521175647	0.7777777777777778	0.06695069993913573	18
0	1	single: hom_rarity_soft	single_feature	0.7856732264827212	0.027877799917595942	0.0	0.0	18
0	1	single: cons_missense	single_feature	0.5967572868059781	0.014921974550871337	0.0	0.0	18
0	1	single: cons_synonymous	single_feature	0.7991479001825929	0.02654867256637168	0.0	0.0	18
0	1	single: cons_truncating	single_feature	0.5027388922702374	0.010895883777239709	0.0	0.0	18
0	1	single: cons_noncoding_rna	single_feature	0.7510820315141679	0.03959444567670431	0.0	0.0	18
0	1	single: cons_intergenic	single_feature	0.5459525258673159	0.011920529801324504	0.0	0.0	18
0	1	supervised model	supervised	0.9967539054574964	0.7961574233332059	1.0	0.06999391357273281	18
0	2	isolation_forest	one_class	0.9037668222086968	0.08681209307534869	0.5555555555555556	0.05599513085818624	18
0	2	single: mlc_score	single_feature	0.9063366470548455	0.062455999663533546	0.3333333333333333	0.051734631771150334	18
0	2	single: phyloP100way	single_feature	0.9109183742476499	0.15979905022807642	0.5555555555555556	0.04625684723067559	18
0	2	single: hom_rarity_soft	single_feature	0.7540068979509027	0.02495929561992798	0.0	0.0	18
0	2	single: cons_missense	single_feature	0.6357949550280652	0.01819702971839414	0.0	0.0	18
0	2	single: cons_synonymous	single_feature	0.8161898965307365	0.028938906752411574	0.0	0.0	18
0	2	single: cons_truncating	single_feature	0.5042604990870359	0.01092896174863388	0.0	0.0	18
0	2	single: cons_noncoding_rna	single_feature	0.7226956110096706	0.03390305397864082	0.0	0.0	18
0	2	single: cons_intergenic	single_feature	0.5380401704199635	0.01171875	0.0	0.0	18
0	2	supervised model	supervised	0.9810982619868804	0.6858110692629664	0.8888888888888888	0.06390748630553865	18
0	3	isolation_forest	one_class	0.9473524041387706	0.1642822238816028	0.7777777777777778	0.05356055995130858	18
0	3	single: mlc_score	single_feature	0.9285521065801042	0.11769810493801104	0.5555555555555556	0.05782105903834449	18
0	3	single: phyloP100way	single_feature	0.94571245012511	0.1624577855599116	0.7777777777777778	0.0505173463177115	18
0	3	single: hom_rarity_soft	single_feature	0.8235950497058226	0.03025167068462122	0.0	0.0	18
0	3	single: cons_missense	single_feature	0.684959761953067	0.0224530599806538	0.0	0.0	18
0	3	single: cons_synonymous	single_feature	0.8049300060864273	0.027314112291350532	0.0	0.0	18
0	3	single: cons_truncating	single_feature	0.503043213633597	0.010902483343428226	0.0	0.0	18
0	3	single: cons_noncoding_rna	single_feature	0.6707919118144317	0.02610835409129269	0.0	0.0	18
0	3	single: cons_intergenic	single_feature	0.5477784540474742	0.011968085106382979	0.0	0.0	18
0	3	supervised model	supervised	0.9978359369716643	0.8507066208484477	1.0	0.05660377358490566	18
0	4	isolation_forest	one_class	0.9565885516711485	0.18144342117906553	0.631578947368421	0.03102189781021898	19
0	4	single: mlc_score	single_feature	0.8962735305416826	0.09182921083205965	0.3157894736842105	0.04257907542579075	19
0	4	single: phyloP100way	single_feature	0.966496990651812	0.3473483180143765	0.6842105263157895	0.043795620437956206	19
0	4	single: hom_rarity_soft	single_feature	0.7965968754001793	0.030071232609771882	0.0	0.0	19
0	4	single: cons_missense	single_feature	0.6349564604943014	0.01840612996082201	0.0	0.0	19
0	4	single: cons_synonymous	single_feature	0.8041362530413625	0.02865761689291101	0.0	0.0	19
0	4	single: cons_truncating	single_feature	0.5027372262773723	0.011487303506650543	0.0	0.0	19
0	4	single: cons_noncoding_rna	single_feature	0.7099340504546037	0.03386140832733864	0.0	0.0	19
0	4	single: cons_intergenic	single_feature	0.5380170316301703	0.01235370611183355	0.0	0.0	19
0	4	supervised model	supervised	0.9961262645665259	0.8776578752004892	1.0	0.05291970802919708	19
1	0	isolation_forest	one_class	0.9604622871046229	0.14114687209143262	0.6666666666666666	0.04075425790754258	18
1	0	single: mlc_score	single_feature	0.8886523384698567	0.0885966100930499	0.5	0.04562043795620438	18
1	0	single: phyloP100way	single_feature	0.9726953230602866	0.34312751220353416	0.8888888888888888	0.04683698296836983	18
1	0	single: hom_rarity_soft	single_feature	0.8105231143552312	0.030295135049056468	0.0	0.0	18
1	0	single: cons_missense	single_feature	0.7094484995944851	0.02476904752266591	0.0	0.0	18
1	0	single: cons_synonymous	single_feature	0.8065693430656934	0.027522935779816515	0.0	0.0	18
1	0	single: cons_truncating	single_feature	0.5048661800486618	0.010935601458080195	0.0	0.0	18
1	0	single: cons_noncoding_rna	single_feature	0.6406123276561233	0.021413217879628178	0.0	0.0	18
1	0	single: cons_intergenic	single_feature	0.538625304136253	0.011726384364820847	0.0	0.0	18
1	0	supervised model	supervised	0.9973979453906462	0.843694721681715	1.0	0.0681265206812652	18
1	1	isolation_forest	one_class	0.9395076756610536	0.12238800816280059	0.7222222222222222	0.05356055995130858	18
1	1	single: mlc_score	single_feature	0.8955839588828025	0.0632831632963913	0.3888888888888889	0.04990870359099209	18
1	1	single: phyloP100way	single_feature	0.9595590721579765	0.24549503220575847	0.7777777777777778	0.03712720632988436	18
1	1	single: hom_rarity_soft	single_feature	0.7969500236694393	0.027406508878096123	0.0	0.0	18
1	1	single: cons_missense	single_feature	0.6303171704875905	0.01749000364680775	0.0	0.0	18
1	1	single: cons_synonymous	single_feature	0.7982349360925137	0.02643171806167401	0.0	0.0	18
1	1	single: cons_truncating	single_feature	0.5045648204503956	0.010935601458080195	0.0	0.0	18
1	1	single: cons_noncoding_rna	single_feature	0.7156962196523974	0.030776915656534398	0.0	0.0	18
1	1	single: cons_intergenic	single_feature	0.5432136335970785	0.01184990125082291	0.0	0.0	18
1	1	supervised model	supervised	0.9912761209170217	0.8307610759171649	0.9444444444444444	0.05356055995130858	18
1	2	isolation_forest	one_class	0.9257117738554135	0.13029195869470991	0.6111111111111112	0.05599513085818624	18
1	2	single: mlc_score	single_feature	0.8985595455467642	0.06290552380786867	0.3888888888888889	0.07242848447961046	18
1	2	single: phyloP100way	single_feature	0.946895922093731	0.33886467712446605	0.6111111111111112	0.041387705416920266	18
1	2	single: hom_rarity_soft	single_feature	0.7794515452762562	0.02693404779922648	0.0	0.0	18
1	2	single: cons_missense	single_feature	0.6263609927639142	0.017028381533333043	0.0	0.0	18
1	2	single: cons_synonymous	single_feature	0.800060864272672	0.02666666666666667	0.0	0.0	18
1	2	single: cons_truncating	single_feature	0.5018259281801583	0.010876132930513595	0.0	0.0	18
1	2	single: cons_noncoding_rna	single_feature	0.7205653614661527	0.03287473706899756	0.0	0.0	18
1	2	single: cons_intergenic	single_feature	0.5450395617772368	0.011896893588896233	0.0	0.0	18
1	2	supervised model	supervised	0.993237303036451	0.7609807566945912	1.0	0.05660377358490566	18
1	3	isolation_forest	one_class	0.9368702238452695	0.09587154070743573	0.4444444444444444	0.049300060864272674	18
1	3	single: mlc_score	single_feature	0.8892270237370664	0.05537145583794279	0.16666666666666666	0.04382227632379793	18
1	3	single: phyloP100way	single_feature	0.9485865963346183	0.16208537192849892	0.6666666666666666	0.04017041996348144	18
1	3	single: hom_rarity_soft	single_feature	0.825674579022114	0.030865743592402985	0.0	0.0	18
1	3	single: cons_missense	single_feature	0.6520085209981741	0.019013588800107676	0.0	0.0	18
1	3	single: cons_synonymous	single_feature	0.8140596469872186	0.028616852146263912	0.0	0.0	18
1	3	single: cons_truncating	single_feature	0.5024345709068776	0.010889292196007259	0.0	0.0	18
1	3	single: cons_noncoding_rna	single_feature	0.7064820450395619	0.03502368579486042	0.0	0.0	18
1	3	single: cons_intergenic	single_feature	0.5419963481436396	0.011818778726198293	0.0	0.0	18
1	3	supervised model	supervised	0.9987150875769256	0.8769467408618596	1.0	0.06695069993913573	18
1	4	isolation_forest	one_class	0.9550838775771545	0.2562608935052342	0.7368421052631579	0.027980535279805353	19
1	4	single: mlc_score	single_feature	0.9426623127160968	0.13181346325239762	0.5263157894736842	0.03710462287104623	19
1	4	single: phyloP100way	single_feature	0.9446952234601101	0.22096463735950758	0.631578947368421	0.06447688564476886	19
1	4	single: hom_rarity_soft	single_feature	0.788737354334742	0.03053679297066562	0.0	0.0	19
1	4	single: cons_missense	single_feature	0.5926655141503393	0.015589080666461431	0.0	0.0	19
1	4	single: cons_synonymous	single_feature	0.8059610705596107	0.0289193302891933	0.0	0.0	19
1	4	single: cons_truncating	single_feature	0.5009124087591241	0.01144578313253012	0.0	0.0	19
1	4	single: cons_noncoding_rna	single_feature	0.7613490843898066	0.04388961308706655	0.0	0.0	19
1	4	single: cons_intergenic	single_feature	0.5471411192214112	0.012599469496021221	0.0	0.0	19
1	4	supervised model	supervised	0.9889070303495966	0.8980618454622356	0.9473684210526315	0.05474452554744526	19
