scheme	model	macro_f1_mean	macro_f1_std	macro_f1_count	balanced_accuracy_mean	balanced_accuracy_std	balanced_accuracy_count	mcc_mean	mcc_std	mcc_count	quadratic_kappa_mean	quadratic_kappa_std	quadratic_kappa_count	macro_precision_mean	macro_precision_std	macro_precision_count	macro_recall_mean	macro_recall_std	macro_recall_count	roc_auc_mean	roc_auc_std	roc_auc_count	average_precision_mean	average_precision_std	average_precision_count	macro_f1_sem	balanced_accuracy_sem	mcc_sem	quadratic_kappa_sem	macro_precision_sem	macro_recall_sem	roc_auc_sem	average_precision_sem
2class	extra_trees	0.9003057918281666	0.04099058870778414	25	0.8656072410843791	0.05321217855050107	25	0.8070020060420792	0.078814085234202	25	0.8006493586297246	0.08194601172426616	25	0.947614043545576	0.039982039392676	25	0.8656072410843791	0.05321217855050107	25	0.9930242006821708	0.010030381785811471	25	0.8663464230914406	0.07802126527029912	25	0.008198117741556828	0.010642435710100213	0.015762817046840398	0.01638920234485323	0.0079964078785352	0.010642435710100213	0.0020060763571622944	0.015604253054059825
2class	hist_gradient_boosting	0.8970301395153243	0.045471635271440144	25	0.9010637346906947	0.05299795980440946	25	0.797336108932646	0.08917124598926277	25	0.7940860409375865	0.09091792717948421	25	0.8994103182832167	0.05913846059393384	25	0.9010637346906947	0.05299795980440946	25	0.976211861959265	0.031635182125151026	25	0.8051848228575256	0.09008125853089499	25	0.009094327054288028	0.010599591960881892	0.017834249197852554	0.01818358543589684	0.01182769211878677	0.010599591960881892	0.006327036425030205	0.018016251706178998
2class	ordinal_forest	0.8947374563644702	0.037356224376453966	25	0.9041827113145999	0.04925585027472107	25	0.792332839074913	0.07316658021370559	25	0.7894964544502175	0.07469403796274324	25	0.8908822966078637	0.04706967805466961	25	0.9041827113145999	0.04925585027472107	25	0.9923574982015287	0.0068223309961691955	25	0.8229506774498622	0.08412354717092471	25	0.007471244875290793	0.009851170054944213	0.014633316042741118	0.014938807592548647	0.009413935610933923	0.009851170054944213	0.001364466199233839	0.01682470943418494
2class	k_nearest_neighbors	0.894702394422874	0.04120711680119863	25	0.8663968541534117	0.05664568545399206	25	0.7944903925398445	0.07904710568286624	25	0.7894389371905532	0.08237997884544009	25	0.9330357887239401	0.03522134447734456	25	0.8663968541534117	0.05664568545399206	25	0.9480349658755732	0.04381829604826243	25	0.8030424382507086	0.09978315963624237	25	0.008241423360239726	0.011329137090798412	0.01580942113657325	0.016475995769088016	0.007044268895468912	0.011329137090798412	0.008763659209652486	0.019956631927248475
2class	random_forest	0.8923431011147486	0.0380154564973087	25	0.9008493779812666	0.05305015195411481	25	0.7877608123598698	0.07423891955896095	25	0.7847099230968567	0.07600879445544553	25	0.8898544951119594	0.04536977312814926	25	0.9008493779812666	0.05305015195411481	25	0.9905389733948886	0.013748584506294913	25	0.8255582285064252	0.08433435286868311	25	0.0076030912994617394	0.010610030390822962	0.01484778391179219	0.015201758891089106	0.009073954625629852	0.010610030390822962	0.0027497169012589825	0.016866870573736623
2class	svm_rbf	0.8137637293838502	0.04598397117772889	25	0.7556389901669658	0.05357816064721981	25	0.6520461034417747	0.08521775165556902	25	0.6277781095646996	0.09183542870542578	25	0.9214432121722638	0.05725917304879756	25	0.7556389901669658	0.05357816064721981	25	0.9903599495904117	0.0058564794903765765	25	0.7453946942624563	0.08753159695858938	25	0.009196794235545779	0.010715632129443962	0.017043550331113804	0.018367085741085157	0.011451834609759511	0.010715632129443962	0.0011712958980753152	0.017506319391717876
2class	logistic_regression	0.686398268907839	0.021273294422585555	25	0.9572911813366399	0.029046139991571598	25	0.47302090914760464	0.03386759403116523	25	0.37895387408728837	0.04072658274073864	25	0.6229611114867988	0.016094057298321838	25	0.9572911813366399	0.029046139991571598	25	0.9931292233785143	0.005262091317889947	25	0.7843829114014169	0.09150666534626033	25	0.004254658884517111	0.005809227998314319	0.0067735188062330465	0.008145316548147728	0.0032188114596643676	0.005809227998314319	0.0010524182635779894	0.018301333069252065
2class	prior_baseline	0.5025671664209483	0.016154952217216273	25	0.5023047805148904	0.014188840518461447	25	0.005364160805763412	0.032648906801254485	25	0.0053006799008626345	0.03231437728015227	25	0.5031211091352163	0.01878796052996641	25	0.5023047805148904	0.014188840518461447	25	0.5023047805148904	0.014188840518461438	25	0.012036864996869954	0.003035185253988027	25	0.0032309904434432548	0.002837768103692289	0.006529781360250897	0.006462875456030454	0.003757592105993282	0.002837768103692289	0.0028377681036922875	0.0006070370507976054
3class	random_forest	0.6470637022836143	0.03307420232780581	25	0.7543222146544342	0.04605207621081829	25	0.40948288624976653	0.032559949469378555	25	0.5720394023996401	0.036965314112597444	25	0.6153251372449264	0.03777512209365341	25	0.7543222146544342	0.04605207621081829	25	0.9686409251203925	0.007295901240633042	25	0.6353606290128776	0.031350782751346444	25	0.006614840465561161	0.009210415242163658	0.006511989893875711	0.007393062822519489	0.0075550244187306825	0.009210415242163658	0.0014591802481266083	0.006270156550269289
3class	ordinal_forest	0.6378336802489131	0.036195456666996625	25	0.7656040354254984	0.0564945853515711	25	0.3998173758663846	0.03714655261643564	25	0.5332256679253583	0.04085176542526465	25	0.6090399406109693	0.038318196614119025	25	0.7656040354254984	0.0564945853515711	25	0.9690702808147094	0.005520138189940292	25	0.62774357624176	0.03571177627566308	25	0.007239091333399325	0.01129891707031422	0.007429310523287128	0.00817035308505293	0.007663639322823805	0.01129891707031422	0.0011040276379880583	0.007142355255132617
3class	extra_trees	0.6355407628289607	0.026597801496928992	25	0.7759214846149581	0.038983586461743026	25	0.39766751466055256	0.026442719618774493	25	0.5373048438800063	0.0336230100223647	25	0.5933599198542548	0.028115606591188384	25	0.7759214846149581	0.038983586461743026	25	0.9691778569356522	0.003521453772138413	25	0.6296256859929606	0.031866576071401344	25	0.005319560299385798	0.007796717292348605	0.005288543923754899	0.006724602004472941	0.005623121318237677	0.007796717292348605	0.0007042907544276826	0.006373315214280269
3class	hist_gradient_boosting	0.6296759812898121	0.03258798818522018	25	0.703621284566176	0.044674654700269746	25	0.40836940297841656	0.04809051799841991	25	0.5923270802401173	0.0490031158812809	25	0.5934805515391449	0.03578351664462872	25	0.703621284566176	0.044674654700269746	25	0.9669045307505811	0.009579043323779374	25	0.6236047892333483	0.03137640714231881	25	0.0065175976370440356	0.008934930940053949	0.009618103599683982	0.009800623176256181	0.007156703328925744	0.008934930940053949	0.0019158086647558747	0.0062752814284637625
3class	k_nearest_neighbors	0.5844575401695693	0.03472560157576209	25	0.5665239110971513	0.03937281532646645	25	0.47228690583067295	0.056304474130770964	25	0.6605450090933238	0.06681246062470296	25	0.6310935466694878	0.05580961976052994	25	0.5665239110971513	0.03937281532646645	25	0.8272022288716085	0.025614621051423137	25	0.5891084250872385	0.04064419072790965	25	0.006945120315152419	0.00787456306529329	0.011260894826154192	0.013362492124940593	0.011161923952105988	0.00787456306529329	0.0051229242102846274	0.008128838145581931
3class	logistic_regression	0.5357309639941917	0.01940377065805298	25	0.865074635674588	0.03260747938132576	25	0.3502994907898461	0.018967850916821166	25	0.3517455471851953	0.025547396732593295	25	0.48471686445067697	0.01787412476354626	25	0.865074635674588	0.03260747938132576	25	0.9647449718165788	0.004182175194487778	25	0.5955570382006914	0.037677932319596645	25	0.0038807541316105963	0.006521495876265151	0.003793570183364233	0.005109479346518659	0.0035748249527092517	0.006521495876265151	0.0008364350388975556	0.007535586463919329
3class	svm_rbf	0.5237403800089823	0.04215376772569446	25	0.49633411387967735	0.04846597126071277	25	0.4180694811501953	0.06906632489548294	25	0.5236188610133776	0.10218509708237608	25	0.5759475298606609	0.03871291872780001	25	0.49633411387967735	0.04846597126071277	25	0.9615077764394481	0.009065322005128376	25	0.5993907137756739	0.03990352809638762	25	0.008430753545138892	0.009693194252142554	0.013813264979096587	0.020437019416475216	0.007742583745560002	0.009693194252142554	0.0018130644010256752	0.007980705619277524
3class	prior_baseline	0.33133135615605697	0.00872178779191165	25	0.33221906150377783	0.008132960659192529	25	0.001711975409228697	0.02124686585283029	25	0.001354177726889758	0.024936207475669263	25	0.3305094891292185	0.009405546129467356	25	0.33221906150377783	0.008132960659192529	25	0.5001267048243975	0.007471090914470807	25	0.3335907159069657	0.0006444177465696405	25	0.0017443575583823302	0.0016265921318385057	0.004249373170566058	0.004987241495133852	0.0018811092258934712	0.0016265921318385057	0.0014942181828941615	0.0001288835493139281
4class	random_forest	0.5127114554999972	0.03193589266609683	25	0.6690473590024169	0.05554491901759333	25	0.39373464907405537	0.03621827307593687	25	0.6103814900644433	0.039544189917380644	25	0.47611293126840404	0.031143078879810587	25	0.6690473590024169	0.05554491901759333	25	0.9699663830592116	0.005651678784624815	25	0.5087342156630487	0.0297560542461688	25	0.0063871785332193665	0.011108983803518666	0.007243654615187374	0.007908837983476129	0.006228615775962117	0.011108983803518666	0.001130335756924963	0.00595121084923376
4class	extra_trees	0.5073114052203135	0.04435086047522901	25	0.5320720122943166	0.057829935829923684	25	0.4265113953098079	0.054279480301013476	25	0.6869284097295524	0.05643719619615422	25	0.49247105798705604	0.041055339418867944	25	0.5320720122943166	0.057829935829923684	25	0.96738961175762	0.005192182300330753	25	0.5049828110014161	0.030963946129001243	25	0.008870172095045802	0.011565987165984736	0.010855896060202696	0.011287439239230843	0.008211067883773588	0.011565987165984736	0.0010384364600661508	0.006192789225800249
4class	hist_gradient_boosting	0.49214633176560824	0.040736623857631736	25	0.5055336978609231	0.04506528809843873	25	0.44461862650587775	0.05929366446492289	25	0.6886264849783243	0.06345754597031499	25	0.48584370117018344	0.042996954307585086	25	0.5055336978609231	0.04506528809843873	25	0.9449845702621148	0.021130303766411777	25	0.4975147577767507	0.02848545929511176	25	0.008147324771526347	0.009013057619687747	0.011858732892984577	0.012691509194062997	0.008599390861517018	0.009013057619687747	0.004226060753282355	0.005697091859022352
4class	ordinal_forest	0.48225684199205515	0.025658384127342414	25	0.5697323209388363	0.046080483945240384	25	0.3592326418803832	0.03852397043104738	25	0.5903338786406946	0.055806526840560276	25	0.46031191445021774	0.024580423910243447	25	0.5697323209388363	0.046080483945240384	25	0.9656994339547772	0.006155102761017302	25	0.49346496991127414	0.024682432147380345	25	0.005131676825468483	0.009216096789048077	0.007704794086209476	0.011161305368112055	0.004916084782048689	0.009216096789048077	0.0012310205522034605	0.004936486429476069
4class	k_nearest_neighbors	0.4315801288480119	0.02943295654875792	25	0.42160052025482303	0.029071680768014488	25	0.4697729022702488	0.05097185485333859	25	0.6851210631467931	0.06114518281026432	25	0.4666872697763115	0.09379911994175624	25	0.42160052025482303	0.029071680768014488	25	0.7783034257687929	0.02807359599622383	25	0.453094913515011	0.028708009760617437	25	0.005886591309751584	0.005814336153602898	0.010194370970667718	0.012229036562052865	0.01875982398835125	0.005814336153602898	0.0056147191992447654	0.0057416019521234875
4class	logistic_regression	0.43146239300556133	0.0202794422057404	25	0.737442048028068	0.049960924775314046	25	0.3307341639726202	0.02372244536677238	25	0.4114939439559504	0.027484512175115546	25	0.3843324358565544	0.0136057831844924	25	0.737442048028068	0.049960924775314046	25	0.9638860607823151	0.006211654799851486	25	0.45290806331067074	0.02833287111094913	25	0.0040558884411480796	0.00999218495506281	0.004744489073354476	0.005496902435023109	0.00272115663689848	0.00999218495506281	0.001242330959970297	0.005666574222189826
4class	svm_rbf	0.39703641350921454	0.030248065234041246	25	0.37928401121511324	0.03629529584588197	25	0.4236873053719198	0.07732112538431596	25	0.5434374681776191	0.11667385408700497	25	0.429100186706427	0.02788294323256729	25	0.37928401121511324	0.03629529584588197	25	0.9606213016661446	0.009725921959858663	25	0.476203890734517	0.03498184494662806	25	0.006049613046808249	0.007259059169176393	0.015464225076863191	0.023334770817400992	0.005576588646513458	0.007259059169176393	0.0019451843919717326	0.006996368989325612
4class	prior_baseline	0.24925129250110756	0.007080704605712876	25	0.2500307342623559	0.00676837337119008	25	-0.001053392596838447	0.014634513956843216	25	3.344584532438688e-07	0.022227864861228935	25	0.2487707337960994	0.008601235869051435	25	0.2500307342623559	0.00676837337119008	25	0.4997166352017947	0.004810490907464245	25	0.250224900572932	0.0005247584114828202	25	0.0014161409211425752	0.001353674674238016	0.0029269027913686432	0.004445572972245787	0.0017202471738102872	0.001353674674238016	0.000962098181492849	0.00010495168229656405
